table_path,field_name,public_field_name,is_redacted_dynamic_field,row_count,missing_count,missing_rate,unique_count,inferred_type,dictionary_label,dictionary_source,data_role_hint,date_field_hint,leakage_risk_hint,is_candidate_primary_key
data/raw/AACR GENIE Biopharma Collaborative Public/Data Releases/PANC/1.0-public/cBioPortal_files/case_lists/cases_all.txt,key,key,false,5,0,0.0,5,string,待确认,,待确认,,,false
data/raw/AACR GENIE Biopharma Collaborative Public/Data Releases/PANC/1.0-public/cBioPortal_files/case_lists/cases_all.txt,value,value,false,5,0,0.0,<5,string,待确认,,待确认,,,false
data/raw/AACR GENIE Biopharma Collaborative Public/Data Releases/PANC/1.0-public/cBioPortal_files/case_lists/cases_cna.txt,key,key,false,5,0,0.0,5,string,待确认,,待确认,,,false
data/raw/AACR GENIE Biopharma Collaborative Public/Data Releases/PANC/1.0-public/cBioPortal_files/case_lists/cases_cna.txt,value,value,false,5,0,0.0,<5,string,待确认,,待确认,,,false
data/raw/AACR GENIE Biopharma Collaborative Public/Data Releases/PANC/1.0-public/cBioPortal_files/case_lists/cases_cnaseq.txt,key,key,false,5,0,0.0,5,string,待确认,,待确认,,,false
data/raw/AACR GENIE Biopharma Collaborative Public/Data Releases/PANC/1.0-public/cBioPortal_files/case_lists/cases_cnaseq.txt,value,value,false,5,0,0.0,<5,string,待确认,,待确认,,,false
data/raw/AACR GENIE Biopharma Collaborative Public/Data Releases/PANC/1.0-public/cBioPortal_files/case_lists/cases_Pancreatic_Cancer.txt,key,key,false,5,0,0.0,5,string,待确认,,待确认,,,false
data/raw/AACR GENIE Biopharma Collaborative Public/Data Releases/PANC/1.0-public/cBioPortal_files/case_lists/cases_Pancreatic_Cancer.txt,value,value,false,5,0,0.0,5,string,待确认,,待确认,,,false
data/raw/AACR GENIE Biopharma Collaborative Public/Data Releases/PANC/1.0-public/cBioPortal_files/case_lists/cases_sequenced.txt,key,key,false,5,0,0.0,5,string,待确认,,待确认,,,false
data/raw/AACR GENIE Biopharma Collaborative Public/Data Releases/PANC/1.0-public/cBioPortal_files/case_lists/cases_sequenced.txt,value,value,false,5,0,0.0,5,string,待确认,,待确认,,,false
data/raw/AACR GENIE Biopharma Collaborative Public/Data Releases/PANC/1.0-public/cBioPortal_files/case_lists/cases_sv.txt,key,key,false,5,0,0.0,5,string,待确认,,待确认,,,false
data/raw/AACR GENIE Biopharma Collaborative Public/Data Releases/PANC/1.0-public/cBioPortal_files/case_lists/cases_sv.txt,value,value,false,5,0,0.0,<5,string,待确认,,待确认,,,false
data/raw/AACR GENIE Biopharma Collaborative Public/Data Releases/PANC/1.0-public/cBioPortal_files/data_clinical_patient.txt,PATIENT_ID,PATIENT_ID,false,1109,0,0.0,1109,string,待确认,,patient_key_or_patient_level,,,true
data/raw/AACR GENIE Biopharma Collaborative Public/Data Releases/PANC/1.0-public/cBioPortal_files/data_clinical_patient.txt,CA_DMETS_YN,CA_DMETS_YN,false,1109,612,0.551849,<5,boolean,Presence of Distant Metastasis at the Time of Cancer Diagnosis (Stage IV Diagnoses),data/raw/AACR GENIE Biopharma Collaborative Public/Data Releases/PANC/1.0-public/【变量描述表格】GENIE-BPC-PANC-v1.0-public-Variable-Synopsis.xlsx::Variable Synopsis,diagnosis_or_disease_status,,,false
data/raw/AACR GENIE Biopharma Collaborative Public/Data Releases/PANC/1.0-public/cBioPortal_files/data_clinical_patient.txt,CA_GRADE,CA_GRADE,false,1109,584,0.526601,<5,string,Grade or Differentiation of Tumor,data/raw/AACR GENIE Biopharma Collaborative Public/Data Releases/PANC/1.0-public/【变量描述表格】GENIE-BPC-PANC-v1.0-public-Variable-Synopsis.xlsx::Variable Synopsis,diagnosis_or_disease_status,,,false
data/raw/AACR GENIE Biopharma Collaborative Public/Data Releases/PANC/1.0-public/cBioPortal_files/data_clinical_patient.txt,CA_HIST_ADENO_SQUAMOUS,CA_HIST_ADENO_SQUAMOUS,false,1109,0,0.0,5,string,Histology Category,data/raw/AACR GENIE Biopharma Collaborative Public/Data Releases/PANC/1.0-public/【变量描述表格】GENIE-BPC-PANC-v1.0-public-Variable-Synopsis.xlsx::Variable Synopsis,diagnosis_or_disease_status,,,false
data/raw/AACR GENIE Biopharma Collaborative Public/Data Releases/PANC/1.0-public/cBioPortal_files/data_clinical_patient.txt,CA_RESECT_STATUS,CA_RESECT_STATUS,false,1109,<5,0.000902,<5,string,Tumor Resectability Status,data/raw/AACR GENIE Biopharma Collaborative Public/Data Releases/PANC/1.0-public/【变量描述表格】GENIE-BPC-PANC-v1.0-public-Variable-Synopsis.xlsx::Variable Synopsis,diagnosis_or_disease_status,,,false
data/raw/AACR GENIE Biopharma Collaborative Public/Data Releases/PANC/1.0-public/cBioPortal_files/data_clinical_patient.txt,CA_HISTOLOGY,CA_HISTOLOGY,false,1109,401,0.361587,20,string,Histology,data/raw/AACR GENIE Biopharma Collaborative Public/Data Releases/PANC/1.0-public/【变量描述表格】GENIE-BPC-PANC-v1.0-public-Variable-Synopsis.xlsx::Variable Synopsis,diagnosis_or_disease_status,,,false
data/raw/AACR GENIE Biopharma Collaborative Public/Data Releases/PANC/1.0-public/cBioPortal_files/data_clinical_patient.txt,CA_TX_PRE_PATH_STAGE,CA_TX_PRE_PATH_STAGE,false,1109,593,0.534716,<5,mixed_string,Neoadjuvant Chemotherapy or Radiation Therapy Before Pathologic Stage Diagnosis,data/raw/AACR GENIE Biopharma Collaborative Public/Data Releases/PANC/1.0-public/【变量描述表格】GENIE-BPC-PANC-v1.0-public-Variable-Synopsis.xlsx::Variable Synopsis,diagnosis_or_disease_status,,,false
data/raw/AACR GENIE Biopharma Collaborative Public/Data Releases/PANC/1.0-public/cBioPortal_files/data_clinical_patient.txt,DMETS_DX_ADRENAL,DMETS_DX_ADRENAL,false,1109,612,0.551849,<5,boolean,待确认,,diagnosis_or_disease_status,relative_date_or_event_interval; confirm event meaning in data dictionary,,false
data/raw/AACR GENIE Biopharma Collaborative Public/Data Releases/PANC/1.0-public/cBioPortal_files/data_clinical_patient.txt,DMETS_DX_BONE,DMETS_DX_BONE,false,1109,612,0.551849,<5,boolean,待确认,,diagnosis_or_disease_status,relative_date_or_event_interval; confirm event meaning in data dictionary,,false
data/raw/AACR GENIE Biopharma Collaborative Public/Data Releases/PANC/1.0-public/cBioPortal_files/data_clinical_patient.txt,DMETS_DX_BRAIN,DMETS_DX_BRAIN,false,1109,612,0.551849,<5,boolean,待确认,,diagnosis_or_disease_status,relative_date_or_event_interval; confirm event meaning in data dictionary,,false
data/raw/AACR GENIE Biopharma Collaborative Public/Data Releases/PANC/1.0-public/cBioPortal_files/data_clinical_patient.txt,DMETS_DX_LIVER,DMETS_DX_LIVER,false,1109,612,0.551849,<5,boolean,待确认,,diagnosis_or_disease_status,relative_date_or_event_interval; confirm event meaning in data dictionary,,false
data/raw/AACR GENIE Biopharma Collaborative Public/Data Releases/PANC/1.0-public/cBioPortal_files/data_clinical_patient.txt,DMETS_DX_LUNG,DMETS_DX_LUNG,false,1109,612,0.551849,<5,boolean,待确认,,diagnosis_or_disease_status,relative_date_or_event_interval; confirm event meaning in data dictionary,,false
data/raw/AACR GENIE Biopharma Collaborative Public/Data Releases/PANC/1.0-public/cBioPortal_files/data_clinical_patient.txt,DMETS_DX_LYMPH,DMETS_DX_LYMPH,false,1109,612,0.551849,<5,boolean,待确认,,diagnosis_or_disease_status,relative_date_or_event_interval; confirm event meaning in data dictionary,,false
data/raw/AACR GENIE Biopharma Collaborative Public/Data Releases/PANC/1.0-public/cBioPortal_files/data_clinical_patient.txt,DMETS_DX_OTHER,DMETS_DX_OTHER,false,1109,612,0.551849,<5,boolean,待确认,,diagnosis_or_disease_status,relative_date_or_event_interval; confirm event meaning in data dictionary,,false
data/raw/AACR GENIE Biopharma Collaborative Public/Data Releases/PANC/1.0-public/cBioPortal_files/data_clinical_patient.txt,DMETS_DX_PLEURA,DMETS_DX_PLEURA,false,1109,612,0.551849,<5,boolean,待确认,,diagnosis_or_disease_status,relative_date_or_event_interval; confirm event meaning in data dictionary,,false
data/raw/AACR GENIE Biopharma Collaborative Public/Data Releases/PANC/1.0-public/cBioPortal_files/data_clinical_patient.txt,DMETS_DX_SUBC_TISSUE,DMETS_DX_SUBC_TISSUE,false,1109,612,0.551849,<5,boolean,待确认,,diagnosis_or_disease_status,relative_date_or_event_interval; confirm event meaning in data dictionary,,false
data/raw/AACR GENIE Biopharma Collaborative Public/Data Releases/PANC/1.0-public/cBioPortal_files/data_clinical_patient.txt,STAGE_DX,STAGE_DX,false,1109,0,0.0,5,string,Derived Stage at Diagnosis,data/raw/AACR GENIE Biopharma Collaborative Public/Data Releases/PANC/1.0-public/【变量描述表格】GENIE-BPC-PANC-v1.0-public-Variable-Synopsis.xlsx::Variable Synopsis,diagnosis_or_disease_status,,,false
data/raw/AACR GENIE Biopharma Collaborative Public/Data Releases/PANC/1.0-public/cBioPortal_files/data_clinical_patient.txt,BIRTH_YEAR,BIRTH_YEAR,false,1109,0,0.0,60,integer,Year of Birth,data/raw/AACR GENIE Biopharma Collaborative Public/Data Releases/PANC/1.0-public/【变量描述表格】GENIE-BPC-PANC-v1.0-public-Variable-Synopsis.xlsx::Variable Synopsis,待确认,,,false
data/raw/AACR GENIE Biopharma Collaborative Public/Data Releases/PANC/1.0-public/cBioPortal_files/data_clinical_patient.txt,CENTER,CENTER,false,1109,0,0.0,<5,string,待确认,,待确认,,,false
data/raw/AACR GENIE Biopharma Collaborative Public/Data Releases/PANC/1.0-public/cBioPortal_files/data_clinical_patient.txt,N_RT_PT,N_RT_PT,false,1109,0,0.0,8,mixed_integer,Number of Radiation Therapies Curated,data/raw/AACR GENIE Biopharma Collaborative Public/Data Releases/PANC/1.0-public/【变量描述表格】GENIE-BPC-PANC-v1.0-public-Variable-Synopsis.xlsx::Variable Synopsis,待确认,,,false
data/raw/AACR GENIE Biopharma Collaborative Public/Data Releases/PANC/1.0-public/cBioPortal_files/data_clinical_patient.txt,N_CANCERS,N_CANCERS,false,1109,0,0.0,5,mixed_integer,"Number of Cancers, Any Type",data/raw/AACR GENIE Biopharma Collaborative Public/Data Releases/PANC/1.0-public/【变量描述表格】GENIE-BPC-PANC-v1.0-public-Variable-Synopsis.xlsx::Variable Synopsis,待确认,,,false
data/raw/AACR GENIE Biopharma Collaborative Public/Data Releases/PANC/1.0-public/cBioPortal_files/data_clinical_patient.txt,N_CANCERS_INDEX,N_CANCERS_INDEX,false,1109,0,0.0,<5,mixed_integer,Number of BPC Project Cancers (Index Cancers),data/raw/AACR GENIE Biopharma Collaborative Public/Data Releases/PANC/1.0-public/【变量描述表格】GENIE-BPC-PANC-v1.0-public-Variable-Synopsis.xlsx::Variable Synopsis,待确认,,,false
data/raw/AACR GENIE Biopharma Collaborative Public/Data Releases/PANC/1.0-public/cBioPortal_files/data_clinical_patient.txt,N_IMAGING_REPORTS_PT,N_IMAGING_REPORTS_PT,false,1109,0,0.0,63,mixed_integer,Number of Imaging Reports,data/raw/AACR GENIE Biopharma Collaborative Public/Data Releases/PANC/1.0-public/【变量描述表格】GENIE-BPC-PANC-v1.0-public-Variable-Synopsis.xlsx::Variable Synopsis,date_or_relative_time,relative_date_or_event_interval; confirm event meaning in data dictionary,,false
data/raw/AACR GENIE Biopharma Collaborative Public/Data Releases/PANC/1.0-public/cBioPortal_files/data_clinical_patient.txt,N_MD_NOTES_PT,N_MD_NOTES_PT,false,1109,0,0.0,66,mixed_integer,Number of Medical Oncologist Assessments Curated,data/raw/AACR GENIE Biopharma Collaborative Public/Data Releases/PANC/1.0-public/【变量描述表格】GENIE-BPC-PANC-v1.0-public-Variable-Synopsis.xlsx::Variable Synopsis,待确认,,,false
data/raw/AACR GENIE Biopharma Collaborative Public/Data Releases/PANC/1.0-public/cBioPortal_files/data_clinical_patient.txt,N_TM_CA19_9_PT,N_TM_CA19_9_PT,false,1109,0,0.0,72,mixed_integer,Number of Tumor Marker CA19-9 Results,data/raw/AACR GENIE Biopharma Collaborative Public/Data Releases/PANC/1.0-public/【变量描述表格】GENIE-BPC-PANC-v1.0-public-Variable-Synopsis.xlsx::Variable Synopsis,待确认,,,false
data/raw/AACR GENIE Biopharma Collaborative Public/Data Releases/PANC/1.0-public/cBioPortal_files/data_clinical_patient.txt,N_TM_CEA_PT,N_TM_CEA_PT,false,1109,0,0.0,51,mixed_integer,Number of Tumor Marker CEA Results,data/raw/AACR GENIE Biopharma Collaborative Public/Data Releases/PANC/1.0-public/【变量描述表格】GENIE-BPC-PANC-v1.0-public-Variable-Synopsis.xlsx::Variable Synopsis,待确认,,,false
data/raw/AACR GENIE Biopharma Collaborative Public/Data Releases/PANC/1.0-public/cBioPortal_files/data_clinical_patient.txt,N_TM_PT,N_TM_PT,false,1109,0,0.0,91,mixed_integer,Number of Tumor Marker Results,data/raw/AACR GENIE Biopharma Collaborative Public/Data Releases/PANC/1.0-public/【变量描述表格】GENIE-BPC-PANC-v1.0-public-Variable-Synopsis.xlsx::Variable Synopsis,待确认,,,false
data/raw/AACR GENIE Biopharma Collaborative Public/Data Releases/PANC/1.0-public/cBioPortal_files/data_clinical_patient.txt,N_PATH_REPORTS_PT,N_PATH_REPORTS_PT,false,1109,0,0.0,18,mixed_integer,Number of Pathology Reports,data/raw/AACR GENIE Biopharma Collaborative Public/Data Releases/PANC/1.0-public/【变量描述表格】GENIE-BPC-PANC-v1.0-public-Variable-Synopsis.xlsx::Variable Synopsis,date_or_relative_time,relative_date_or_event_interval; confirm event meaning in data dictionary,,false
data/raw/AACR GENIE Biopharma Collaborative Public/Data Releases/PANC/1.0-public/cBioPortal_files/data_clinical_patient.txt,N_REGIMENS_PT,N_REGIMENS_PT,false,1109,0,0.0,14,mixed_integer,Number of Cancer-Directed Regimens Curated,data/raw/AACR GENIE Biopharma Collaborative Public/Data Releases/PANC/1.0-public/【变量描述表格】GENIE-BPC-PANC-v1.0-public-Variable-Synopsis.xlsx::Variable Synopsis,treatment,,,false
data/raw/AACR GENIE Biopharma Collaborative Public/Data Releases/PANC/1.0-public/cBioPortal_files/data_clinical_patient.txt,N_SCANS_CT_PT,N_SCANS_CT_PT,false,1109,0,0.0,53,mixed_integer,Number of CT Scans,data/raw/AACR GENIE Biopharma Collaborative Public/Data Releases/PANC/1.0-public/【变量描述表格】GENIE-BPC-PANC-v1.0-public-Variable-Synopsis.xlsx::Variable Synopsis,待确认,,,false
data/raw/AACR GENIE Biopharma Collaborative Public/Data Releases/PANC/1.0-public/cBioPortal_files/data_clinical_patient.txt,N_SCANS_MRI_PT,N_SCANS_MRI_PT,false,1109,0,0.0,23,mixed_integer,Number of MRIs,data/raw/AACR GENIE Biopharma Collaborative Public/Data Releases/PANC/1.0-public/【变量描述表格】GENIE-BPC-PANC-v1.0-public-Variable-Synopsis.xlsx::Variable Synopsis,待确认,,,false
data/raw/AACR GENIE Biopharma Collaborative Public/Data Releases/PANC/1.0-public/cBioPortal_files/data_clinical_patient.txt,N_SCANS_PET_CT_PT,N_SCANS_PET_CT_PT,false,1109,0,0.0,12,mixed_integer,Number of PET or PET-CT Scans,data/raw/AACR GENIE Biopharma Collaborative Public/Data Releases/PANC/1.0-public/【变量描述表格】GENIE-BPC-PANC-v1.0-public-Variable-Synopsis.xlsx::Variable Synopsis,待确认,,,false
data/raw/AACR GENIE Biopharma Collaborative Public/Data Releases/PANC/1.0-public/cBioPortal_files/data_clinical_patient.txt,ETHNICITY,ETHNICITY,false,1109,0,0.0,<5,string,待确认,,待确认,,,false
data/raw/AACR GENIE Biopharma Collaborative Public/Data Releases/PANC/1.0-public/cBioPortal_files/data_clinical_patient.txt,PRIMARY_RACE,PRIMARY_RACE,false,1109,0,0.0,6,string,待确认,,待确认,,,false
data/raw/AACR GENIE Biopharma Collaborative Public/Data Releases/PANC/1.0-public/cBioPortal_files/data_clinical_patient.txt,SEX,SEX,false,1109,0,0.0,<5,string,待确认,,待确认,,,false
data/raw/AACR GENIE Biopharma Collaborative Public/Data Releases/PANC/1.0-public/cBioPortal_files/data_clinical_sample.txt,SAMPLE_ID,SAMPLE_ID,false,1130,0,0.0,1130,string,待确认,,sample_or_ngs_key,,,true
data/raw/AACR GENIE Biopharma Collaborative Public/Data Releases/PANC/1.0-public/cBioPortal_files/data_clinical_sample.txt,ONCOTREE_CODE,ONCOTREE_CODE,false,1130,0,0.0,<5,string,待确认,,待确认,,,false
data/raw/AACR GENIE Biopharma Collaborative Public/Data Releases/PANC/1.0-public/cBioPortal_files/data_clinical_sample.txt,SEQ_ASSAY_ID,SEQ_ASSAY_ID,false,1130,0,0.0,14,string,待确认,,待确认,,,false
data/raw/AACR GENIE Biopharma Collaborative Public/Data Releases/PANC/1.0-public/cBioPortal_files/data_clinical_sample.txt,AGE_AT_SEQUENCING,AGE_AT_SEQUENCING,false,1130,0,0.0,57,integer,待确认,,待确认,,,false
data/raw/AACR GENIE Biopharma Collaborative Public/Data Releases/PANC/1.0-public/cBioPortal_files/data_clinical_sample.txt,PATIENT_ID,PATIENT_ID,false,1130,0,0.0,1109,string,待确认,,patient_key_or_patient_level,,,false
data/raw/AACR GENIE Biopharma Collaborative Public/Data Releases/PANC/1.0-public/cBioPortal_files/data_clinical_sample.txt,SAMPLE_TYPE_DETAILED,SAMPLE_TYPE_DETAILED,false,1130,<5,0.00354,<5,string,待确认,,sample_or_ngs_key,,,false
data/raw/AACR GENIE Biopharma Collaborative Public/Data Releases/PANC/1.0-public/cBioPortal_files/data_clinical_sample.txt,PDL1_POSITIVE_ANY,PDL1_POSITIVE_ANY,false,1130,1119,0.990265,<5,boolean,Any Positive PD-L1 Result Reported on Pathology Report,data/raw/AACR GENIE Biopharma Collaborative Public/Data Releases/PANC/1.0-public/【变量描述表格】GENIE-BPC-PANC-v1.0-public-Variable-Synopsis.xlsx::Variable Synopsis,待确认,,,false
data/raw/AACR GENIE Biopharma Collaborative Public/Data Releases/PANC/1.0-public/cBioPortal_files/data_clinical_sample.txt,PDL1_TESTING,PDL1_TESTING,false,1130,0,0.0,<5,boolean,Any PD-L1 Testing Reported on Pathology Report,data/raw/AACR GENIE Biopharma Collaborative Public/Data Releases/PANC/1.0-public/【变量描述表格】GENIE-BPC-PANC-v1.0-public-Variable-Synopsis.xlsx::Variable Synopsis,待确认,,,false
data/raw/AACR GENIE Biopharma Collaborative Public/Data Releases/PANC/1.0-public/cBioPortal_files/data_clinical_sample.txt,CPT_SEQ_DATE,CPT_SEQ_DATE,false,1130,<5,0.00177,6,integer,Year of Next Generation Sequencing,data/raw/AACR GENIE Biopharma Collaborative Public/Data Releases/PANC/1.0-public/【变量描述表格】GENIE-BPC-PANC-v1.0-public-Variable-Synopsis.xlsx::Variable Synopsis,date_or_relative_time,relative_date_or_event_interval; confirm event meaning in data dictionary,,false
data/raw/AACR GENIE Biopharma Collaborative Public/Data Releases/PANC/1.0-public/cBioPortal_files/data_clinical_supp_survival.txt,PATIENT_ID,PATIENT_ID,false,1109,0,0.0,1109,string,待确认,,patient_key_or_patient_level,,,true
data/raw/AACR GENIE Biopharma Collaborative Public/Data Releases/PANC/1.0-public/cBioPortal_files/data_clinical_supp_survival.txt,PFS_I_ADV_STATUS,PFS_I_ADV_STATUS,false,1109,88,0.079351,<5,string,Progression Free Survival-Imaging (PFS-I): Status Indicator,data/raw/AACR GENIE Biopharma Collaborative Public/Data Releases/PANC/1.0-public/【变量描述表格】GENIE-BPC-PANC-v1.0-public-Variable-Synopsis.xlsx::Variable Synopsis,outcome,,potential_future_or_outcome_field; exclude from t0 inputs unless time-aligned,false
data/raw/AACR GENIE Biopharma Collaborative Public/Data Releases/PANC/1.0-public/cBioPortal_files/data_clinical_supp_survival.txt,PFS_M_ADV_STATUS,PFS_M_ADV_STATUS,false,1109,88,0.079351,<5,string,Progression Free Survival - Medical Oncologist Assessment (PFS-M): Status Indicator,data/raw/AACR GENIE Biopharma Collaborative Public/Data Releases/PANC/1.0-public/【变量描述表格】GENIE-BPC-PANC-v1.0-public-Variable-Synopsis.xlsx::Variable Synopsis,outcome,,potential_future_or_outcome_field; exclude from t0 inputs unless time-aligned,false
data/raw/AACR GENIE Biopharma Collaborative Public/Data Releases/PANC/1.0-public/cBioPortal_files/data_clinical_supp_survival.txt,PFS_I_ADV_MONTHS,PFS_I_ADV_MONTHS,false,1109,88,0.079351,502,float,待确认,,outcome,,potential_future_or_outcome_field; exclude from t0 inputs unless time-aligned,false
data/raw/AACR GENIE Biopharma Collaborative Public/Data Releases/PANC/1.0-public/cBioPortal_files/data_clinical_supp_survival.txt,PFS_M_ADV_MONTHS,PFS_M_ADV_MONTHS,false,1109,88,0.079351,540,float,待确认,,outcome,,potential_future_or_outcome_field; exclude from t0 inputs unless time-aligned,false
data/raw/AACR GENIE Biopharma Collaborative Public/Data Releases/PANC/1.0-public/cBioPortal_files/data_clinical_supp_survival.txt,OS_STATUS,OS_STATUS,false,1109,0,0.0,<5,string,待确认,,outcome,,potential_future_or_outcome_field; exclude from t0 inputs unless time-aligned,false
data/raw/AACR GENIE Biopharma Collaborative Public/Data Releases/PANC/1.0-public/cBioPortal_files/data_clinical_supp_survival.txt,OS_MONTHS,OS_MONTHS,false,1109,0,0.0,810,float,待确认,,outcome,,potential_future_or_outcome_field; exclude from t0 inputs unless time-aligned,false
data/raw/AACR GENIE Biopharma Collaborative Public/Data Releases/PANC/1.0-public/cBioPortal_files/data_clinical_supp_survival_treatment.txt,PATIENT_ID,PATIENT_ID,false,1002,0,0.0,1002,string,待确认,,patient_key_or_patient_level,,,true
data/raw/AACR GENIE Biopharma Collaborative Public/Data Releases/PANC/1.0-public/cBioPortal_files/data_clinical_supp_survival_treatment.txt,OS_1794_STATUS,OS_1794_STATUS,false,1002,818,0.816367,<5,string,待确认,,outcome,,potential_future_or_outcome_field; exclude from t0 inputs unless time-aligned,false
data/raw/AACR GENIE Biopharma Collaborative Public/Data Releases/PANC/1.0-public/cBioPortal_files/data_clinical_supp_survival_treatment.txt,PFS_1794_IMAGING_STATUS,PFS_1794_IMAGING_STATUS,false,1002,906,0.904192,<5,string,待确认,,outcome,,potential_future_or_outcome_field; exclude from t0 inputs unless time-aligned,false
data/raw/AACR GENIE Biopharma Collaborative Public/Data Releases/PANC/1.0-public/cBioPortal_files/data_clinical_supp_survival_treatment.txt,PFS_1794_MED_STATUS,PFS_1794_MED_STATUS,false,1002,906,0.904192,<5,string,待确认,,outcome,,potential_future_or_outcome_field; exclude from t0 inputs unless time-aligned,false
data/raw/AACR GENIE Biopharma Collaborative Public/Data Releases/PANC/1.0-public/cBioPortal_files/data_clinical_supp_survival_treatment.txt,OS_1794_MONTHS,OS_1794_MONTHS,false,1002,818,0.816367,175,float,待确认,,outcome,,potential_future_or_outcome_field; exclude from t0 inputs unless time-aligned,false
data/raw/AACR GENIE Biopharma Collaborative Public/Data Releases/PANC/1.0-public/cBioPortal_files/data_clinical_supp_survival_treatment.txt,PFS_1794_IMAGING_MONTHS,PFS_1794_IMAGING_MONTHS,false,1002,906,0.904192,86,float,待确认,,outcome,,potential_future_or_outcome_field; exclude from t0 inputs unless time-aligned,false
data/raw/AACR GENIE Biopharma Collaborative Public/Data Releases/PANC/1.0-public/cBioPortal_files/data_clinical_supp_survival_treatment.txt,PFS_1794_MED_MONTHS,PFS_1794_MED_MONTHS,false,1002,906,0.904192,84,float,待确认,,outcome,,potential_future_or_outcome_field; exclude from t0 inputs unless time-aligned,false
data/raw/AACR GENIE Biopharma Collaborative Public/Data Releases/PANC/1.0-public/cBioPortal_files/data_clinical_supp_survival_treatment.txt,OS_1794_961_STATUS,OS_1794_961_STATUS,false,1002,892,0.89022,<5,string,待确认,,outcome,,potential_future_or_outcome_field; exclude from t0 inputs unless time-aligned,false
data/raw/AACR GENIE Biopharma Collaborative Public/Data Releases/PANC/1.0-public/cBioPortal_files/data_clinical_supp_survival_treatment.txt,PFS_1794_961_IMAGING_STATUS,PFS_1794_961_IMAGING_STATUS,false,1002,944,0.942116,<5,string,待确认,,outcome,,potential_future_or_outcome_field; exclude from t0 inputs unless time-aligned,false
data/raw/AACR GENIE Biopharma Collaborative Public/Data Releases/PANC/1.0-public/cBioPortal_files/data_clinical_supp_survival_treatment.txt,PFS_1794_961_MED_STATUS,PFS_1794_961_MED_STATUS,false,1002,944,0.942116,<5,string,待确认,,outcome,,potential_future_or_outcome_field; exclude from t0 inputs unless time-aligned,false
data/raw/AACR GENIE Biopharma Collaborative Public/Data Releases/PANC/1.0-public/cBioPortal_files/data_clinical_supp_survival_treatment.txt,OS_1794_961_MONTHS,OS_1794_961_MONTHS,false,1002,892,0.89022,108,float,待确认,,outcome,,potential_future_or_outcome_field; exclude from t0 inputs unless time-aligned,false
data/raw/AACR GENIE Biopharma Collaborative Public/Data Releases/PANC/1.0-public/cBioPortal_files/data_clinical_supp_survival_treatment.txt,PFS_1794_961_IMAGING_MONTHS,PFS_1794_961_IMAGING_MONTHS,false,1002,944,0.942116,54,float,待确认,,outcome,,potential_future_or_outcome_field; exclude from t0 inputs unless time-aligned,false
data/raw/AACR GENIE Biopharma Collaborative Public/Data Releases/PANC/1.0-public/cBioPortal_files/data_clinical_supp_survival_treatment.txt,PFS_1794_961_MED_MONTHS,PFS_1794_961_MED_MONTHS,false,1002,944,0.942116,52,float,待确认,,outcome,,potential_future_or_outcome_field; exclude from t0 inputs unless time-aligned,false
data/raw/AACR GENIE Biopharma Collaborative Public/Data Releases/PANC/1.0-public/cBioPortal_files/data_clinical_supp_survival_treatment.txt,OS_1794_1181_STATUS,OS_1794_1181_STATUS,false,1002,986,0.984032,<5,string,待确认,,outcome,,potential_future_or_outcome_field; exclude from t0 inputs unless time-aligned,false
data/raw/AACR GENIE Biopharma Collaborative Public/Data Releases/PANC/1.0-public/cBioPortal_files/data_clinical_supp_survival_treatment.txt,PFS_1794_1181_IMAGING_STATUS,PFS_1794_1181_IMAGING_STATUS,false,1002,988,0.986028,<5,string,待确认,,outcome,,potential_future_or_outcome_field; exclude from t0 inputs unless time-aligned,false
data/raw/AACR GENIE Biopharma Collaborative Public/Data Releases/PANC/1.0-public/cBioPortal_files/data_clinical_supp_survival_treatment.txt,PFS_1794_1181_MED_STATUS,PFS_1794_1181_MED_STATUS,false,1002,988,0.986028,<5,string,待确认,,outcome,,potential_future_or_outcome_field; exclude from t0 inputs unless time-aligned,false
data/raw/AACR GENIE Biopharma Collaborative Public/Data Releases/PANC/1.0-public/cBioPortal_files/data_clinical_supp_survival_treatment.txt,OS_1794_1181_MONTHS,OS_1794_1181_MONTHS,false,1002,986,0.984032,16,float,待确认,,outcome,,potential_future_or_outcome_field; exclude from t0 inputs unless time-aligned,false
data/raw/AACR GENIE Biopharma Collaborative Public/Data Releases/PANC/1.0-public/cBioPortal_files/data_clinical_supp_survival_treatment.txt,PFS_1794_1181_IMAGING_MONTHS,PFS_1794_1181_IMAGING_MONTHS,false,1002,988,0.986028,14,float,待确认,,outcome,,potential_future_or_outcome_field; exclude from t0 inputs unless time-aligned,false
data/raw/AACR GENIE Biopharma Collaborative Public/Data Releases/PANC/1.0-public/cBioPortal_files/data_clinical_supp_survival_treatment.txt,PFS_1794_1181_MED_MONTHS,PFS_1794_1181_MED_MONTHS,false,1002,988,0.986028,14,float,待确认,,outcome,,potential_future_or_outcome_field; exclude from t0 inputs unless time-aligned,false
data/raw/AACR GENIE Biopharma Collaborative Public/Data Releases/PANC/1.0-public/cBioPortal_files/data_clinical_supp_survival_treatment.txt,OS_376_961_STATUS,OS_376_961_STATUS,false,1002,967,0.96507,<5,string,待确认,,outcome,,potential_future_or_outcome_field; exclude from t0 inputs unless time-aligned,false
data/raw/AACR GENIE Biopharma Collaborative Public/Data Releases/PANC/1.0-public/cBioPortal_files/data_clinical_supp_survival_treatment.txt,PFS_376_961_IMAGING_STATUS,PFS_376_961_IMAGING_STATUS,false,1002,970,0.968064,<5,string,待确认,,outcome,,potential_future_or_outcome_field; exclude from t0 inputs unless time-aligned,false
data/raw/AACR GENIE Biopharma Collaborative Public/Data Releases/PANC/1.0-public/cBioPortal_files/data_clinical_supp_survival_treatment.txt,PFS_376_961_MED_STATUS,PFS_376_961_MED_STATUS,false,1002,970,0.968064,<5,string,待确认,,outcome,,potential_future_or_outcome_field; exclude from t0 inputs unless time-aligned,false
data/raw/AACR GENIE Biopharma Collaborative Public/Data Releases/PANC/1.0-public/cBioPortal_files/data_clinical_supp_survival_treatment.txt,OS_376_961_MONTHS,OS_376_961_MONTHS,false,1002,967,0.96507,35,float,待确认,,outcome,,potential_future_or_outcome_field; exclude from t0 inputs unless time-aligned,false
data/raw/AACR GENIE Biopharma Collaborative Public/Data Releases/PANC/1.0-public/cBioPortal_files/data_clinical_supp_survival_treatment.txt,PFS_376_961_IMAGING_MONTHS,PFS_376_961_IMAGING_MONTHS,false,1002,970,0.968064,29,float,待确认,,outcome,,potential_future_or_outcome_field; exclude from t0 inputs unless time-aligned,false
data/raw/AACR GENIE Biopharma Collaborative Public/Data Releases/PANC/1.0-public/cBioPortal_files/data_clinical_supp_survival_treatment.txt,PFS_376_961_MED_MONTHS,PFS_376_961_MED_MONTHS,false,1002,970,0.968064,29,float,待确认,,outcome,,potential_future_or_outcome_field; exclude from t0 inputs unless time-aligned,false
data/raw/AACR GENIE Biopharma Collaborative Public/Data Releases/PANC/1.0-public/cBioPortal_files/data_clinical_supp_survival_treatment.txt,OS_376_961_2688_STATUS,OS_376_961_2688_STATUS,false,1002,990,0.988024,<5,string,待确认,,outcome,,potential_future_or_outcome_field; exclude from t0 inputs unless time-aligned,false
data/raw/AACR GENIE Biopharma Collaborative Public/Data Releases/PANC/1.0-public/cBioPortal_files/data_clinical_supp_survival_treatment.txt,PFS_376_961_2688_IMAGING_STATUS,PFS_376_961_2688_IMAGING_STATUS,false,1002,991,0.989022,<5,string,待确认,,outcome,,potential_future_or_outcome_field; exclude from t0 inputs unless time-aligned,false
data/raw/AACR GENIE Biopharma Collaborative Public/Data Releases/PANC/1.0-public/cBioPortal_files/data_clinical_supp_survival_treatment.txt,PFS_376_961_2688_MED_STATUS,PFS_376_961_2688_MED_STATUS,false,1002,991,0.989022,<5,string,待确认,,outcome,,potential_future_or_outcome_field; exclude from t0 inputs unless time-aligned,false
data/raw/AACR GENIE Biopharma Collaborative Public/Data Releases/PANC/1.0-public/cBioPortal_files/data_clinical_supp_survival_treatment.txt,OS_376_961_2688_MONTHS,OS_376_961_2688_MONTHS,false,1002,990,0.988024,12,float,待确认,,outcome,,potential_future_or_outcome_field; exclude from t0 inputs unless time-aligned,false
data/raw/AACR GENIE Biopharma Collaborative Public/Data Releases/PANC/1.0-public/cBioPortal_files/data_clinical_supp_survival_treatment.txt,PFS_376_961_2688_IMAGING_MONTHS,PFS_376_961_2688_IMAGING_MONTHS,false,1002,991,0.989022,11,float,待确认,,outcome,,potential_future_or_outcome_field; exclude from t0 inputs unless time-aligned,false
data/raw/AACR GENIE Biopharma Collaborative Public/Data Releases/PANC/1.0-public/cBioPortal_files/data_clinical_supp_survival_treatment.txt,PFS_376_961_2688_MED_MONTHS,PFS_376_961_2688_MED_MONTHS,false,1002,991,0.989022,11,float,待确认,,outcome,,potential_future_or_outcome_field; exclude from t0 inputs unless time-aligned,false
data/raw/AACR GENIE Biopharma Collaborative Public/Data Releases/PANC/1.0-public/cBioPortal_files/data_clinical_supp_survival_treatment.txt,OS_505_STATUS,OS_505_STATUS,false,1002,976,0.974052,<5,string,待确认,,outcome,,potential_future_or_outcome_field; exclude from t0 inputs unless time-aligned,false
data/raw/AACR GENIE Biopharma Collaborative Public/Data Releases/PANC/1.0-public/cBioPortal_files/data_clinical_supp_survival_treatment.txt,PFS_505_IMAGING_STATUS,PFS_505_IMAGING_STATUS,false,1002,989,0.987026,<5,string,待确认,,outcome,,potential_future_or_outcome_field; exclude from t0 inputs unless time-aligned,false
data/raw/AACR GENIE Biopharma Collaborative Public/Data Releases/PANC/1.0-public/cBioPortal_files/data_clinical_supp_survival_treatment.txt,PFS_505_MED_STATUS,PFS_505_MED_STATUS,false,1002,989,0.987026,<5,string,待确认,,outcome,,potential_future_or_outcome_field; exclude from t0 inputs unless time-aligned,false
data/raw/AACR GENIE Biopharma Collaborative Public/Data Releases/PANC/1.0-public/cBioPortal_files/data_clinical_supp_survival_treatment.txt,OS_505_MONTHS,OS_505_MONTHS,false,1002,976,0.974052,26,float,待确认,,outcome,,potential_future_or_outcome_field; exclude from t0 inputs unless time-aligned,false
data/raw/AACR GENIE Biopharma Collaborative Public/Data Releases/PANC/1.0-public/cBioPortal_files/data_clinical_supp_survival_treatment.txt,PFS_505_IMAGING_MONTHS,PFS_505_IMAGING_MONTHS,false,1002,989,0.987026,13,float,待确认,,outcome,,potential_future_or_outcome_field; exclude from t0 inputs unless time-aligned,false
data/raw/AACR GENIE Biopharma Collaborative Public/Data Releases/PANC/1.0-public/cBioPortal_files/data_clinical_supp_survival_treatment.txt,PFS_505_MED_MONTHS,PFS_505_MED_MONTHS,false,1002,989,0.987026,13,float,待确认,,outcome,,potential_future_or_outcome_field; exclude from t0 inputs unless time-aligned,false
data/raw/AACR GENIE Biopharma Collaborative Public/Data Releases/PANC/1.0-public/cBioPortal_files/data_clinical_supp_survival_treatment.txt,OS_505_1381_607_STATUS,OS_505_1381_607_STATUS,false,1002,902,0.9002,<5,string,待确认,,outcome,,potential_future_or_outcome_field; exclude from t0 inputs unless time-aligned,false
data/raw/AACR GENIE Biopharma Collaborative Public/Data Releases/PANC/1.0-public/cBioPortal_files/data_clinical_supp_survival_treatment.txt,PFS_505_1381_607_IMAGING_STATUS,PFS_505_1381_607_IMAGING_STATUS,false,1002,906,0.904192,<5,string,待确认,,outcome,,potential_future_or_outcome_field; exclude from t0 inputs unless time-aligned,false
data/raw/AACR GENIE Biopharma Collaborative Public/Data Releases/PANC/1.0-public/cBioPortal_files/data_clinical_supp_survival_treatment.txt,PFS_505_1381_607_MED_STATUS,PFS_505_1381_607_MED_STATUS,false,1002,906,0.904192,<5,string,待确认,,outcome,,potential_future_or_outcome_field; exclude from t0 inputs unless time-aligned,false
data/raw/AACR GENIE Biopharma Collaborative Public/Data Releases/PANC/1.0-public/cBioPortal_files/data_clinical_supp_survival_treatment.txt,OS_505_1381_607_MONTHS,OS_505_1381_607_MONTHS,false,1002,902,0.9002,95,float,待确认,,outcome,,potential_future_or_outcome_field; exclude from t0 inputs unless time-aligned,false
data/raw/AACR GENIE Biopharma Collaborative Public/Data Releases/PANC/1.0-public/cBioPortal_files/data_clinical_supp_survival_treatment.txt,PFS_505_1381_607_IMAGING_MONTHS,PFS_505_1381_607_IMAGING_MONTHS,false,1002,906,0.904192,79,float,待确认,,outcome,,potential_future_or_outcome_field; exclude from t0 inputs unless time-aligned,false
data/raw/AACR GENIE Biopharma Collaborative Public/Data Releases/PANC/1.0-public/cBioPortal_files/data_clinical_supp_survival_treatment.txt,PFS_505_1381_607_MED_MONTHS,PFS_505_1381_607_MED_MONTHS,false,1002,906,0.904192,72,float,待确认,,outcome,,potential_future_or_outcome_field; exclude from t0 inputs unless time-aligned,false
data/raw/AACR GENIE Biopharma Collaborative Public/Data Releases/PANC/1.0-public/cBioPortal_files/data_clinical_supp_survival_treatment.txt,OS_505_1381_607_1181_STATUS,OS_505_1381_607_1181_STATUS,false,1002,395,0.394212,<5,string,待确认,,outcome,,potential_future_or_outcome_field; exclude from t0 inputs unless time-aligned,false
data/raw/AACR GENIE Biopharma Collaborative Public/Data Releases/PANC/1.0-public/cBioPortal_files/data_clinical_supp_survival_treatment.txt,PFS_505_1381_607_1181_IMAGING_STATUS,PFS_505_1381_607_1181_IMAGING_STATUS,false,1002,589,0.587824,<5,string,待确认,,outcome,,potential_future_or_outcome_field; exclude from t0 inputs unless time-aligned,false
data/raw/AACR GENIE Biopharma Collaborative Public/Data Releases/PANC/1.0-public/cBioPortal_files/data_clinical_supp_survival_treatment.txt,PFS_505_1381_607_1181_MED_STATUS,PFS_505_1381_607_1181_MED_STATUS,false,1002,589,0.587824,<5,string,待确认,,outcome,,potential_future_or_outcome_field; exclude from t0 inputs unless time-aligned,false
data/raw/AACR GENIE Biopharma Collaborative Public/Data Releases/PANC/1.0-public/cBioPortal_files/data_clinical_supp_survival_treatment.txt,OS_505_1381_607_1181_MONTHS,OS_505_1381_607_1181_MONTHS,false,1002,395,0.394212,493,float,待确认,,outcome,,potential_future_or_outcome_field; exclude from t0 inputs unless time-aligned,false
data/raw/AACR GENIE Biopharma Collaborative Public/Data Releases/PANC/1.0-public/cBioPortal_files/data_clinical_supp_survival_treatment.txt,PFS_505_1381_607_1181_IMAGING_MONTHS,PFS_505_1381_607_1181_IMAGING_MONTHS,false,1002,589,0.587824,266,mixed_float,待确认,,outcome,,potential_future_or_outcome_field; exclude from t0 inputs unless time-aligned,false
data/raw/AACR GENIE Biopharma Collaborative Public/Data Releases/PANC/1.0-public/cBioPortal_files/data_clinical_supp_survival_treatment.txt,PFS_505_1381_607_1181_MED_MONTHS,PFS_505_1381_607_1181_MED_MONTHS,false,1002,589,0.587824,259,mixed_float,待确认,,outcome,,potential_future_or_outcome_field; exclude from t0 inputs unless time-aligned,false
data/raw/AACR GENIE Biopharma Collaborative Public/Data Releases/PANC/1.0-public/cBioPortal_files/data_clinical_supp_survival_treatment.txt,OS_505_1381_1181_STATUS,OS_505_1381_1181_STATUS,false,1002,994,0.992016,<5,string,待确认,,outcome,,potential_future_or_outcome_field; exclude from t0 inputs unless time-aligned,false
data/raw/AACR GENIE Biopharma Collaborative Public/Data Releases/PANC/1.0-public/cBioPortal_files/data_clinical_supp_survival_treatment.txt,PFS_505_1381_1181_IMAGING_STATUS,PFS_505_1381_1181_IMAGING_STATUS,false,1002,994,0.992016,<5,string,待确认,,outcome,,potential_future_or_outcome_field; exclude from t0 inputs unless time-aligned,false
data/raw/AACR GENIE Biopharma Collaborative Public/Data Releases/PANC/1.0-public/cBioPortal_files/data_clinical_supp_survival_treatment.txt,PFS_505_1381_1181_MED_STATUS,PFS_505_1381_1181_MED_STATUS,false,1002,994,0.992016,<5,string,待确认,,outcome,,potential_future_or_outcome_field; exclude from t0 inputs unless time-aligned,false
data/raw/AACR GENIE Biopharma Collaborative Public/Data Releases/PANC/1.0-public/cBioPortal_files/data_clinical_supp_survival_treatment.txt,OS_505_1381_1181_MONTHS,OS_505_1381_1181_MONTHS,false,1002,994,0.992016,8,float,待确认,,outcome,,potential_future_or_outcome_field; exclude from t0 inputs unless time-aligned,false
data/raw/AACR GENIE Biopharma Collaborative Public/Data Releases/PANC/1.0-public/cBioPortal_files/data_clinical_supp_survival_treatment.txt,PFS_505_1381_1181_IMAGING_MONTHS,PFS_505_1381_1181_IMAGING_MONTHS,false,1002,994,0.992016,8,float,待确认,,outcome,,potential_future_or_outcome_field; exclude from t0 inputs unless time-aligned,false
data/raw/AACR GENIE Biopharma Collaborative Public/Data Releases/PANC/1.0-public/cBioPortal_files/data_clinical_supp_survival_treatment.txt,PFS_505_1381_1181_MED_MONTHS,PFS_505_1381_1181_MED_MONTHS,false,1002,994,0.992016,8,float,待确认,,outcome,,potential_future_or_outcome_field; exclude from t0 inputs unless time-aligned,false
data/raw/AACR GENIE Biopharma Collaborative Public/Data Releases/PANC/1.0-public/cBioPortal_files/data_clinical_supp_survival_treatment.txt,OS_505_82676_STATUS,OS_505_82676_STATUS,false,1002,984,0.982036,<5,string,待确认,,outcome,,potential_future_or_outcome_field; exclude from t0 inputs unless time-aligned,false
data/raw/AACR GENIE Biopharma Collaborative Public/Data Releases/PANC/1.0-public/cBioPortal_files/data_clinical_supp_survival_treatment.txt,PFS_505_82676_IMAGING_STATUS,PFS_505_82676_IMAGING_STATUS,false,1002,985,0.983034,<5,string,待确认,,outcome,,potential_future_or_outcome_field; exclude from t0 inputs unless time-aligned,false
data/raw/AACR GENIE Biopharma Collaborative Public/Data Releases/PANC/1.0-public/cBioPortal_files/data_clinical_supp_survival_treatment.txt,PFS_505_82676_MED_STATUS,PFS_505_82676_MED_STATUS,false,1002,985,0.983034,<5,string,待确认,,outcome,,potential_future_or_outcome_field; exclude from t0 inputs unless time-aligned,false
data/raw/AACR GENIE Biopharma Collaborative Public/Data Releases/PANC/1.0-public/cBioPortal_files/data_clinical_supp_survival_treatment.txt,OS_505_82676_MONTHS,OS_505_82676_MONTHS,false,1002,984,0.982036,17,float,待确认,,outcome,,potential_future_or_outcome_field; exclude from t0 inputs unless time-aligned,false
data/raw/AACR GENIE Biopharma Collaborative Public/Data Releases/PANC/1.0-public/cBioPortal_files/data_clinical_supp_survival_treatment.txt,PFS_505_82676_IMAGING_MONTHS,PFS_505_82676_IMAGING_MONTHS,false,1002,985,0.983034,16,float,待确认,,outcome,,potential_future_or_outcome_field; exclude from t0 inputs unless time-aligned,false
data/raw/AACR GENIE Biopharma Collaborative Public/Data Releases/PANC/1.0-public/cBioPortal_files/data_clinical_supp_survival_treatment.txt,PFS_505_82676_MED_MONTHS,PFS_505_82676_MED_MONTHS,false,1002,985,0.983034,14,float,待确认,,outcome,,potential_future_or_outcome_field; exclude from t0 inputs unless time-aligned,false
data/raw/AACR GENIE Biopharma Collaborative Public/Data Releases/PANC/1.0-public/cBioPortal_files/data_clinical_supp_survival_treatment.txt,OS_505_82676_607_STATUS,OS_505_82676_607_STATUS,false,1002,920,0.918164,<5,string,待确认,,outcome,,potential_future_or_outcome_field; exclude from t0 inputs unless time-aligned,false
data/raw/AACR GENIE Biopharma Collaborative Public/Data Releases/PANC/1.0-public/cBioPortal_files/data_clinical_supp_survival_treatment.txt,PFS_505_82676_607_IMAGING_STATUS,PFS_505_82676_607_IMAGING_STATUS,false,1002,924,0.922156,<5,string,待确认,,outcome,,potential_future_or_outcome_field; exclude from t0 inputs unless time-aligned,false
data/raw/AACR GENIE Biopharma Collaborative Public/Data Releases/PANC/1.0-public/cBioPortal_files/data_clinical_supp_survival_treatment.txt,PFS_505_82676_607_MED_STATUS,PFS_505_82676_607_MED_STATUS,false,1002,924,0.922156,<5,string,待确认,,outcome,,potential_future_or_outcome_field; exclude from t0 inputs unless time-aligned,false
data/raw/AACR GENIE Biopharma Collaborative Public/Data Releases/PANC/1.0-public/cBioPortal_files/data_clinical_supp_survival_treatment.txt,OS_505_82676_607_MONTHS,OS_505_82676_607_MONTHS,false,1002,920,0.918164,76,float,待确认,,outcome,,potential_future_or_outcome_field; exclude from t0 inputs unless time-aligned,false
data/raw/AACR GENIE Biopharma Collaborative Public/Data Releases/PANC/1.0-public/cBioPortal_files/data_clinical_supp_survival_treatment.txt,PFS_505_82676_607_IMAGING_MONTHS,PFS_505_82676_607_IMAGING_MONTHS,false,1002,924,0.922156,59,float,待确认,,outcome,,potential_future_or_outcome_field; exclude from t0 inputs unless time-aligned,false
data/raw/AACR GENIE Biopharma Collaborative Public/Data Releases/PANC/1.0-public/cBioPortal_files/data_clinical_supp_survival_treatment.txt,PFS_505_82676_607_MED_MONTHS,PFS_505_82676_607_MED_MONTHS,false,1002,924,0.922156,62,float,待确认,,outcome,,potential_future_or_outcome_field; exclude from t0 inputs unless time-aligned,false
data/raw/AACR GENIE Biopharma Collaborative Public/Data Releases/PANC/1.0-public/cBioPortal_files/data_clinical_supp_survival_treatment.txt,OS_505_607_STATUS,OS_505_607_STATUS,false,1002,964,0.962076,<5,string,待确认,,outcome,,potential_future_or_outcome_field; exclude from t0 inputs unless time-aligned,false
data/raw/AACR GENIE Biopharma Collaborative Public/Data Releases/PANC/1.0-public/cBioPortal_files/data_clinical_supp_survival_treatment.txt,PFS_505_607_IMAGING_STATUS,PFS_505_607_IMAGING_STATUS,false,1002,968,0.966068,<5,string,待确认,,outcome,,potential_future_or_outcome_field; exclude from t0 inputs unless time-aligned,false
data/raw/AACR GENIE Biopharma Collaborative Public/Data Releases/PANC/1.0-public/cBioPortal_files/data_clinical_supp_survival_treatment.txt,PFS_505_607_MED_STATUS,PFS_505_607_MED_STATUS,false,1002,968,0.966068,<5,string,待确认,,outcome,,potential_future_or_outcome_field; exclude from t0 inputs unless time-aligned,false
data/raw/AACR GENIE Biopharma Collaborative Public/Data Releases/PANC/1.0-public/cBioPortal_files/data_clinical_supp_survival_treatment.txt,OS_505_607_MONTHS,OS_505_607_MONTHS,false,1002,964,0.962076,36,float,待确认,,outcome,,potential_future_or_outcome_field; exclude from t0 inputs unless time-aligned,false
data/raw/AACR GENIE Biopharma Collaborative Public/Data Releases/PANC/1.0-public/cBioPortal_files/data_clinical_supp_survival_treatment.txt,PFS_505_607_IMAGING_MONTHS,PFS_505_607_IMAGING_MONTHS,false,1002,968,0.966068,31,float,待确认,,outcome,,potential_future_or_outcome_field; exclude from t0 inputs unless time-aligned,false
data/raw/AACR GENIE Biopharma Collaborative Public/Data Releases/PANC/1.0-public/cBioPortal_files/data_clinical_supp_survival_treatment.txt,PFS_505_607_MED_MONTHS,PFS_505_607_MED_MONTHS,false,1002,968,0.966068,30,float,待确认,,outcome,,potential_future_or_outcome_field; exclude from t0 inputs unless time-aligned,false
data/raw/AACR GENIE Biopharma Collaborative Public/Data Releases/PANC/1.0-public/cBioPortal_files/data_clinical_supp_survival_treatment.txt,OS_505_607_1181_STATUS,OS_505_607_1181_STATUS,false,1002,841,0.839321,<5,string,待确认,,outcome,,potential_future_or_outcome_field; exclude from t0 inputs unless time-aligned,false
data/raw/AACR GENIE Biopharma Collaborative Public/Data Releases/PANC/1.0-public/cBioPortal_files/data_clinical_supp_survival_treatment.txt,PFS_505_607_1181_IMAGING_STATUS,PFS_505_607_1181_IMAGING_STATUS,false,1002,851,0.849301,<5,string,待确认,,outcome,,potential_future_or_outcome_field; exclude from t0 inputs unless time-aligned,false
data/raw/AACR GENIE Biopharma Collaborative Public/Data Releases/PANC/1.0-public/cBioPortal_files/data_clinical_supp_survival_treatment.txt,PFS_505_607_1181_MED_STATUS,PFS_505_607_1181_MED_STATUS,false,1002,851,0.849301,<5,string,待确认,,outcome,,potential_future_or_outcome_field; exclude from t0 inputs unless time-aligned,false
data/raw/AACR GENIE Biopharma Collaborative Public/Data Releases/PANC/1.0-public/cBioPortal_files/data_clinical_supp_survival_treatment.txt,OS_505_607_1181_MONTHS,OS_505_607_1181_MONTHS,false,1002,841,0.839321,144,float,待确认,,outcome,,potential_future_or_outcome_field; exclude from t0 inputs unless time-aligned,false
data/raw/AACR GENIE Biopharma Collaborative Public/Data Releases/PANC/1.0-public/cBioPortal_files/data_clinical_supp_survival_treatment.txt,PFS_505_607_1181_IMAGING_MONTHS,PFS_505_607_1181_IMAGING_MONTHS,false,1002,851,0.849301,100,float,待确认,,outcome,,potential_future_or_outcome_field; exclude from t0 inputs unless time-aligned,false
data/raw/AACR GENIE Biopharma Collaborative Public/Data Releases/PANC/1.0-public/cBioPortal_files/data_clinical_supp_survival_treatment.txt,PFS_505_607_1181_MED_MONTHS,PFS_505_607_1181_MED_MONTHS,false,1002,851,0.849301,98,float,待确认,,outcome,,potential_future_or_outcome_field; exclude from t0 inputs unless time-aligned,false
data/raw/AACR GENIE Biopharma Collaborative Public/Data Releases/PANC/1.0-public/cBioPortal_files/data_clinical_supp_survival_treatment.txt,OS_505_1181_STATUS,OS_505_1181_STATUS,false,1002,992,0.99002,<5,string,待确认,,outcome,,potential_future_or_outcome_field; exclude from t0 inputs unless time-aligned,false
data/raw/AACR GENIE Biopharma Collaborative Public/Data Releases/PANC/1.0-public/cBioPortal_files/data_clinical_supp_survival_treatment.txt,PFS_505_1181_IMAGING_STATUS,PFS_505_1181_IMAGING_STATUS,false,1002,992,0.99002,<5,string,待确认,,outcome,,potential_future_or_outcome_field; exclude from t0 inputs unless time-aligned,false
data/raw/AACR GENIE Biopharma Collaborative Public/Data Releases/PANC/1.0-public/cBioPortal_files/data_clinical_supp_survival_treatment.txt,PFS_505_1181_MED_STATUS,PFS_505_1181_MED_STATUS,false,1002,992,0.99002,<5,string,待确认,,outcome,,potential_future_or_outcome_field; exclude from t0 inputs unless time-aligned,false
data/raw/AACR GENIE Biopharma Collaborative Public/Data Releases/PANC/1.0-public/cBioPortal_files/data_clinical_supp_survival_treatment.txt,OS_505_1181_MONTHS,OS_505_1181_MONTHS,false,1002,992,0.99002,10,float,待确认,,outcome,,potential_future_or_outcome_field; exclude from t0 inputs unless time-aligned,false
data/raw/AACR GENIE Biopharma Collaborative Public/Data Releases/PANC/1.0-public/cBioPortal_files/data_clinical_supp_survival_treatment.txt,PFS_505_1181_IMAGING_MONTHS,PFS_505_1181_IMAGING_MONTHS,false,1002,992,0.99002,9,float,待确认,,outcome,,potential_future_or_outcome_field; exclude from t0 inputs unless time-aligned,false
data/raw/AACR GENIE Biopharma Collaborative Public/Data Releases/PANC/1.0-public/cBioPortal_files/data_clinical_supp_survival_treatment.txt,PFS_505_1181_MED_MONTHS,PFS_505_1181_MED_MONTHS,false,1002,992,0.99002,10,float,待确认,,outcome,,potential_future_or_outcome_field; exclude from t0 inputs unless time-aligned,false
data/raw/AACR GENIE Biopharma Collaborative Public/Data Releases/PANC/1.0-public/cBioPortal_files/data_clinical_supp_survival_treatment.txt,OS_961_STATUS,OS_961_STATUS,false,1002,754,0.752495,<5,string,待确认,,outcome,,potential_future_or_outcome_field; exclude from t0 inputs unless time-aligned,false
data/raw/AACR GENIE Biopharma Collaborative Public/Data Releases/PANC/1.0-public/cBioPortal_files/data_clinical_supp_survival_treatment.txt,PFS_961_IMAGING_STATUS,PFS_961_IMAGING_STATUS,false,1002,878,0.876248,<5,string,待确认,,outcome,,potential_future_or_outcome_field; exclude from t0 inputs unless time-aligned,false
data/raw/AACR GENIE Biopharma Collaborative Public/Data Releases/PANC/1.0-public/cBioPortal_files/data_clinical_supp_survival_treatment.txt,PFS_961_MED_STATUS,PFS_961_MED_STATUS,false,1002,878,0.876248,<5,string,待确认,,outcome,,potential_future_or_outcome_field; exclude from t0 inputs unless time-aligned,false
data/raw/AACR GENIE Biopharma Collaborative Public/Data Releases/PANC/1.0-public/cBioPortal_files/data_clinical_supp_survival_treatment.txt,OS_961_MONTHS,OS_961_MONTHS,false,1002,754,0.752495,229,float,待确认,,outcome,,potential_future_or_outcome_field; exclude from t0 inputs unless time-aligned,false
data/raw/AACR GENIE Biopharma Collaborative Public/Data Releases/PANC/1.0-public/cBioPortal_files/data_clinical_supp_survival_treatment.txt,PFS_961_IMAGING_MONTHS,PFS_961_IMAGING_MONTHS,false,1002,878,0.876248,102,float,待确认,,outcome,,potential_future_or_outcome_field; exclude from t0 inputs unless time-aligned,false
data/raw/AACR GENIE Biopharma Collaborative Public/Data Releases/PANC/1.0-public/cBioPortal_files/data_clinical_supp_survival_treatment.txt,PFS_961_MED_MONTHS,PFS_961_MED_MONTHS,false,1002,878,0.876248,103,float,待确认,,outcome,,potential_future_or_outcome_field; exclude from t0 inputs unless time-aligned,false
data/raw/AACR GENIE Biopharma Collaborative Public/Data Releases/PANC/1.0-public/cBioPortal_files/data_clinical_supp_survival_treatment.txt,OS_961_2688_STATUS,OS_961_2688_STATUS,false,1002,441,0.44012,<5,string,待确认,,outcome,,potential_future_or_outcome_field; exclude from t0 inputs unless time-aligned,false
data/raw/AACR GENIE Biopharma Collaborative Public/Data Releases/PANC/1.0-public/cBioPortal_files/data_clinical_supp_survival_treatment.txt,PFS_961_2688_IMAGING_STATUS,PFS_961_2688_IMAGING_STATUS,false,1002,520,0.518962,<5,string,待确认,,outcome,,potential_future_or_outcome_field; exclude from t0 inputs unless time-aligned,false
data/raw/AACR GENIE Biopharma Collaborative Public/Data Releases/PANC/1.0-public/cBioPortal_files/data_clinical_supp_survival_treatment.txt,PFS_961_2688_MED_STATUS,PFS_961_2688_MED_STATUS,false,1002,520,0.518962,<5,string,待确认,,outcome,,potential_future_or_outcome_field; exclude from t0 inputs unless time-aligned,false
data/raw/AACR GENIE Biopharma Collaborative Public/Data Releases/PANC/1.0-public/cBioPortal_files/data_clinical_supp_survival_treatment.txt,OS_961_2688_MONTHS,OS_961_2688_MONTHS,false,1002,441,0.44012,395,float,待确认,,outcome,,potential_future_or_outcome_field; exclude from t0 inputs unless time-aligned,false
data/raw/AACR GENIE Biopharma Collaborative Public/Data Releases/PANC/1.0-public/cBioPortal_files/data_clinical_supp_survival_treatment.txt,PFS_961_2688_IMAGING_MONTHS,PFS_961_2688_IMAGING_MONTHS,false,1002,520,0.518962,240,float,待确认,,outcome,,potential_future_or_outcome_field; exclude from t0 inputs unless time-aligned,false
data/raw/AACR GENIE Biopharma Collaborative Public/Data Releases/PANC/1.0-public/cBioPortal_files/data_clinical_supp_survival_treatment.txt,PFS_961_2688_MED_MONTHS,PFS_961_2688_MED_MONTHS,false,1002,520,0.518962,244,float,待确认,,outcome,,potential_future_or_outcome_field; exclude from t0 inputs unless time-aligned,false
data/raw/AACR GENIE Biopharma Collaborative Public/Data Releases/PANC/1.0-public/cBioPortal_files/data_clinical_supp_survival_treatment.txt,OS_961_1181_STATUS,OS_961_1181_STATUS,false,1002,989,0.987026,<5,string,待确认,,outcome,,potential_future_or_outcome_field; exclude from t0 inputs unless time-aligned,false
data/raw/AACR GENIE Biopharma Collaborative Public/Data Releases/PANC/1.0-public/cBioPortal_files/data_clinical_supp_survival_treatment.txt,PFS_961_1181_IMAGING_STATUS,PFS_961_1181_IMAGING_STATUS,false,1002,990,0.988024,<5,string,待确认,,outcome,,potential_future_or_outcome_field; exclude from t0 inputs unless time-aligned,false
data/raw/AACR GENIE Biopharma Collaborative Public/Data Releases/PANC/1.0-public/cBioPortal_files/data_clinical_supp_survival_treatment.txt,PFS_961_1181_MED_STATUS,PFS_961_1181_MED_STATUS,false,1002,990,0.988024,<5,string,待确认,,outcome,,potential_future_or_outcome_field; exclude from t0 inputs unless time-aligned,false
data/raw/AACR GENIE Biopharma Collaborative Public/Data Releases/PANC/1.0-public/cBioPortal_files/data_clinical_supp_survival_treatment.txt,OS_961_1181_MONTHS,OS_961_1181_MONTHS,false,1002,989,0.987026,13,float,待确认,,outcome,,potential_future_or_outcome_field; exclude from t0 inputs unless time-aligned,false
data/raw/AACR GENIE Biopharma Collaborative Public/Data Releases/PANC/1.0-public/cBioPortal_files/data_clinical_supp_survival_treatment.txt,PFS_961_1181_IMAGING_MONTHS,PFS_961_1181_IMAGING_MONTHS,false,1002,990,0.988024,12,float,待确认,,outcome,,potential_future_or_outcome_field; exclude from t0 inputs unless time-aligned,false
data/raw/AACR GENIE Biopharma Collaborative Public/Data Releases/PANC/1.0-public/cBioPortal_files/data_clinical_supp_survival_treatment.txt,PFS_961_1181_MED_MONTHS,PFS_961_1181_MED_MONTHS,false,1002,990,0.988024,12,float,待确认,,outcome,,potential_future_or_outcome_field; exclude from t0 inputs unless time-aligned,false
data/raw/AACR GENIE Biopharma Collaborative Public/Data Releases/PANC/1.0-public/cBioPortal_files/data_clinical_supp_survival_treatment.txt,OS_82676_STATUS,OS_82676_STATUS,false,1002,995,0.993014,<5,string,待确认,,outcome,,potential_future_or_outcome_field; exclude from t0 inputs unless time-aligned,false
data/raw/AACR GENIE Biopharma Collaborative Public/Data Releases/PANC/1.0-public/cBioPortal_files/data_clinical_supp_survival_treatment.txt,PFS_82676_IMAGING_STATUS,PFS_82676_IMAGING_STATUS,false,1002,995,0.993014,<5,string,待确认,,outcome,,potential_future_or_outcome_field; exclude from t0 inputs unless time-aligned,false
data/raw/AACR GENIE Biopharma Collaborative Public/Data Releases/PANC/1.0-public/cBioPortal_files/data_clinical_supp_survival_treatment.txt,PFS_82676_MED_STATUS,PFS_82676_MED_STATUS,false,1002,995,0.993014,<5,string,待确认,,outcome,,potential_future_or_outcome_field; exclude from t0 inputs unless time-aligned,false
data/raw/AACR GENIE Biopharma Collaborative Public/Data Releases/PANC/1.0-public/cBioPortal_files/data_clinical_supp_survival_treatment.txt,OS_82676_MONTHS,OS_82676_MONTHS,false,1002,995,0.993014,7,float,待确认,,outcome,,potential_future_or_outcome_field; exclude from t0 inputs unless time-aligned,false
data/raw/AACR GENIE Biopharma Collaborative Public/Data Releases/PANC/1.0-public/cBioPortal_files/data_clinical_supp_survival_treatment.txt,PFS_82676_IMAGING_MONTHS,PFS_82676_IMAGING_MONTHS,false,1002,995,0.993014,7,float,待确认,,outcome,,potential_future_or_outcome_field; exclude from t0 inputs unless time-aligned,false
data/raw/AACR GENIE Biopharma Collaborative Public/Data Releases/PANC/1.0-public/cBioPortal_files/data_clinical_supp_survival_treatment.txt,PFS_82676_MED_MONTHS,PFS_82676_MED_MONTHS,false,1002,995,0.993014,7,float,待确认,,outcome,,potential_future_or_outcome_field; exclude from t0 inputs unless time-aligned,false
data/raw/AACR GENIE Biopharma Collaborative Public/Data Releases/PANC/1.0-public/cBioPortal_files/data_clinical_supp_survival_treatment.txt,OS_2688_STATUS,OS_2688_STATUS,false,1002,994,0.992016,<5,string,待确认,,outcome,,potential_future_or_outcome_field; exclude from t0 inputs unless time-aligned,false
data/raw/AACR GENIE Biopharma Collaborative Public/Data Releases/PANC/1.0-public/cBioPortal_files/data_clinical_supp_survival_treatment.txt,PFS_2688_IMAGING_STATUS,PFS_2688_IMAGING_STATUS,false,1002,995,0.993014,<5,string,待确认,,outcome,,potential_future_or_outcome_field; exclude from t0 inputs unless time-aligned,false
data/raw/AACR GENIE Biopharma Collaborative Public/Data Releases/PANC/1.0-public/cBioPortal_files/data_clinical_supp_survival_treatment.txt,PFS_2688_MED_STATUS,PFS_2688_MED_STATUS,false,1002,995,0.993014,<5,string,待确认,,outcome,,potential_future_or_outcome_field; exclude from t0 inputs unless time-aligned,false
data/raw/AACR GENIE Biopharma Collaborative Public/Data Releases/PANC/1.0-public/cBioPortal_files/data_clinical_supp_survival_treatment.txt,OS_2688_MONTHS,OS_2688_MONTHS,false,1002,994,0.992016,8,float,待确认,,outcome,,potential_future_or_outcome_field; exclude from t0 inputs unless time-aligned,false
data/raw/AACR GENIE Biopharma Collaborative Public/Data Releases/PANC/1.0-public/cBioPortal_files/data_clinical_supp_survival_treatment.txt,PFS_2688_IMAGING_MONTHS,PFS_2688_IMAGING_MONTHS,false,1002,995,0.993014,7,float,待确认,,outcome,,potential_future_or_outcome_field; exclude from t0 inputs unless time-aligned,false
data/raw/AACR GENIE Biopharma Collaborative Public/Data Releases/PANC/1.0-public/cBioPortal_files/data_clinical_supp_survival_treatment.txt,PFS_2688_MED_MONTHS,PFS_2688_MED_MONTHS,false,1002,995,0.993014,6,float,待确认,,outcome,,potential_future_or_outcome_field; exclude from t0 inputs unless time-aligned,false
data/raw/AACR GENIE Biopharma Collaborative Public/Data Releases/PANC/1.0-public/cBioPortal_files/data_clinical_supp_survival_treatment.txt,OS_71721_STATUS,OS_71721_STATUS,false,1002,981,0.979042,<5,string,待确认,,outcome,,potential_future_or_outcome_field; exclude from t0 inputs unless time-aligned,false
data/raw/AACR GENIE Biopharma Collaborative Public/Data Releases/PANC/1.0-public/cBioPortal_files/data_clinical_supp_survival_treatment.txt,PFS_71721_IMAGING_STATUS,PFS_71721_IMAGING_STATUS,false,1002,982,0.98004,<5,string,待确认,,outcome,,potential_future_or_outcome_field; exclude from t0 inputs unless time-aligned,false
data/raw/AACR GENIE Biopharma Collaborative Public/Data Releases/PANC/1.0-public/cBioPortal_files/data_clinical_supp_survival_treatment.txt,PFS_71721_MED_STATUS,PFS_71721_MED_STATUS,false,1002,982,0.98004,<5,string,待确认,,outcome,,potential_future_or_outcome_field; exclude from t0 inputs unless time-aligned,false
data/raw/AACR GENIE Biopharma Collaborative Public/Data Releases/PANC/1.0-public/cBioPortal_files/data_clinical_supp_survival_treatment.txt,OS_71721_MONTHS,OS_71721_MONTHS,false,1002,981,0.979042,20,float,待确认,,outcome,,potential_future_or_outcome_field; exclude from t0 inputs unless time-aligned,false
data/raw/AACR GENIE Biopharma Collaborative Public/Data Releases/PANC/1.0-public/cBioPortal_files/data_clinical_supp_survival_treatment.txt,PFS_71721_IMAGING_MONTHS,PFS_71721_IMAGING_MONTHS,false,1002,982,0.98004,20,float,待确认,,outcome,,potential_future_or_outcome_field; exclude from t0 inputs unless time-aligned,false
data/raw/AACR GENIE Biopharma Collaborative Public/Data Releases/PANC/1.0-public/cBioPortal_files/data_clinical_supp_survival_treatment.txt,PFS_71721_MED_MONTHS,PFS_71721_MED_MONTHS,false,1002,982,0.98004,20,float,待确认,,outcome,,potential_future_or_outcome_field; exclude from t0 inputs unless time-aligned,false
data/raw/AACR GENIE Biopharma Collaborative Public/Data Releases/PANC/1.0-public/cBioPortal_files/data_CNA.txt,Hugo_Symbol,Hugo_Symbol,false,1003,0,0.0,1003,string,待确认,,genomic,,,false
data/raw/AACR GENIE Biopharma Collaborative Public/Data Releases/PANC/1.0-public/cBioPortal_files/data_CNA.txt,<redacted>,<redacted_dynamic_sample_columns:963>,true,1003,0,0.0,,empty_or_unknown,suppressed_to_avoid_sample_or_patient_identifier_disclosure,,sample_level_dynamic_matrix_columns,,,false
data/raw/AACR GENIE Biopharma Collaborative Public/Data Releases/PANC/1.0-public/cBioPortal_files/data_cna_hg19.seg,ID,ID,false,26118,0,0.0,551,string,待确认,,待确认,,,false
data/raw/AACR GENIE Biopharma Collaborative Public/Data Releases/PANC/1.0-public/cBioPortal_files/data_cna_hg19.seg,chrom,chrom,false,26118,0,0.0,23,mixed_string,待确认,,待确认,,,false
data/raw/AACR GENIE Biopharma Collaborative Public/Data Releases/PANC/1.0-public/cBioPortal_files/data_cna_hg19.seg,loc.start,loc.start,false,26118,0,0.0,3064,integer,待确认,,date_or_relative_time,relative_date_or_event_interval; confirm event meaning in data dictionary,,false
data/raw/AACR GENIE Biopharma Collaborative Public/Data Releases/PANC/1.0-public/cBioPortal_files/data_cna_hg19.seg,loc.end,loc.end,false,26118,0,0.0,3076,integer,待确认,,date_or_relative_time,relative_date_or_event_interval; confirm event meaning in data dictionary,potential_future_or_outcome_field; exclude from t0 inputs unless time-aligned,false
data/raw/AACR GENIE Biopharma Collaborative Public/Data Releases/PANC/1.0-public/cBioPortal_files/data_cna_hg19.seg,num.mark,num.mark,false,26118,0,0.0,534,integer,待确认,,待确认,,,false
data/raw/AACR GENIE Biopharma Collaborative Public/Data Releases/PANC/1.0-public/cBioPortal_files/data_cna_hg19.seg,seg.mean,seg.mean,false,26118,0,0.0,9689,mixed_float,待确认,,待确认,,,false
data/raw/AACR GENIE Biopharma Collaborative Public/Data Releases/PANC/1.0-public/cBioPortal_files/data_gene_matrix.txt,SAMPLE_ID,SAMPLE_ID,false,1130,0,0.0,1130,string,待确认,,sample_or_ngs_key,,,true
data/raw/AACR GENIE Biopharma Collaborative Public/Data Releases/PANC/1.0-public/cBioPortal_files/data_gene_matrix.txt,<redacted>,<redacted_dynamic_sample_columns:2>,true,1130,0,0.0,,empty_or_unknown,suppressed_to_avoid_sample_or_patient_identifier_disclosure,,sample_level_dynamic_matrix_columns,,,false
data/raw/AACR GENIE Biopharma Collaborative Public/Data Releases/PANC/1.0-public/cBioPortal_files/data_gene_panel_DFCI-ONCOPANEL-1.txt,key,key,false,<5,0,0.0,<5,string,待确认,,待确认,,,false
data/raw/AACR GENIE Biopharma Collaborative Public/Data Releases/PANC/1.0-public/cBioPortal_files/data_gene_panel_DFCI-ONCOPANEL-1.txt,value,value,false,<5,0,0.0,<5,string,待确认,,待确认,,,false
data/raw/AACR GENIE Biopharma Collaborative Public/Data Releases/PANC/1.0-public/cBioPortal_files/data_gene_panel_DFCI-ONCOPANEL-2.txt,key,key,false,<5,0,0.0,<5,string,待确认,,待确认,,,false
data/raw/AACR GENIE Biopharma Collaborative Public/Data Releases/PANC/1.0-public/cBioPortal_files/data_gene_panel_DFCI-ONCOPANEL-2.txt,value,value,false,<5,0,0.0,<5,string,待确认,,待确认,,,false
data/raw/AACR GENIE Biopharma Collaborative Public/Data Releases/PANC/1.0-public/cBioPortal_files/data_gene_panel_DFCI-ONCOPANEL-3.1.txt,key,key,false,<5,0,0.0,<5,string,待确认,,待确认,,,false
data/raw/AACR GENIE Biopharma Collaborative Public/Data Releases/PANC/1.0-public/cBioPortal_files/data_gene_panel_DFCI-ONCOPANEL-3.1.txt,value,value,false,<5,0,0.0,<5,string,待确认,,待确认,,,false
data/raw/AACR GENIE Biopharma Collaborative Public/Data Releases/PANC/1.0-public/cBioPortal_files/data_gene_panel_DFCI-ONCOPANEL-3.txt,key,key,false,<5,0,0.0,<5,string,待确认,,待确认,,,false
data/raw/AACR GENIE Biopharma Collaborative Public/Data Releases/PANC/1.0-public/cBioPortal_files/data_gene_panel_DFCI-ONCOPANEL-3.txt,value,value,false,<5,0,0.0,<5,string,待确认,,待确认,,,false
data/raw/AACR GENIE Biopharma Collaborative Public/Data Releases/PANC/1.0-public/cBioPortal_files/data_gene_panel_MSK-IMPACT341.txt,key,key,false,<5,0,0.0,<5,string,待确认,,待确认,,,false
data/raw/AACR GENIE Biopharma Collaborative Public/Data Releases/PANC/1.0-public/cBioPortal_files/data_gene_panel_MSK-IMPACT341.txt,value,value,false,<5,0,0.0,<5,string,待确认,,待确认,,,false
data/raw/AACR GENIE Biopharma Collaborative Public/Data Releases/PANC/1.0-public/cBioPortal_files/data_gene_panel_MSK-IMPACT410.txt,key,key,false,<5,0,0.0,<5,string,待确认,,待确认,,,false
data/raw/AACR GENIE Biopharma Collaborative Public/Data Releases/PANC/1.0-public/cBioPortal_files/data_gene_panel_MSK-IMPACT410.txt,value,value,false,<5,0,0.0,<5,string,待确认,,待确认,,,false
data/raw/AACR GENIE Biopharma Collaborative Public/Data Releases/PANC/1.0-public/cBioPortal_files/data_gene_panel_MSK-IMPACT468.txt,key,key,false,<5,0,0.0,<5,string,待确认,,待确认,,,false
data/raw/AACR GENIE Biopharma Collaborative Public/Data Releases/PANC/1.0-public/cBioPortal_files/data_gene_panel_MSK-IMPACT468.txt,value,value,false,<5,0,0.0,<5,string,待确认,,待确认,,,false
data/raw/AACR GENIE Biopharma Collaborative Public/Data Releases/PANC/1.0-public/cBioPortal_files/data_gene_panel_UHN-48-V1.txt,key,key,false,<5,0,0.0,<5,string,待确认,,待确认,,,false
data/raw/AACR GENIE Biopharma Collaborative Public/Data Releases/PANC/1.0-public/cBioPortal_files/data_gene_panel_UHN-48-V1.txt,value,value,false,<5,0,0.0,<5,string,待确认,,待确认,,,false
data/raw/AACR GENIE Biopharma Collaborative Public/Data Releases/PANC/1.0-public/cBioPortal_files/data_gene_panel_UHN-50-V2.txt,key,key,false,<5,0,0.0,<5,string,待确认,,待确认,,,false
data/raw/AACR GENIE Biopharma Collaborative Public/Data Releases/PANC/1.0-public/cBioPortal_files/data_gene_panel_UHN-50-V2.txt,value,value,false,<5,0,0.0,<5,string,待确认,,待确认,,,false
data/raw/AACR GENIE Biopharma Collaborative Public/Data Releases/PANC/1.0-public/cBioPortal_files/data_gene_panel_UHN-555-PAN-GI-V1.txt,key,key,false,<5,0,0.0,<5,string,待确认,,待确认,,,false
data/raw/AACR GENIE Biopharma Collaborative Public/Data Releases/PANC/1.0-public/cBioPortal_files/data_gene_panel_UHN-555-PAN-GI-V1.txt,value,value,false,<5,0,0.0,<5,string,待确认,,待确认,,,false
data/raw/AACR GENIE Biopharma Collaborative Public/Data Releases/PANC/1.0-public/cBioPortal_files/data_gene_panel_UHN-555-V1.txt,key,key,false,<5,0,0.0,<5,string,待确认,,待确认,,,false
data/raw/AACR GENIE Biopharma Collaborative Public/Data Releases/PANC/1.0-public/cBioPortal_files/data_gene_panel_UHN-555-V1.txt,value,value,false,<5,0,0.0,<5,string,待确认,,待确认,,,false
data/raw/AACR GENIE Biopharma Collaborative Public/Data Releases/PANC/1.0-public/cBioPortal_files/data_gene_panel_UHN-OCA-V3.txt,key,key,false,<5,0,0.0,<5,string,待确认,,待确认,,,false
data/raw/AACR GENIE Biopharma Collaborative Public/Data Releases/PANC/1.0-public/cBioPortal_files/data_gene_panel_UHN-OCA-V3.txt,value,value,false,<5,0,0.0,<5,string,待确认,,待确认,,,false
data/raw/AACR GENIE Biopharma Collaborative Public/Data Releases/PANC/1.0-public/cBioPortal_files/data_gene_panel_VICC-01-T5A.txt,key,key,false,<5,0,0.0,<5,string,待确认,,待确认,,,false
data/raw/AACR GENIE Biopharma Collaborative Public/Data Releases/PANC/1.0-public/cBioPortal_files/data_gene_panel_VICC-01-T5A.txt,value,value,false,<5,0,0.0,<5,string,待确认,,待确认,,,false
data/raw/AACR GENIE Biopharma Collaborative Public/Data Releases/PANC/1.0-public/cBioPortal_files/data_gene_panel_VICC-01-T7.txt,key,key,false,<5,0,0.0,<5,string,待确认,,待确认,,,false
data/raw/AACR GENIE Biopharma Collaborative Public/Data Releases/PANC/1.0-public/cBioPortal_files/data_gene_panel_VICC-01-T7.txt,value,value,false,<5,0,0.0,<5,string,待确认,,待确认,,,false
data/raw/AACR GENIE Biopharma Collaborative Public/Data Releases/PANC/1.0-public/cBioPortal_files/data_mutations_extended.txt,Hugo_Symbol,Hugo_Symbol,false,7911,0,0.0,768,string,待确认,,genomic,,,false
data/raw/AACR GENIE Biopharma Collaborative Public/Data Releases/PANC/1.0-public/cBioPortal_files/data_mutations_extended.txt,Entrez_Gene_Id,Entrez_Gene_Id,false,7911,40,0.005056,754,mixed_integer,待确认,,genomic,,,false
data/raw/AACR GENIE Biopharma Collaborative Public/Data Releases/PANC/1.0-public/cBioPortal_files/data_mutations_extended.txt,Center,Center,false,7911,0,0.0,<5,string,待确认,,待确认,,,false
data/raw/AACR GENIE Biopharma Collaborative Public/Data Releases/PANC/1.0-public/cBioPortal_files/data_mutations_extended.txt,NCBI_Build,NCBI_Build,false,7911,0,0.0,<5,string,待确认,,待确认,,,false
data/raw/AACR GENIE Biopharma Collaborative Public/Data Releases/PANC/1.0-public/cBioPortal_files/data_mutations_extended.txt,Chromosome,Chromosome,false,7911,0,0.0,23,mixed_string,待确认,,date_or_relative_time,relative_date_or_event_interval; confirm event meaning in data dictionary,,false
data/raw/AACR GENIE Biopharma Collaborative Public/Data Releases/PANC/1.0-public/cBioPortal_files/data_mutations_extended.txt,Start_Position,Start_Position,false,7911,0,0.0,5727,integer,待确认,,date_or_relative_time,relative_date_or_event_interval; confirm event meaning in data dictionary,,false
data/raw/AACR GENIE Biopharma Collaborative Public/Data Releases/PANC/1.0-public/cBioPortal_files/data_mutations_extended.txt,End_Position,End_Position,false,7911,0,0.0,5730,integer,待确认,,date_or_relative_time,relative_date_or_event_interval; confirm event meaning in data dictionary,potential_future_or_outcome_field; exclude from t0 inputs unless time-aligned,false
data/raw/AACR GENIE Biopharma Collaborative Public/Data Releases/PANC/1.0-public/cBioPortal_files/data_mutations_extended.txt,Strand,Strand,false,7911,0,0.0,<5,string,待确认,,待确认,,,false
data/raw/AACR GENIE Biopharma Collaborative Public/Data Releases/PANC/1.0-public/cBioPortal_files/data_mutations_extended.txt,Consequence,Consequence,false,7911,0,0.0,48,string,待确认,,待确认,,,false
data/raw/AACR GENIE Biopharma Collaborative Public/Data Releases/PANC/1.0-public/cBioPortal_files/data_mutations_extended.txt,Variant_Classification,Variant_Classification,false,7911,0,0.0,17,string,待确认,,genomic,,,false
data/raw/AACR GENIE Biopharma Collaborative Public/Data Releases/PANC/1.0-public/cBioPortal_files/data_mutations_extended.txt,Variant_Type,Variant_Type,false,7911,0,0.0,6,string,待确认,,genomic,,,false
data/raw/AACR GENIE Biopharma Collaborative Public/Data Releases/PANC/1.0-public/cBioPortal_files/data_mutations_extended.txt,Reference_Allele,Reference_Allele,false,7911,0,0.0,313,string,待确认,,待确认,,,false
data/raw/AACR GENIE Biopharma Collaborative Public/Data Releases/PANC/1.0-public/cBioPortal_files/data_mutations_extended.txt,Tumor_Seq_Allele1,Tumor_Seq_Allele1,false,7911,<5,0.000253,313,string,待确认,,待确认,,,false
data/raw/AACR GENIE Biopharma Collaborative Public/Data Releases/PANC/1.0-public/cBioPortal_files/data_mutations_extended.txt,Tumor_Seq_Allele2,Tumor_Seq_Allele2,false,7911,0,0.0,114,string,待确认,,待确认,,,false
data/raw/AACR GENIE Biopharma Collaborative Public/Data Releases/PANC/1.0-public/cBioPortal_files/data_mutations_extended.txt,dbSNP_RS,dbSNP_RS,false,7911,1573,0.198837,4286,string,待确认,,待确认,,,false
data/raw/AACR GENIE Biopharma Collaborative Public/Data Releases/PANC/1.0-public/cBioPortal_files/data_mutations_extended.txt,dbSNP_Val_Status,dbSNP_Val_Status,false,7911,7911,1.0,0,empty_or_unknown,待确认,,待确认,,,false
data/raw/AACR GENIE Biopharma Collaborative Public/Data Releases/PANC/1.0-public/cBioPortal_files/data_mutations_extended.txt,Tumor_Sample_Barcode,Tumor_Sample_Barcode,false,7911,0,0.0,1087,string,待确认,,sample_or_ngs_key,,,false
data/raw/AACR GENIE Biopharma Collaborative Public/Data Releases/PANC/1.0-public/cBioPortal_files/data_mutations_extended.txt,Matched_Norm_Sample_Barcode,Matched_Norm_Sample_Barcode,false,7911,6373,0.805587,40,string,待确认,,sample_or_ngs_key,,,false
data/raw/AACR GENIE Biopharma Collaborative Public/Data Releases/PANC/1.0-public/cBioPortal_files/data_mutations_extended.txt,Match_Norm_Seq_Allele1,Match_Norm_Seq_Allele1,false,7911,7807,0.986854,10,string,待确认,,待确认,,,false
data/raw/AACR GENIE Biopharma Collaborative Public/Data Releases/PANC/1.0-public/cBioPortal_files/data_mutations_extended.txt,Match_Norm_Seq_Allele2,Match_Norm_Seq_Allele2,false,7911,7807,0.986854,10,string,待确认,,待确认,,,false
data/raw/AACR GENIE Biopharma Collaborative Public/Data Releases/PANC/1.0-public/cBioPortal_files/data_mutations_extended.txt,Tumor_Validation_Allele1,Tumor_Validation_Allele1,false,7911,7911,1.0,0,empty_or_unknown,待确认,,待确认,,,false
data/raw/AACR GENIE Biopharma Collaborative Public/Data Releases/PANC/1.0-public/cBioPortal_files/data_mutations_extended.txt,Tumor_Validation_Allele2,Tumor_Validation_Allele2,false,7911,7911,1.0,0,empty_or_unknown,待确认,,待确认,,,false
data/raw/AACR GENIE Biopharma Collaborative Public/Data Releases/PANC/1.0-public/cBioPortal_files/data_mutations_extended.txt,Match_Norm_Validation_Allele1,Match_Norm_Validation_Allele1,false,7911,7911,1.0,0,empty_or_unknown,待确认,,待确认,,,false
data/raw/AACR GENIE Biopharma Collaborative Public/Data Releases/PANC/1.0-public/cBioPortal_files/data_mutations_extended.txt,Match_Norm_Validation_Allele2,Match_Norm_Validation_Allele2,false,7911,7911,1.0,0,empty_or_unknown,待确认,,待确认,,,false
data/raw/AACR GENIE Biopharma Collaborative Public/Data Releases/PANC/1.0-public/cBioPortal_files/data_mutations_extended.txt,Verification_Status,Verification_Status,false,7911,0,0.0,<5,string,待确认,,待确认,,,false
data/raw/AACR GENIE Biopharma Collaborative Public/Data Releases/PANC/1.0-public/cBioPortal_files/data_mutations_extended.txt,Validation_Status,Validation_Status,false,7911,7911,1.0,0,empty_or_unknown,待确认,,待确认,,,false
data/raw/AACR GENIE Biopharma Collaborative Public/Data Releases/PANC/1.0-public/cBioPortal_files/data_mutations_extended.txt,Mutation_Status,Mutation_Status,false,7911,0,0.0,<5,string,待确认,,待确认,,,false
data/raw/AACR GENIE Biopharma Collaborative Public/Data Releases/PANC/1.0-public/cBioPortal_files/data_mutations_extended.txt,Sequencing_Phase,Sequencing_Phase,false,7911,7911,1.0,0,empty_or_unknown,待确认,,待确认,,,false
data/raw/AACR GENIE Biopharma Collaborative Public/Data Releases/PANC/1.0-public/cBioPortal_files/data_mutations_extended.txt,Sequence_Source,Sequence_Source,false,7911,7911,1.0,0,empty_or_unknown,待确认,,待确认,,,false
data/raw/AACR GENIE Biopharma Collaborative Public/Data Releases/PANC/1.0-public/cBioPortal_files/data_mutations_extended.txt,Validation_Method,Validation_Method,false,7911,7911,1.0,0,empty_or_unknown,待确认,,待确认,,,false
data/raw/AACR GENIE Biopharma Collaborative Public/Data Releases/PANC/1.0-public/cBioPortal_files/data_mutations_extended.txt,Score,Score,false,7911,7911,1.0,0,empty_or_unknown,待确认,,待确认,,,false
data/raw/AACR GENIE Biopharma Collaborative Public/Data Releases/PANC/1.0-public/cBioPortal_files/data_mutations_extended.txt,BAM_File,BAM_File,false,7911,7911,1.0,0,empty_or_unknown,待确认,,待确认,,,false
data/raw/AACR GENIE Biopharma Collaborative Public/Data Releases/PANC/1.0-public/cBioPortal_files/data_mutations_extended.txt,Sequencer,Sequencer,false,7911,7911,1.0,0,empty_or_unknown,待确认,,待确认,,,false
data/raw/AACR GENIE Biopharma Collaborative Public/Data Releases/PANC/1.0-public/cBioPortal_files/data_mutations_extended.txt,t_ref_count,t_ref_count,false,7911,5,0.000632,1119,mixed_integer,待确认,,待确认,,,false
data/raw/AACR GENIE Biopharma Collaborative Public/Data Releases/PANC/1.0-public/cBioPortal_files/data_mutations_extended.txt,t_alt_count,t_alt_count,false,7911,5,0.000632,710,integer,待确认,,待确认,,,false
data/raw/AACR GENIE Biopharma Collaborative Public/Data Releases/PANC/1.0-public/cBioPortal_files/data_mutations_extended.txt,n_ref_count,n_ref_count,false,7911,5524,0.698268,887,integer,待确认,,待确认,,,false
data/raw/AACR GENIE Biopharma Collaborative Public/Data Releases/PANC/1.0-public/cBioPortal_files/data_mutations_extended.txt,n_alt_count,n_alt_count,false,7911,5524,0.698268,13,mixed_integer,待确认,,待确认,,,false
data/raw/AACR GENIE Biopharma Collaborative Public/Data Releases/PANC/1.0-public/cBioPortal_files/data_mutations_extended.txt,HGVSc,HGVSc,false,7911,79,0.009986,5838,string,待确认,,待确认,,,false
data/raw/AACR GENIE Biopharma Collaborative Public/Data Releases/PANC/1.0-public/cBioPortal_files/data_mutations_extended.txt,HGVSp,HGVSp,false,7911,716,0.090507,5110,string,待确认,,待确认,,,false
data/raw/AACR GENIE Biopharma Collaborative Public/Data Releases/PANC/1.0-public/cBioPortal_files/data_mutations_extended.txt,HGVSp_Short,HGVSp_Short,false,7911,88,0.011124,5570,string,待确认,,待确认,,,false
data/raw/AACR GENIE Biopharma Collaborative Public/Data Releases/PANC/1.0-public/cBioPortal_files/data_mutations_extended.txt,Transcript_ID,Transcript_ID,false,7911,0,0.0,774,string,待确认,,待确认,,,false
data/raw/AACR GENIE Biopharma Collaborative Public/Data Releases/PANC/1.0-public/cBioPortal_files/data_mutations_extended.txt,RefSeq,RefSeq,false,7911,739,0.093414,670,string,待确认,,待确认,,,false
data/raw/AACR GENIE Biopharma Collaborative Public/Data Releases/PANC/1.0-public/cBioPortal_files/data_mutations_extended.txt,Protein_position,Protein_position,false,7911,348,0.043989,1816,mixed_integer,待确认,,待确认,,,false
data/raw/AACR GENIE Biopharma Collaborative Public/Data Releases/PANC/1.0-public/cBioPortal_files/data_mutations_extended.txt,Codons,Codons,false,7911,694,0.087726,1129,string,待确认,,待确认,,,false
data/raw/AACR GENIE Biopharma Collaborative Public/Data Releases/PANC/1.0-public/cBioPortal_files/data_mutations_extended.txt,Exon_Number,Exon_Number,false,7911,639,0.080774,1028,string,待确认,,待确认,,,false
data/raw/AACR GENIE Biopharma Collaborative Public/Data Releases/PANC/1.0-public/cBioPortal_files/data_mutations_extended.txt,gnomAD_AF,gnomAD_AF,false,7911,5568,0.70383,968,mixed_float,待确认,,待确认,,,false
data/raw/AACR GENIE Biopharma Collaborative Public/Data Releases/PANC/1.0-public/cBioPortal_files/data_mutations_extended.txt,gnomAD_AFR_AF,gnomAD_AFR_AF,false,7911,5568,0.70383,153,mixed_float,待确认,,待确认,,,false
data/raw/AACR GENIE Biopharma Collaborative Public/Data Releases/PANC/1.0-public/cBioPortal_files/data_mutations_extended.txt,gnomAD_AMR_AF,gnomAD_AMR_AF,false,7911,5570,0.704083,229,mixed_float,待确认,,待确认,,,false
data/raw/AACR GENIE Biopharma Collaborative Public/Data Releases/PANC/1.0-public/cBioPortal_files/data_mutations_extended.txt,gnomAD_ASJ_AF,gnomAD_ASJ_AF,false,7911,5568,0.70383,44,mixed_float,待确认,,待确认,,,false
data/raw/AACR GENIE Biopharma Collaborative Public/Data Releases/PANC/1.0-public/cBioPortal_files/data_mutations_extended.txt,gnomAD_EAS_AF,gnomAD_EAS_AF,false,7911,5570,0.704083,103,mixed_float,待确认,,待确认,,,false
data/raw/AACR GENIE Biopharma Collaborative Public/Data Releases/PANC/1.0-public/cBioPortal_files/data_mutations_extended.txt,gnomAD_FIN_AF,gnomAD_FIN_AF,false,7911,5570,0.704083,72,mixed_float,待确认,,待确认,,,false
data/raw/AACR GENIE Biopharma Collaborative Public/Data Releases/PANC/1.0-public/cBioPortal_files/data_mutations_extended.txt,gnomAD_NFE_AF,gnomAD_NFE_AF,false,7911,5568,0.70383,751,mixed_float,待确认,,待确认,,,false
data/raw/AACR GENIE Biopharma Collaborative Public/Data Releases/PANC/1.0-public/cBioPortal_files/data_mutations_extended.txt,gnomAD_OTH_AF,gnomAD_OTH_AF,false,7911,5570,0.704083,105,mixed_float,待确认,,待确认,,,false
data/raw/AACR GENIE Biopharma Collaborative Public/Data Releases/PANC/1.0-public/cBioPortal_files/data_mutations_extended.txt,gnomAD_SAS_AF,gnomAD_SAS_AF,false,7911,5571,0.704209,160,mixed_float,待确认,,待确认,,,false
data/raw/AACR GENIE Biopharma Collaborative Public/Data Releases/PANC/1.0-public/cBioPortal_files/data_mutations_extended.txt,FILTER,FILTER,false,7911,6371,0.805334,<5,string,待确认,,待确认,,,false
data/raw/AACR GENIE Biopharma Collaborative Public/Data Releases/PANC/1.0-public/cBioPortal_files/data_mutations_extended.txt,Polyphen_Prediction,Polyphen_Prediction,false,7911,2657,0.335861,<5,string,待确认,,待确认,,,false
data/raw/AACR GENIE Biopharma Collaborative Public/Data Releases/PANC/1.0-public/cBioPortal_files/data_mutations_extended.txt,Polyphen_Score,Polyphen_Score,false,7911,2657,0.335861,745,mixed_float,待确认,,待确认,,,false
data/raw/AACR GENIE Biopharma Collaborative Public/Data Releases/PANC/1.0-public/cBioPortal_files/data_mutations_extended.txt,SIFT_Prediction,SIFT_Prediction,false,7911,2664,0.336746,<5,string,待确认,,待确认,,,false
data/raw/AACR GENIE Biopharma Collaborative Public/Data Releases/PANC/1.0-public/cBioPortal_files/data_mutations_extended.txt,SIFT_Score,SIFT_Score,false,7911,2664,0.336746,99,mixed_float,待确认,,待确认,,,false
data/raw/AACR GENIE Biopharma Collaborative Public/Data Releases/PANC/1.0-public/cBioPortal_files/data_mutations_extended.txt,SWISSPROT,SWISSPROT,false,7911,7911,1.0,0,empty_or_unknown,待确认,,待确认,,,false
data/raw/AACR GENIE Biopharma Collaborative Public/Data Releases/PANC/1.0-public/cBioPortal_files/data_mutations_extended.txt,n_depth,n_depth,false,7911,5524,0.698268,883,integer,待确认,,待确认,,,false
data/raw/AACR GENIE Biopharma Collaborative Public/Data Releases/PANC/1.0-public/cBioPortal_files/data_mutations_extended.txt,t_depth,t_depth,false,7911,5,0.000632,1392,integer,待确认,,待确认,,,false
data/raw/AACR GENIE Biopharma Collaborative Public/Data Releases/PANC/1.0-public/cBioPortal_files/data_mutations_extended.txt,Annotation_Status,Annotation_Status,false,7911,0,0.0,<5,string,待确认,,待确认,,,false
data/raw/AACR GENIE Biopharma Collaborative Public/Data Releases/PANC/1.0-public/cBioPortal_files/data_mutations_extended.txt,mutationInCis_Flag,mutationInCis_Flag,false,7911,0,0.0,<5,boolean,待确认,,待确认,,,false
data/raw/AACR GENIE Biopharma Collaborative Public/Data Releases/PANC/1.0-public/cBioPortal_files/data_sv.txt,Center,Center,false,236,0,0.0,<5,string,待确认,,待确认,,,false
data/raw/AACR GENIE Biopharma Collaborative Public/Data Releases/PANC/1.0-public/cBioPortal_files/data_sv.txt,Sample_Id,Sample_Id,false,236,0,0.0,194,string,待确认,,sample_or_ngs_key,,,false
data/raw/AACR GENIE Biopharma Collaborative Public/Data Releases/PANC/1.0-public/cBioPortal_files/data_sv.txt,SV_Status,SV_Status,false,236,0,0.0,<5,string,待确认,,待确认,,,false
data/raw/AACR GENIE Biopharma Collaborative Public/Data Releases/PANC/1.0-public/cBioPortal_files/data_sv.txt,Site1_Hugo_Symbol,Site1_Hugo_Symbol,false,236,8,0.033898,141,string,待确认,,genomic,,,false
data/raw/AACR GENIE Biopharma Collaborative Public/Data Releases/PANC/1.0-public/cBioPortal_files/data_sv.txt,Site2_Hugo_Symbol,Site2_Hugo_Symbol,false,236,80,0.338983,69,string,待确认,,genomic,,,false
data/raw/AACR GENIE Biopharma Collaborative Public/Data Releases/PANC/1.0-public/cBioPortal_files/data_sv.txt,Site1_Ensembl_Transcript_Id,Site1_Ensembl_Transcript_Id,false,236,236,1.0,0,empty_or_unknown,待确认,,待确认,,,false
data/raw/AACR GENIE Biopharma Collaborative Public/Data Releases/PANC/1.0-public/cBioPortal_files/data_sv.txt,Site2_Ensembl_Transcript_Id,Site2_Ensembl_Transcript_Id,false,236,236,1.0,0,empty_or_unknown,待确认,,待确认,,,false
data/raw/AACR GENIE Biopharma Collaborative Public/Data Releases/PANC/1.0-public/cBioPortal_files/data_sv.txt,Site1_Entrez_Gene_Id,Site1_Entrez_Gene_Id,false,236,220,0.932203,14,integer,待确认,,genomic,,,false
data/raw/AACR GENIE Biopharma Collaborative Public/Data Releases/PANC/1.0-public/cBioPortal_files/data_sv.txt,Site2_Entrez_Gene_Id,Site2_Entrez_Gene_Id,false,236,228,0.966102,8,integer,待确认,,genomic,,,false
data/raw/AACR GENIE Biopharma Collaborative Public/Data Releases/PANC/1.0-public/cBioPortal_files/data_sv.txt,Site1_Region_Number,Site1_Region_Number,false,236,236,1.0,0,empty_or_unknown,待确认,,待确认,,,false
data/raw/AACR GENIE Biopharma Collaborative Public/Data Releases/PANC/1.0-public/cBioPortal_files/data_sv.txt,Site2_Region_Number,Site2_Region_Number,false,236,236,1.0,0,empty_or_unknown,待确认,,待确认,,,false
data/raw/AACR GENIE Biopharma Collaborative Public/Data Releases/PANC/1.0-public/cBioPortal_files/data_sv.txt,Site1_Region,Site1_Region,false,236,236,1.0,0,empty_or_unknown,待确认,,待确认,,,false
data/raw/AACR GENIE Biopharma Collaborative Public/Data Releases/PANC/1.0-public/cBioPortal_files/data_sv.txt,Site2_Region,Site2_Region,false,236,236,1.0,0,empty_or_unknown,待确认,,待确认,,,false
data/raw/AACR GENIE Biopharma Collaborative Public/Data Releases/PANC/1.0-public/cBioPortal_files/data_sv.txt,Site1_Chromosome,Site1_Chromosome,false,236,136,0.576271,22,mixed_string,待确认,,date_or_relative_time,relative_date_or_event_interval; confirm event meaning in data dictionary,,false
data/raw/AACR GENIE Biopharma Collaborative Public/Data Releases/PANC/1.0-public/cBioPortal_files/data_sv.txt,Site2_Chromosome,Site2_Chromosome,false,236,136,0.576271,21,mixed_string,待确认,,date_or_relative_time,relative_date_or_event_interval; confirm event meaning in data dictionary,,false
data/raw/AACR GENIE Biopharma Collaborative Public/Data Releases/PANC/1.0-public/cBioPortal_files/data_sv.txt,Site1_Contig,Site1_Contig,false,236,236,1.0,0,empty_or_unknown,待确认,,待确认,,,false
data/raw/AACR GENIE Biopharma Collaborative Public/Data Releases/PANC/1.0-public/cBioPortal_files/data_sv.txt,Site2_Contig,Site2_Contig,false,236,236,1.0,0,empty_or_unknown,待确认,,待确认,,,false
data/raw/AACR GENIE Biopharma Collaborative Public/Data Releases/PANC/1.0-public/cBioPortal_files/data_sv.txt,Site1_Position,Site1_Position,false,236,136,0.576271,98,integer,待确认,,待确认,,,false
data/raw/AACR GENIE Biopharma Collaborative Public/Data Releases/PANC/1.0-public/cBioPortal_files/data_sv.txt,Site2_Position,Site2_Position,false,236,136,0.576271,99,integer,待确认,,待确认,,,false
data/raw/AACR GENIE Biopharma Collaborative Public/Data Releases/PANC/1.0-public/cBioPortal_files/data_sv.txt,Site1_Description,Site1_Description,false,236,136,0.576271,98,string,待确认,,待确认,,,false
data/raw/AACR GENIE Biopharma Collaborative Public/Data Releases/PANC/1.0-public/cBioPortal_files/data_sv.txt,Site2_Description,Site2_Description,false,236,136,0.576271,100,string,待确认,,待确认,,,false
data/raw/AACR GENIE Biopharma Collaborative Public/Data Releases/PANC/1.0-public/cBioPortal_files/data_sv.txt,Site2_Effect_On_Frame,Site2_Effect_On_Frame,false,236,111,0.470339,<5,string,待确认,,待确认,,,false
data/raw/AACR GENIE Biopharma Collaborative Public/Data Releases/PANC/1.0-public/cBioPortal_files/data_sv.txt,NCBI_Build,NCBI_Build,false,236,109,0.461864,<5,string,待确认,,待确认,,,false
data/raw/AACR GENIE Biopharma Collaborative Public/Data Releases/PANC/1.0-public/cBioPortal_files/data_sv.txt,Class,Class,false,236,136,0.576271,<5,string,待确认,,待确认,,,false
data/raw/AACR GENIE Biopharma Collaborative Public/Data Releases/PANC/1.0-public/cBioPortal_files/data_sv.txt,Tumor_Split_Read_Count,Tumor_Split_Read_Count,false,236,176,0.745763,21,mixed_integer,待确认,,待确认,,,false
data/raw/AACR GENIE Biopharma Collaborative Public/Data Releases/PANC/1.0-public/cBioPortal_files/data_sv.txt,Tumor_Paried_End_Read_Count,Tumor_Paried_End_Read_Count,false,236,236,1.0,0,empty_or_unknown,待确认,,date_or_relative_time,relative_date_or_event_interval; confirm event meaning in data dictionary,potential_future_or_outcome_field; exclude from t0 inputs unless time-aligned,false
data/raw/AACR GENIE Biopharma Collaborative Public/Data Releases/PANC/1.0-public/cBioPortal_files/data_sv.txt,Event_Info,Event_Info,false,236,0,0.0,173,string,待确认,,待确认,,,false
data/raw/AACR GENIE Biopharma Collaborative Public/Data Releases/PANC/1.0-public/cBioPortal_files/data_sv.txt,Breakpoint_Type,Breakpoint_Type,false,236,136,0.576271,<5,string,待确认,,待确认,,,false
data/raw/AACR GENIE Biopharma Collaborative Public/Data Releases/PANC/1.0-public/cBioPortal_files/data_sv.txt,Connection_Type,Connection_Type,false,236,136,0.576271,<5,string,待确认,,待确认,,,false
data/raw/AACR GENIE Biopharma Collaborative Public/Data Releases/PANC/1.0-public/cBioPortal_files/data_sv.txt,Annotation,Annotation,false,236,125,0.529661,104,string,待确认,,待确认,,,false
data/raw/AACR GENIE Biopharma Collaborative Public/Data Releases/PANC/1.0-public/cBioPortal_files/data_sv.txt,DNA_Support,DNA_Support,false,236,0,0.0,<5,mixed_string,待确认,,待确认,,,false
data/raw/AACR GENIE Biopharma Collaborative Public/Data Releases/PANC/1.0-public/cBioPortal_files/data_sv.txt,RNA_Support,RNA_Support,false,236,16,0.067797,<5,mixed_string,待确认,,待确认,,,false
data/raw/AACR GENIE Biopharma Collaborative Public/Data Releases/PANC/1.0-public/cBioPortal_files/data_sv.txt,SV_Length,SV_Length,false,236,136,0.576271,92,mixed_integer,待确认,,待确认,,,false
data/raw/AACR GENIE Biopharma Collaborative Public/Data Releases/PANC/1.0-public/cBioPortal_files/data_sv.txt,Normal_Read_Count,Normal_Read_Count,false,236,136,0.576271,92,mixed_integer,待确认,,待确认,,,false
data/raw/AACR GENIE Biopharma Collaborative Public/Data Releases/PANC/1.0-public/cBioPortal_files/data_sv.txt,Tumor_Read_Count,Tumor_Read_Count,false,236,136,0.576271,92,mixed_integer,待确认,,待确认,,,false
data/raw/AACR GENIE Biopharma Collaborative Public/Data Releases/PANC/1.0-public/cBioPortal_files/data_sv.txt,Normal_Variant_Count,Normal_Variant_Count,false,236,138,0.584746,<5,boolean,待确认,,genomic,,,false
data/raw/AACR GENIE Biopharma Collaborative Public/Data Releases/PANC/1.0-public/cBioPortal_files/data_sv.txt,Tumor_Variant_Count,Tumor_Variant_Count,false,236,138,0.584746,55,integer,待确认,,genomic,,,false
data/raw/AACR GENIE Biopharma Collaborative Public/Data Releases/PANC/1.0-public/cBioPortal_files/data_sv.txt,Normal_Paired_End_Read_Count,Normal_Paired_End_Read_Count,false,236,236,1.0,0,empty_or_unknown,待确认,,date_or_relative_time,relative_date_or_event_interval; confirm event meaning in data dictionary,potential_future_or_outcome_field; exclude from t0 inputs unless time-aligned,false
data/raw/AACR GENIE Biopharma Collaborative Public/Data Releases/PANC/1.0-public/cBioPortal_files/data_sv.txt,Normal_Split_Read_Count,Normal_Split_Read_Count,false,236,236,1.0,0,empty_or_unknown,待确认,,待确认,,,false
data/raw/AACR GENIE Biopharma Collaborative Public/Data Releases/PANC/1.0-public/cBioPortal_files/data_sv.txt,Comments,Comments,false,236,125,0.529661,111,string,待确认,,待确认,,,false
data/raw/AACR GENIE Biopharma Collaborative Public/Data Releases/PANC/1.0-public/cBioPortal_files/data_timeline_cancer_diagnosis.txt,PATIENT_ID,PATIENT_ID,false,1389,0,0.0,1109,string,待确认,,patient_key_or_patient_level,,,false
data/raw/AACR GENIE Biopharma Collaborative Public/Data Releases/PANC/1.0-public/cBioPortal_files/data_timeline_cancer_diagnosis.txt,START_DATE,START_DATE,false,1389,0,0.0,261,mixed_integer,待确认,,date_or_relative_time,relative_date_or_event_interval; confirm event meaning in data dictionary,,false
data/raw/AACR GENIE Biopharma Collaborative Public/Data Releases/PANC/1.0-public/cBioPortal_files/data_timeline_cancer_diagnosis.txt,STOP_DATE,STOP_DATE,false,1389,1389,1.0,0,empty_or_unknown,待确认,,date_or_relative_time,relative_date_or_event_interval; confirm event meaning in data dictionary,,false
data/raw/AACR GENIE Biopharma Collaborative Public/Data Releases/PANC/1.0-public/cBioPortal_files/data_timeline_cancer_diagnosis.txt,EVENT_TYPE,EVENT_TYPE,false,1389,0,0.0,<5,string,待确认,,待确认,,,false
data/raw/AACR GENIE Biopharma Collaborative Public/Data Releases/PANC/1.0-public/cBioPortal_files/data_timeline_cancer_diagnosis.txt,AGE_DX,AGE_DX,false,1389,0,0.0,60,integer,Age (Years) at Diagnosis,data/raw/AACR GENIE Biopharma Collaborative Public/Data Releases/PANC/1.0-public/【变量描述表格】GENIE-BPC-PANC-v1.0-public-Variable-Synopsis.xlsx::Variable Synopsis,待确认,,,false
data/raw/AACR GENIE Biopharma Collaborative Public/Data Releases/PANC/1.0-public/cBioPortal_files/data_timeline_cancer_diagnosis.txt,CA_HIST_ADENO_SQUAMOUS,CA_HIST_ADENO_SQUAMOUS,false,1389,279,0.200864,5,string,Histology Category,data/raw/AACR GENIE Biopharma Collaborative Public/Data Releases/PANC/1.0-public/【变量描述表格】GENIE-BPC-PANC-v1.0-public-Variable-Synopsis.xlsx::Variable Synopsis,diagnosis_or_disease_status,,,false
data/raw/AACR GENIE Biopharma Collaborative Public/Data Releases/PANC/1.0-public/cBioPortal_files/data_timeline_cancer_diagnosis.txt,CA_HISTOLOGY,CA_HISTOLOGY,false,1389,523,0.37653,62,string,Histology,data/raw/AACR GENIE Biopharma Collaborative Public/Data Releases/PANC/1.0-public/【变量描述表格】GENIE-BPC-PANC-v1.0-public-Variable-Synopsis.xlsx::Variable Synopsis,diagnosis_or_disease_status,,,false
data/raw/AACR GENIE Biopharma Collaborative Public/Data Releases/PANC/1.0-public/cBioPortal_files/data_timeline_cancer_diagnosis.txt,CA_N_REGIMENS,CA_N_REGIMENS,false,1389,0,0.0,13,mixed_integer,Number of Regimens Associated with the Cancer Diagnosis,data/raw/AACR GENIE Biopharma Collaborative Public/Data Releases/PANC/1.0-public/【变量描述表格】GENIE-BPC-PANC-v1.0-public-Variable-Synopsis.xlsx::Variable Synopsis,treatment,,,false
data/raw/AACR GENIE Biopharma Collaborative Public/Data Releases/PANC/1.0-public/cBioPortal_files/data_timeline_cancer_diagnosis.txt,CANCER_NO,CANCER_NO,false,1389,0,0.0,7,mixed_integer,待确认,,待确认,,,false
data/raw/AACR GENIE Biopharma Collaborative Public/Data Releases/PANC/1.0-public/cBioPortal_files/data_timeline_cancer_diagnosis.txt,CA_TX_PRE_PATH_STAGE,CA_TX_PRE_PATH_STAGE,false,1389,648,0.466523,<5,mixed_string,Neoadjuvant Chemotherapy or Radiation Therapy Before Pathologic Stage Diagnosis,data/raw/AACR GENIE Biopharma Collaborative Public/Data Releases/PANC/1.0-public/【变量描述表格】GENIE-BPC-PANC-v1.0-public-Variable-Synopsis.xlsx::Variable Synopsis,diagnosis_or_disease_status,,,false
data/raw/AACR GENIE Biopharma Collaborative Public/Data Releases/PANC/1.0-public/cBioPortal_files/data_timeline_cancer_diagnosis.txt,CA_D_TYPE,CA_D_TYPE,false,1389,9,0.006479,33,string,待确认,,diagnosis_or_disease_status,,,false
data/raw/AACR GENIE Biopharma Collaborative Public/Data Releases/PANC/1.0-public/cBioPortal_files/data_timeline_cancer_diagnosis.txt,INDEX_CANCER,INDEX_CANCER,false,1389,0,0.0,<5,boolean,待确认,,待确认,,,false
data/raw/AACR GENIE Biopharma Collaborative Public/Data Releases/PANC/1.0-public/cBioPortal_files/data_timeline_cancer_diagnosis.txt,STAGE_DX,STAGE_DX,false,1389,165,0.11879,6,string,Derived Stage at Diagnosis,data/raw/AACR GENIE Biopharma Collaborative Public/Data Releases/PANC/1.0-public/【变量描述表格】GENIE-BPC-PANC-v1.0-public-Variable-Synopsis.xlsx::Variable Synopsis,diagnosis_or_disease_status,,,false
data/raw/AACR GENIE Biopharma Collaborative Public/Data Releases/PANC/1.0-public/cBioPortal_files/data_timeline_imaging.txt,PATIENT_ID,PATIENT_ID,false,14520,0,0.0,1094,string,待确认,,patient_key_or_patient_level,,,false
data/raw/AACR GENIE Biopharma Collaborative Public/Data Releases/PANC/1.0-public/cBioPortal_files/data_timeline_imaging.txt,START_DATE,START_DATE,false,14520,0,0.0,2302,mixed_integer,待确认,,date_or_relative_time,relative_date_or_event_interval; confirm event meaning in data dictionary,,false
data/raw/AACR GENIE Biopharma Collaborative Public/Data Releases/PANC/1.0-public/cBioPortal_files/data_timeline_imaging.txt,STOP_DATE,STOP_DATE,false,14520,14520,1.0,0,empty_or_unknown,待确认,,date_or_relative_time,relative_date_or_event_interval; confirm event meaning in data dictionary,,false
data/raw/AACR GENIE Biopharma Collaborative Public/Data Releases/PANC/1.0-public/cBioPortal_files/data_timeline_imaging.txt,EVENT_TYPE,EVENT_TYPE,false,14520,0,0.0,<5,string,待确认,,待确认,,,false
data/raw/AACR GENIE Biopharma Collaborative Public/Data Releases/PANC/1.0-public/cBioPortal_files/data_timeline_imaging.txt,CANCER_STATUS,CANCER_STATUS,false,14520,0,0.0,<5,string,待确认,,待确认,,,false
data/raw/AACR GENIE Biopharma Collaborative Public/Data Releases/PANC/1.0-public/cBioPortal_files/data_timeline_imaging.txt,CURATED_CANCER_STATUS,CURATED_CANCER_STATUS,false,14520,5502,0.378926,5,string,待确认,,待确认,,,false
data/raw/AACR GENIE Biopharma Collaborative Public/Data Releases/PANC/1.0-public/cBioPortal_files/data_timeline_imaging.txt,IMAGE_SCAN_TYPE,IMAGE_SCAN_TYPE,false,14520,0,0.0,6,string,Imaging Scan Type,data/raw/AACR GENIE Biopharma Collaborative Public/Data Releases/PANC/1.0-public/【变量描述表格】GENIE-BPC-PANC-v1.0-public-Variable-Synopsis.xlsx::Variable Synopsis,待确认,,,false
data/raw/AACR GENIE Biopharma Collaborative Public/Data Releases/PANC/1.0-public/cBioPortal_files/data_timeline_imaging.txt,INSTITUTION,INSTITUTION,false,14520,0,0.0,<5,string,Institution,data/raw/AACR GENIE Biopharma Collaborative Public/Data Releases/PANC/1.0-public/【变量描述表格】GENIE-BPC-PANC-v1.0-public-Variable-Synopsis.xlsx::Variable Synopsis,source_or_version,,,false
data/raw/AACR GENIE Biopharma Collaborative Public/Data Releases/PANC/1.0-public/cBioPortal_files/data_timeline_imaging.txt,SCAN_NUMBER,SCAN_NUMBER,false,14520,0,0.0,105,mixed_integer,Imaging Report Number,data/raw/AACR GENIE Biopharma Collaborative Public/Data Releases/PANC/1.0-public/【变量描述表格】GENIE-BPC-PANC-v1.0-public-Variable-Synopsis.xlsx::Variable Synopsis,待确认,,,false
data/raw/AACR GENIE Biopharma Collaborative Public/Data Releases/PANC/1.0-public/cBioPortal_files/data_timeline_imaging.txt,SCAN_SITES,SCAN_SITES,false,14520,0,0.0,27,string,Imaging Sites,data/raw/AACR GENIE Biopharma Collaborative Public/Data Releases/PANC/1.0-public/【变量描述表格】GENIE-BPC-PANC-v1.0-public-Variable-Synopsis.xlsx::Variable Synopsis,待确认,,,false
data/raw/AACR GENIE Biopharma Collaborative Public/Data Releases/PANC/1.0-public/cBioPortal_files/data_timeline_labtest.txt,PATIENT_ID,PATIENT_ID,false,17718,0,0.0,937,string,待确认,,patient_key_or_patient_level,,,false
data/raw/AACR GENIE Biopharma Collaborative Public/Data Releases/PANC/1.0-public/cBioPortal_files/data_timeline_labtest.txt,START_DATE,START_DATE,false,17718,0,0.0,2394,mixed_integer,待确认,,date_or_relative_time,relative_date_or_event_interval; confirm event meaning in data dictionary,,false
data/raw/AACR GENIE Biopharma Collaborative Public/Data Releases/PANC/1.0-public/cBioPortal_files/data_timeline_labtest.txt,STOP_DATE,STOP_DATE,false,17718,17718,1.0,0,empty_or_unknown,待确认,,date_or_relative_time,relative_date_or_event_interval; confirm event meaning in data dictionary,,false
data/raw/AACR GENIE Biopharma Collaborative Public/Data Releases/PANC/1.0-public/cBioPortal_files/data_timeline_labtest.txt,EVENT_TYPE,EVENT_TYPE,false,17718,0,0.0,<5,string,待确认,,待确认,,,false
data/raw/AACR GENIE Biopharma Collaborative Public/Data Releases/PANC/1.0-public/cBioPortal_files/data_timeline_labtest.txt,TM_NORMAL_RANGE_UPPER,TM_NORMAL_RANGE_UPPER,false,17718,982,0.055424,16,float,Tumor Marker Upper Limit of Normal,data/raw/AACR GENIE Biopharma Collaborative Public/Data Releases/PANC/1.0-public/【变量描述表格】GENIE-BPC-PANC-v1.0-public-Variable-Synopsis.xlsx::Variable Synopsis,待确认,,,false
data/raw/AACR GENIE Biopharma Collaborative Public/Data Releases/PANC/1.0-public/cBioPortal_files/data_timeline_labtest.txt,RESULT,RESULT,false,17718,0,0.0,4577,mixed_float,待确认,,待确认,,,false
data/raw/AACR GENIE Biopharma Collaborative Public/Data Releases/PANC/1.0-public/cBioPortal_files/data_timeline_labtest.txt,TM_NUMBER,TM_NUMBER,false,17718,0,0.0,143,mixed_integer,Tumor Marker Assessment Number,data/raw/AACR GENIE Biopharma Collaborative Public/Data Releases/PANC/1.0-public/【变量描述表格】GENIE-BPC-PANC-v1.0-public-Variable-Synopsis.xlsx::Variable Synopsis,待确认,,,false
data/raw/AACR GENIE Biopharma Collaborative Public/Data Releases/PANC/1.0-public/cBioPortal_files/data_timeline_labtest.txt,TM_RESULT_UNITS,TM_RESULT_UNITS,false,17718,<5,0.000113,<5,string,Tumor Marker Result Unit,data/raw/AACR GENIE Biopharma Collaborative Public/Data Releases/PANC/1.0-public/【变量描述表格】GENIE-BPC-PANC-v1.0-public-Variable-Synopsis.xlsx::Variable Synopsis,待确认,,,false
data/raw/AACR GENIE Biopharma Collaborative Public/Data Releases/PANC/1.0-public/cBioPortal_files/data_timeline_labtest.txt,TEST,TEST,false,17718,0,0.0,<5,string,待确认,,待确认,,,false
data/raw/AACR GENIE Biopharma Collaborative Public/Data Releases/PANC/1.0-public/cBioPortal_files/data_timeline_medonc.txt,PATIENT_ID,PATIENT_ID,false,15870,0,0.0,1100,string,待确认,,patient_key_or_patient_level,,,false
data/raw/AACR GENIE Biopharma Collaborative Public/Data Releases/PANC/1.0-public/cBioPortal_files/data_timeline_medonc.txt,START_DATE,START_DATE,false,15870,0,0.0,2440,mixed_integer,待确认,,date_or_relative_time,relative_date_or_event_interval; confirm event meaning in data dictionary,,false
data/raw/AACR GENIE Biopharma Collaborative Public/Data Releases/PANC/1.0-public/cBioPortal_files/data_timeline_medonc.txt,STOP_DATE,STOP_DATE,false,15870,15870,1.0,0,empty_or_unknown,待确认,,date_or_relative_time,relative_date_or_event_interval; confirm event meaning in data dictionary,,false
data/raw/AACR GENIE Biopharma Collaborative Public/Data Releases/PANC/1.0-public/cBioPortal_files/data_timeline_medonc.txt,EVENT_TYPE,EVENT_TYPE,false,15870,0,0.0,<5,string,待确认,,待确认,,,false
data/raw/AACR GENIE Biopharma Collaborative Public/Data Releases/PANC/1.0-public/cBioPortal_files/data_timeline_medonc.txt,CANCER_STATUS,CANCER_STATUS,false,15870,0,0.0,<5,string,待确认,,待确认,,,false
data/raw/AACR GENIE Biopharma Collaborative Public/Data Releases/PANC/1.0-public/cBioPortal_files/data_timeline_medonc.txt,CURATED_CANCER_STATUS,CURATED_CANCER_STATUS,false,15870,3529,0.222369,5,string,待确认,,待确认,,,false
data/raw/AACR GENIE Biopharma Collaborative Public/Data Releases/PANC/1.0-public/cBioPortal_files/data_timeline_medonc.txt,CANCER_SUBTYPE_CURATED,CANCER_SUBTYPE_CURATED,false,15870,0,0.0,<5,string,待确认,,待确认,,,false
data/raw/AACR GENIE Biopharma Collaborative Public/Data Releases/PANC/1.0-public/cBioPortal_files/data_timeline_medonc.txt,VISIT_NUMBER,VISIT_NUMBER,false,15870,0,0.0,87,mixed_integer,待确认,,待确认,,,false
data/raw/AACR GENIE Biopharma Collaborative Public/Data Releases/PANC/1.0-public/cBioPortal_files/data_timeline_pathology.txt,PATIENT_ID,PATIENT_ID,false,3532,0,0.0,1109,string,待确认,,patient_key_or_patient_level,,,false
data/raw/AACR GENIE Biopharma Collaborative Public/Data Releases/PANC/1.0-public/cBioPortal_files/data_timeline_pathology.txt,START_DATE,START_DATE,false,3532,0,0.0,915,mixed_integer,待确认,,date_or_relative_time,relative_date_or_event_interval; confirm event meaning in data dictionary,,false
data/raw/AACR GENIE Biopharma Collaborative Public/Data Releases/PANC/1.0-public/cBioPortal_files/data_timeline_pathology.txt,STOP_DATE,STOP_DATE,false,3532,3532,1.0,0,empty_or_unknown,待确认,,date_or_relative_time,relative_date_or_event_interval; confirm event meaning in data dictionary,,false
data/raw/AACR GENIE Biopharma Collaborative Public/Data Releases/PANC/1.0-public/cBioPortal_files/data_timeline_pathology.txt,EVENT_TYPE,EVENT_TYPE,false,3532,0,0.0,<5,string,待确认,,待确认,,,false
data/raw/AACR GENIE Biopharma Collaborative Public/Data Releases/PANC/1.0-public/cBioPortal_files/data_timeline_pathology.txt,N_SPECIMEN_INSITU,N_SPECIMEN_INSITU,false,3532,0,0.0,5,mixed_integer,Number of Specimens with In Situ Cancer in Pathology Report,data/raw/AACR GENIE Biopharma Collaborative Public/Data Releases/PANC/1.0-public/【变量描述表格】GENIE-BPC-PANC-v1.0-public-Variable-Synopsis.xlsx::Variable Synopsis,待确认,,,false
data/raw/AACR GENIE Biopharma Collaborative Public/Data Releases/PANC/1.0-public/cBioPortal_files/data_timeline_pathology.txt,N_SPECIMEN_INV,N_SPECIMEN_INV,false,3532,0,0.0,12,mixed_integer,Number of Specimens with Invasive Cancer in Pathology Report,data/raw/AACR GENIE Biopharma Collaborative Public/Data Releases/PANC/1.0-public/【变量描述表格】GENIE-BPC-PANC-v1.0-public-Variable-Synopsis.xlsx::Variable Synopsis,待确认,,,false
data/raw/AACR GENIE Biopharma Collaborative Public/Data Releases/PANC/1.0-public/cBioPortal_files/data_timeline_pathology.txt,PATH_CA_INV_ANY,PATH_CA_INV_ANY,false,3532,0,0.0,<5,boolean,Invasive Cancer Found in at Least One Specimen in the Pathology Report,data/raw/AACR GENIE Biopharma Collaborative Public/Data Releases/PANC/1.0-public/【变量描述表格】GENIE-BPC-PANC-v1.0-public-Variable-Synopsis.xlsx::Variable Synopsis,待确认,,,false
data/raw/AACR GENIE Biopharma Collaborative Public/Data Releases/PANC/1.0-public/cBioPortal_files/data_timeline_pathology.txt,PATH_INSITU_ANY,PATH_INSITU_ANY,false,3532,0,0.0,<5,boolean,In Situ Cancer Found in at Least One Specimen in the Pathology Report,data/raw/AACR GENIE Biopharma Collaborative Public/Data Releases/PANC/1.0-public/【变量描述表格】GENIE-BPC-PANC-v1.0-public-Variable-Synopsis.xlsx::Variable Synopsis,待确认,,,false
data/raw/AACR GENIE Biopharma Collaborative Public/Data Releases/PANC/1.0-public/cBioPortal_files/data_timeline_pathology.txt,PATH_PROC_NUMBER,PATH_PROC_NUMBER,false,3532,0,0.0,54,mixed_integer,Pathology Procedure Number of NGS Specimen,data/raw/AACR GENIE Biopharma Collaborative Public/Data Releases/PANC/1.0-public/【变量描述表格】GENIE-BPC-PANC-v1.0-public-Variable-Synopsis.xlsx::Variable Synopsis,待确认,,,false
data/raw/AACR GENIE Biopharma Collaborative Public/Data Releases/PANC/1.0-public/cBioPortal_files/data_timeline_pathology.txt,PATH_PROC_TYPE,PATH_PROC_TYPE,false,3532,0,0.0,<5,string,Pathology Type,data/raw/AACR GENIE Biopharma Collaborative Public/Data Releases/PANC/1.0-public/【变量描述表格】GENIE-BPC-PANC-v1.0-public-Variable-Synopsis.xlsx::Variable Synopsis,待确认,,,false
data/raw/AACR GENIE Biopharma Collaborative Public/Data Releases/PANC/1.0-public/cBioPortal_files/data_timeline_pathology.txt,PATH_REP_NUMBER,PATH_REP_NUMBER,false,3532,0,0.0,5,mixed_integer,Pathology Report Number of NGS Specimen,data/raw/AACR GENIE Biopharma Collaborative Public/Data Releases/PANC/1.0-public/【变量描述表格】GENIE-BPC-PANC-v1.0-public-Variable-Synopsis.xlsx::Variable Synopsis,待确认,,,false
data/raw/AACR GENIE Biopharma Collaborative Public/Data Releases/PANC/1.0-public/cBioPortal_files/data_timeline_pathology.txt,PDL1_POSITIVE_ANY,PDL1_POSITIVE_ANY,false,3532,3513,0.994621,<5,boolean,Any Positive PD-L1 Result Reported on Pathology Report,data/raw/AACR GENIE Biopharma Collaborative Public/Data Releases/PANC/1.0-public/【变量描述表格】GENIE-BPC-PANC-v1.0-public-Variable-Synopsis.xlsx::Variable Synopsis,待确认,,,false
data/raw/AACR GENIE Biopharma Collaborative Public/Data Releases/PANC/1.0-public/cBioPortal_files/data_timeline_pathology.txt,PDL1_TESTING,PDL1_TESTING,false,3532,0,0.0,<5,boolean,Any PD-L1 Testing Reported on Pathology Report,data/raw/AACR GENIE Biopharma Collaborative Public/Data Releases/PANC/1.0-public/【变量描述表格】GENIE-BPC-PANC-v1.0-public-Variable-Synopsis.xlsx::Variable Synopsis,待确认,,,false
data/raw/AACR GENIE Biopharma Collaborative Public/Data Releases/PANC/1.0-public/cBioPortal_files/data_timeline_sample_acquisition.txt,PATIENT_ID,PATIENT_ID,false,1130,0,0.0,1109,string,待确认,,patient_key_or_patient_level,,,false
data/raw/AACR GENIE Biopharma Collaborative Public/Data Releases/PANC/1.0-public/cBioPortal_files/data_timeline_sample_acquisition.txt,START_DATE,START_DATE,false,1130,0,0.0,251,mixed_integer,待确认,,date_or_relative_time,relative_date_or_event_interval; confirm event meaning in data dictionary,,false
data/raw/AACR GENIE Biopharma Collaborative Public/Data Releases/PANC/1.0-public/cBioPortal_files/data_timeline_sample_acquisition.txt,STOP_DATE,STOP_DATE,false,1130,1130,1.0,0,empty_or_unknown,待确认,,date_or_relative_time,relative_date_or_event_interval; confirm event meaning in data dictionary,,false
data/raw/AACR GENIE Biopharma Collaborative Public/Data Releases/PANC/1.0-public/cBioPortal_files/data_timeline_sample_acquisition.txt,EVENT_TYPE,EVENT_TYPE,false,1130,0,0.0,<5,string,待确认,,待确认,,,false
data/raw/AACR GENIE Biopharma Collaborative Public/Data Releases/PANC/1.0-public/cBioPortal_files/data_timeline_sample_acquisition.txt,CA_SEQ,CA_SEQ,false,1130,0,0.0,5,mixed_integer,Cancer Diagnosis Number Associated with NGS Test,data/raw/AACR GENIE Biopharma Collaborative Public/Data Releases/PANC/1.0-public/【变量描述表格】GENIE-BPC-PANC-v1.0-public-Variable-Synopsis.xlsx::Variable Synopsis,diagnosis_or_disease_status,,,false
data/raw/AACR GENIE Biopharma Collaborative Public/Data Releases/PANC/1.0-public/cBioPortal_files/data_timeline_sample_acquisition.txt,SAMPLE_ID,SAMPLE_ID,false,1130,0,0.0,1130,string,待确认,,sample_or_ngs_key,,,true
data/raw/AACR GENIE Biopharma Collaborative Public/Data Releases/PANC/1.0-public/cBioPortal_files/data_timeline_sample_acquisition.txt,CPT_NUMBER,CPT_NUMBER,false,1130,0,0.0,<5,mixed_integer,Cancer Panel Test (Next Generation Sequencing) Number,data/raw/AACR GENIE Biopharma Collaborative Public/Data Releases/PANC/1.0-public/【变量描述表格】GENIE-BPC-PANC-v1.0-public-Variable-Synopsis.xlsx::Variable Synopsis,待确认,,,false
data/raw/AACR GENIE Biopharma Collaborative Public/Data Releases/PANC/1.0-public/cBioPortal_files/data_timeline_sample_acquisition.txt,PATH_PROC_NUMBER,PATH_PROC_NUMBER,false,1130,0,0.0,8,mixed_integer,Pathology Procedure Number of NGS Specimen,data/raw/AACR GENIE Biopharma Collaborative Public/Data Releases/PANC/1.0-public/【变量描述表格】GENIE-BPC-PANC-v1.0-public-Variable-Synopsis.xlsx::Variable Synopsis,待确认,,,false
data/raw/AACR GENIE Biopharma Collaborative Public/Data Releases/PANC/1.0-public/cBioPortal_files/data_timeline_sequencing.txt,PATIENT_ID,PATIENT_ID,false,1133,0,0.0,1109,string,待确认,,patient_key_or_patient_level,,,false
data/raw/AACR GENIE Biopharma Collaborative Public/Data Releases/PANC/1.0-public/cBioPortal_files/data_timeline_sequencing.txt,START_DATE,START_DATE,false,1133,0,0.0,528,integer,待确认,,date_or_relative_time,relative_date_or_event_interval; confirm event meaning in data dictionary,,false
data/raw/AACR GENIE Biopharma Collaborative Public/Data Releases/PANC/1.0-public/cBioPortal_files/data_timeline_sequencing.txt,STOP_DATE,STOP_DATE,false,1133,1133,1.0,0,empty_or_unknown,待确认,,date_or_relative_time,relative_date_or_event_interval; confirm event meaning in data dictionary,,false
data/raw/AACR GENIE Biopharma Collaborative Public/Data Releases/PANC/1.0-public/cBioPortal_files/data_timeline_sequencing.txt,EVENT_TYPE,EVENT_TYPE,false,1133,0,0.0,<5,string,待确认,,待确认,,,false
data/raw/AACR GENIE Biopharma Collaborative Public/Data Releases/PANC/1.0-public/cBioPortal_files/data_timeline_sequencing.txt,CA_SEQ,CA_SEQ,false,1133,0,0.0,5,mixed_integer,Cancer Diagnosis Number Associated with NGS Test,data/raw/AACR GENIE Biopharma Collaborative Public/Data Releases/PANC/1.0-public/【变量描述表格】GENIE-BPC-PANC-v1.0-public-Variable-Synopsis.xlsx::Variable Synopsis,diagnosis_or_disease_status,,,false
data/raw/AACR GENIE Biopharma Collaborative Public/Data Releases/PANC/1.0-public/cBioPortal_files/data_timeline_sequencing.txt,SAMPLE_ID,SAMPLE_ID,false,1133,0,0.0,1130,string,待确认,,sample_or_ngs_key,,,false
data/raw/AACR GENIE Biopharma Collaborative Public/Data Releases/PANC/1.0-public/cBioPortal_files/data_timeline_sequencing.txt,CPT_NUMBER,CPT_NUMBER,false,1133,0,0.0,<5,mixed_integer,Cancer Panel Test (Next Generation Sequencing) Number,data/raw/AACR GENIE Biopharma Collaborative Public/Data Releases/PANC/1.0-public/【变量描述表格】GENIE-BPC-PANC-v1.0-public-Variable-Synopsis.xlsx::Variable Synopsis,待确认,,,false
data/raw/AACR GENIE Biopharma Collaborative Public/Data Releases/PANC/1.0-public/cBioPortal_files/data_timeline_treatment.txt,PATIENT_ID,PATIENT_ID,false,7670,0,0.0,1034,string,待确认,,patient_key_or_patient_level,,,false
data/raw/AACR GENIE Biopharma Collaborative Public/Data Releases/PANC/1.0-public/cBioPortal_files/data_timeline_treatment.txt,START_DATE,START_DATE,false,7670,0,0.0,1210,mixed_integer,待确认,,date_or_relative_time,relative_date_or_event_interval; confirm event meaning in data dictionary,,false
data/raw/AACR GENIE Biopharma Collaborative Public/Data Releases/PANC/1.0-public/cBioPortal_files/data_timeline_treatment.txt,STOP_DATE,STOP_DATE,false,7670,516,0.067275,1262,integer,待确认,,date_or_relative_time,relative_date_or_event_interval; confirm event meaning in data dictionary,,false
data/raw/AACR GENIE Biopharma Collaborative Public/Data Releases/PANC/1.0-public/cBioPortal_files/data_timeline_treatment.txt,EVENT_TYPE,EVENT_TYPE,false,7670,0,0.0,<5,string,待确认,,待确认,,,false
data/raw/AACR GENIE Biopharma Collaborative Public/Data Releases/PANC/1.0-public/cBioPortal_files/data_timeline_treatment.txt,TREATMENT_TYPE,TREATMENT_TYPE,false,7670,0,0.0,<5,string,待确认,,待确认,,,false
data/raw/AACR GENIE Biopharma Collaborative Public/Data Releases/PANC/1.0-public/cBioPortal_files/data_timeline_treatment.txt,AGENT,AGENT,false,7670,510,0.066493,48,string,待确认,,待确认,,,false
data/raw/AACR GENIE Biopharma Collaborative Public/Data Releases/PANC/1.0-public/cBioPortal_files/data_timeline_treatment.txt,REGIMEN,REGIMEN,false,7670,510,0.066493,123,string,待确认,,treatment,,,false
data/raw/AACR GENIE Biopharma Collaborative Public/Data Releases/PANC/1.0-public/cBioPortal_files/data_timeline_treatment.txt,REGIMEN_NUMBER,REGIMEN_NUMBER,false,7670,510,0.066493,15,mixed_integer,Regimen Number,data/raw/AACR GENIE Biopharma Collaborative Public/Data Releases/PANC/1.0-public/【变量描述表格】GENIE-BPC-PANC-v1.0-public-Variable-Synopsis.xlsx::Variable Synopsis,treatment,,,false
data/raw/AACR GENIE Biopharma Collaborative Public/Data Releases/PANC/1.0-public/cBioPortal_files/data_timeline_treatment.txt,DURATION_DX_START_STOP,DURATION_DX_START_STOP,false,7670,1026,0.133768,415,mixed_integer,待确认,,date_or_relative_time,relative_date_or_event_interval; confirm event meaning in data dictionary,,false
data/raw/AACR GENIE Biopharma Collaborative Public/Data Releases/PANC/1.0-public/cBioPortal_files/data_timeline_treatment.txt,CA_SEQ,CA_SEQ,false,7670,510,0.066493,5,mixed_integer,Cancer Diagnosis Number Associated with NGS Test,data/raw/AACR GENIE Biopharma Collaborative Public/Data Releases/PANC/1.0-public/【变量描述表格】GENIE-BPC-PANC-v1.0-public-Variable-Synopsis.xlsx::Variable Synopsis,diagnosis_or_disease_status,,,false
data/raw/AACR GENIE Biopharma Collaborative Public/Data Releases/PANC/1.0-public/cBioPortal_files/data_timeline_treatment.txt,DRUGS_CT_YN,DRUGS_CT_YN,false,7670,510,0.066493,<5,boolean,Regimen Was Part of a Clinical Trial,data/raw/AACR GENIE Biopharma Collaborative Public/Data Releases/PANC/1.0-public/【变量描述表格】GENIE-BPC-PANC-v1.0-public-Variable-Synopsis.xlsx::Variable Synopsis,treatment,,,false
data/raw/AACR GENIE Biopharma Collaborative Public/Data Releases/PANC/1.0-public/cBioPortal_files/data_timeline_treatment.txt,DRUGS_DC_YN,DRUGS_DC_YN,false,7670,510,0.066493,<5,mixed_string,待确认,,treatment,,,false
data/raw/AACR GENIE Biopharma Collaborative Public/Data Releases/PANC/1.0-public/cBioPortal_files/data_timeline_treatment.txt,REDCAP_CA_INDEX,REDCAP_CA_INDEX,false,7670,510,0.066493,<5,boolean,BPC Project (Index) Cancer Indicator,data/raw/AACR GENIE Biopharma Collaborative Public/Data Releases/PANC/1.0-public/【变量描述表格】GENIE-BPC-PANC-v1.0-public-Variable-Synopsis.xlsx::Variable Synopsis,待确认,,,false
data/raw/AACR GENIE Biopharma Collaborative Public/Data Releases/PANC/1.0-public/cBioPortal_files/data_timeline_treatment.txt,RT_DOSE,RT_DOSE,false,7670,7259,0.946415,36,float,Radiation Dose per Fraction (cGy),data/raw/AACR GENIE Biopharma Collaborative Public/Data Releases/PANC/1.0-public/【变量描述表格】GENIE-BPC-PANC-v1.0-public-Variable-Synopsis.xlsx::Variable Synopsis,treatment,,,false
data/raw/AACR GENIE Biopharma Collaborative Public/Data Releases/PANC/1.0-public/cBioPortal_files/genomic_information.txt,Chromosome,Chromosome,false,115193,0,0.0,24,mixed_string,待确认,,date_or_relative_time,relative_date_or_event_interval; confirm event meaning in data dictionary,,false
data/raw/AACR GENIE Biopharma Collaborative Public/Data Releases/PANC/1.0-public/cBioPortal_files/genomic_information.txt,Start_Position,Start_Position,false,115193,0,0.0,53898,integer,待确认,,date_or_relative_time,relative_date_or_event_interval; confirm event meaning in data dictionary,,false
data/raw/AACR GENIE Biopharma Collaborative Public/Data Releases/PANC/1.0-public/cBioPortal_files/genomic_information.txt,End_Position,End_Position,false,115193,0,0.0,54309,integer,待确认,,date_or_relative_time,relative_date_or_event_interval; confirm event meaning in data dictionary,potential_future_or_outcome_field; exclude from t0 inputs unless time-aligned,false
data/raw/AACR GENIE Biopharma Collaborative Public/Data Releases/PANC/1.0-public/cBioPortal_files/genomic_information.txt,Hugo_Symbol,Hugo_Symbol,false,115193,3393,0.029455,2021,string,待确认,,genomic,,,false
data/raw/AACR GENIE Biopharma Collaborative Public/Data Releases/PANC/1.0-public/cBioPortal_files/genomic_information.txt,ID,ID,false,115193,0,0.0,1850,string,待确认,,待确认,,,false
data/raw/AACR GENIE Biopharma Collaborative Public/Data Releases/PANC/1.0-public/cBioPortal_files/genomic_information.txt,SEQ_ASSAY_ID,SEQ_ASSAY_ID,false,115193,0,0.0,14,string,待确认,,待确认,,,false
data/raw/AACR GENIE Biopharma Collaborative Public/Data Releases/PANC/1.0-public/cBioPortal_files/genomic_information.txt,Feature_Type,Feature_Type,false,115193,0,0.0,<5,string,待确认,,待确认,,,false
data/raw/AACR GENIE Biopharma Collaborative Public/Data Releases/PANC/1.0-public/cBioPortal_files/genomic_information.txt,includeInPanel,includeInPanel,false,115193,0,0.0,<5,boolean,待确认,,待确认,,,false
data/raw/AACR GENIE Biopharma Collaborative Public/Data Releases/PANC/1.0-public/cBioPortal_files/genomic_information.txt,clinicalReported,clinicalReported,false,115193,61567,0.534468,<5,boolean,待确认,,date_or_relative_time,relative_date_or_event_interval; confirm event meaning in data dictionary,,false
data/raw/AACR GENIE Biopharma Collaborative Public/Data Releases/PANC/1.0-public/cBioPortal_files/meta_clinical_patient.txt,key,key,false,<5,0,0.0,<5,string,待确认,,待确认,,,false
data/raw/AACR GENIE Biopharma Collaborative Public/Data Releases/PANC/1.0-public/cBioPortal_files/meta_clinical_patient.txt,value,value,false,<5,0,0.0,<5,string,待确认,,待确认,,,false
data/raw/AACR GENIE Biopharma Collaborative Public/Data Releases/PANC/1.0-public/cBioPortal_files/meta_clinical_sample.txt,key,key,false,<5,0,0.0,<5,string,待确认,,待确认,,,false
data/raw/AACR GENIE Biopharma Collaborative Public/Data Releases/PANC/1.0-public/cBioPortal_files/meta_clinical_sample.txt,value,value,false,<5,0,0.0,<5,string,待确认,,待确认,,,false
data/raw/AACR GENIE Biopharma Collaborative Public/Data Releases/PANC/1.0-public/cBioPortal_files/meta_CNA.txt,key,key,false,8,0,0.0,8,string,待确认,,待确认,,,false
data/raw/AACR GENIE Biopharma Collaborative Public/Data Releases/PANC/1.0-public/cBioPortal_files/meta_CNA.txt,value,value,false,8,0,0.0,7,string,待确认,,待确认,,,false
data/raw/AACR GENIE Biopharma Collaborative Public/Data Releases/PANC/1.0-public/cBioPortal_files/meta_cna_hg19_seg.txt,key,key,false,6,0,0.0,6,string,待确认,,待确认,,,false
data/raw/AACR GENIE Biopharma Collaborative Public/Data Releases/PANC/1.0-public/cBioPortal_files/meta_cna_hg19_seg.txt,value,value,false,6,0,0.0,6,string,待确认,,待确认,,,false
data/raw/AACR GENIE Biopharma Collaborative Public/Data Releases/PANC/1.0-public/cBioPortal_files/meta_gene_matrix.txt,key,key,false,<5,0,0.0,<5,string,待确认,,待确认,,,false
data/raw/AACR GENIE Biopharma Collaborative Public/Data Releases/PANC/1.0-public/cBioPortal_files/meta_gene_matrix.txt,value,value,false,<5,0,0.0,<5,string,待确认,,待确认,,,false
data/raw/AACR GENIE Biopharma Collaborative Public/Data Releases/PANC/1.0-public/cBioPortal_files/meta_mutations_extended.txt,key,key,false,8,0,0.0,8,string,待确认,,待确认,,,false
data/raw/AACR GENIE Biopharma Collaborative Public/Data Releases/PANC/1.0-public/cBioPortal_files/meta_mutations_extended.txt,value,value,false,8,0,0.0,8,string,待确认,,待确认,,,false
data/raw/AACR GENIE Biopharma Collaborative Public/Data Releases/PANC/1.0-public/cBioPortal_files/meta_study.txt,key,key,false,6,0,0.0,6,string,待确认,,待确认,,,false
data/raw/AACR GENIE Biopharma Collaborative Public/Data Releases/PANC/1.0-public/cBioPortal_files/meta_study.txt,value,value,false,6,0,0.0,6,string,待确认,,待确认,,,false
data/raw/AACR GENIE Biopharma Collaborative Public/Data Releases/PANC/1.0-public/cBioPortal_files/meta_sv.txt,key,key,false,8,0,0.0,8,string,待确认,,待确认,,,false
data/raw/AACR GENIE Biopharma Collaborative Public/Data Releases/PANC/1.0-public/cBioPortal_files/meta_sv.txt,value,value,false,8,0,0.0,8,string,待确认,,待确认,,,false
data/raw/AACR GENIE Biopharma Collaborative Public/Data Releases/PANC/1.0-public/cBioPortal_files/meta_timeline_cancer_diagnosis.txt,key,key,false,<5,0,0.0,<5,string,待确认,,待确认,,,false
data/raw/AACR GENIE Biopharma Collaborative Public/Data Releases/PANC/1.0-public/cBioPortal_files/meta_timeline_cancer_diagnosis.txt,value,value,false,<5,0,0.0,<5,string,待确认,,待确认,,,false
data/raw/AACR GENIE Biopharma Collaborative Public/Data Releases/PANC/1.0-public/cBioPortal_files/meta_timeline_imaging.txt,key,key,false,<5,0,0.0,<5,string,待确认,,待确认,,,false
data/raw/AACR GENIE Biopharma Collaborative Public/Data Releases/PANC/1.0-public/cBioPortal_files/meta_timeline_imaging.txt,value,value,false,<5,0,0.0,<5,string,待确认,,待确认,,,false
data/raw/AACR GENIE Biopharma Collaborative Public/Data Releases/PANC/1.0-public/cBioPortal_files/meta_timeline_labtest.txt,key,key,false,<5,0,0.0,<5,string,待确认,,待确认,,,false
data/raw/AACR GENIE Biopharma Collaborative Public/Data Releases/PANC/1.0-public/cBioPortal_files/meta_timeline_labtest.txt,value,value,false,<5,0,0.0,<5,string,待确认,,待确认,,,false
data/raw/AACR GENIE Biopharma Collaborative Public/Data Releases/PANC/1.0-public/cBioPortal_files/meta_timeline_medonc.txt,key,key,false,<5,0,0.0,<5,string,待确认,,待确认,,,false
data/raw/AACR GENIE Biopharma Collaborative Public/Data Releases/PANC/1.0-public/cBioPortal_files/meta_timeline_medonc.txt,value,value,false,<5,0,0.0,<5,string,待确认,,待确认,,,false
data/raw/AACR GENIE Biopharma Collaborative Public/Data Releases/PANC/1.0-public/cBioPortal_files/meta_timeline_pathology.txt,key,key,false,<5,0,0.0,<5,string,待确认,,待确认,,,false
data/raw/AACR GENIE Biopharma Collaborative Public/Data Releases/PANC/1.0-public/cBioPortal_files/meta_timeline_pathology.txt,value,value,false,<5,0,0.0,<5,string,待确认,,待确认,,,false
data/raw/AACR GENIE Biopharma Collaborative Public/Data Releases/PANC/1.0-public/cBioPortal_files/meta_timeline_sample_acquisition.txt,key,key,false,<5,0,0.0,<5,string,待确认,,待确认,,,false
data/raw/AACR GENIE Biopharma Collaborative Public/Data Releases/PANC/1.0-public/cBioPortal_files/meta_timeline_sample_acquisition.txt,value,value,false,<5,0,0.0,<5,string,待确认,,待确认,,,false
data/raw/AACR GENIE Biopharma Collaborative Public/Data Releases/PANC/1.0-public/cBioPortal_files/meta_timeline_sequencing.txt,key,key,false,<5,0,0.0,<5,string,待确认,,待确认,,,false
data/raw/AACR GENIE Biopharma Collaborative Public/Data Releases/PANC/1.0-public/cBioPortal_files/meta_timeline_sequencing.txt,value,value,false,<5,0,0.0,<5,string,待确认,,待确认,,,false
data/raw/AACR GENIE Biopharma Collaborative Public/Data Releases/PANC/1.0-public/cBioPortal_files/meta_timeline_treatment.txt,key,key,false,<5,0,0.0,<5,string,待确认,,待确认,,,false
data/raw/AACR GENIE Biopharma Collaborative Public/Data Releases/PANC/1.0-public/cBioPortal_files/meta_timeline_treatment.txt,value,value,false,<5,0,0.0,<5,string,待确认,,待确认,,,false
data/raw/AACR GENIE Biopharma Collaborative Public/Data Releases/PANC/1.0-public/clinical_data/ca_radtx_dataset.csv,cohort,cohort,false,526,0,0.0,<5,string,BPC Project Cohort,data/raw/AACR GENIE Biopharma Collaborative Public/Data Releases/PANC/1.0-public/【变量描述表格】GENIE-BPC-PANC-v1.0-public-Variable-Synopsis.xlsx::Variable Synopsis,source_or_version,,,false
data/raw/AACR GENIE Biopharma Collaborative Public/Data Releases/PANC/1.0-public/clinical_data/ca_radtx_dataset.csv,record_id,record_id,false,526,0,0.0,365,string,Record ID,data/raw/AACR GENIE Biopharma Collaborative Public/Data Releases/PANC/1.0-public/【变量描述表格】GENIE-BPC-PANC-v1.0-public-Variable-Synopsis.xlsx::Variable Synopsis,patient_key_or_patient_level,,,false
data/raw/AACR GENIE Biopharma Collaborative Public/Data Releases/PANC/1.0-public/clinical_data/ca_radtx_dataset.csv,institution,institution,false,526,0,0.0,<5,string,Institution,data/raw/AACR GENIE Biopharma Collaborative Public/Data Releases/PANC/1.0-public/【变量描述表格】GENIE-BPC-PANC-v1.0-public-Variable-Synopsis.xlsx::Variable Synopsis,source_or_version,,,false
data/raw/AACR GENIE Biopharma Collaborative Public/Data Releases/PANC/1.0-public/clinical_data/ca_radtx_dataset.csv,ca_seq,ca_seq,false,526,0,0.0,5,mixed_integer,Cancer Diagnosis Number Associated with NGS Test,data/raw/AACR GENIE Biopharma Collaborative Public/Data Releases/PANC/1.0-public/【变量描述表格】GENIE-BPC-PANC-v1.0-public-Variable-Synopsis.xlsx::Variable Synopsis,diagnosis_or_disease_status,,,false
data/raw/AACR GENIE Biopharma Collaborative Public/Data Releases/PANC/1.0-public/clinical_data/ca_radtx_dataset.csv,rt_number,rt_number,false,526,0,0.0,8,mixed_integer,Radiation Therapy Number,data/raw/AACR GENIE Biopharma Collaborative Public/Data Releases/PANC/1.0-public/【变量描述表格】GENIE-BPC-PANC-v1.0-public-Variable-Synopsis.xlsx::Variable Synopsis,treatment,,,false
data/raw/AACR GENIE Biopharma Collaborative Public/Data Releases/PANC/1.0-public/clinical_data/ca_radtx_dataset.csv,rt_summ,rt_summ,false,526,0,0.0,<5,mixed_string,Availability of the Radiation Therapy Summary,data/raw/AACR GENIE Biopharma Collaborative Public/Data Releases/PANC/1.0-public/【变量描述表格】GENIE-BPC-PANC-v1.0-public-Variable-Synopsis.xlsx::Variable Synopsis,treatment,,,false
data/raw/AACR GENIE Biopharma Collaborative Public/Data Releases/PANC/1.0-public/clinical_data/ca_radtx_dataset.csv,rt_inst,rt_inst,false,526,0,0.0,<5,string,Institution Where Radiation Therapy Was Administered,data/raw/AACR GENIE Biopharma Collaborative Public/Data Releases/PANC/1.0-public/【变量描述表格】GENIE-BPC-PANC-v1.0-public-Variable-Synopsis.xlsx::Variable Synopsis,treatment,,,false
data/raw/AACR GENIE Biopharma Collaborative Public/Data Releases/PANC/1.0-public/clinical_data/ca_radtx_dataset.csv,rt_type,rt_type,false,526,35,0.06654,8,string,Radiation Therapy Modality,data/raw/AACR GENIE Biopharma Collaborative Public/Data Releases/PANC/1.0-public/【变量描述表格】GENIE-BPC-PANC-v1.0-public-Variable-Synopsis.xlsx::Variable Synopsis,treatment,,,false
data/raw/AACR GENIE Biopharma Collaborative Public/Data Releases/PANC/1.0-public/clinical_data/ca_radtx_dataset.csv,rt_planning,rt_planning,false,526,38,0.072243,10,string,Radiation External Beam Planning Technique,data/raw/AACR GENIE Biopharma Collaborative Public/Data Releases/PANC/1.0-public/【变量描述表格】GENIE-BPC-PANC-v1.0-public-Variable-Synopsis.xlsx::Variable Synopsis,treatment,,,false
data/raw/AACR GENIE Biopharma Collaborative Public/Data Releases/PANC/1.0-public/clinical_data/ca_radtx_dataset.csv,dx_rt_start_days,dx_rt_start_days,false,526,0,0.0,378,integer,Time (Days) from Diagnosis to Start of Radiation Therapy,data/raw/AACR GENIE Biopharma Collaborative Public/Data Releases/PANC/1.0-public/【变量描述表格】GENIE-BPC-PANC-v1.0-public-Variable-Synopsis.xlsx::Variable Synopsis,date_or_relative_time,relative_date_or_event_interval; confirm event meaning in data dictionary,,false
data/raw/AACR GENIE Biopharma Collaborative Public/Data Releases/PANC/1.0-public/clinical_data/ca_radtx_dataset.csv,dx_rt_start_mos,dx_rt_start_mos,false,526,0,0.0,378,float,Time (Months) from Diagnosis to Start of Radiation Therapy,data/raw/AACR GENIE Biopharma Collaborative Public/Data Releases/PANC/1.0-public/【变量描述表格】GENIE-BPC-PANC-v1.0-public-Variable-Synopsis.xlsx::Variable Synopsis,date_or_relative_time,relative_date_or_event_interval; confirm event meaning in data dictionary,,false
data/raw/AACR GENIE Biopharma Collaborative Public/Data Releases/PANC/1.0-public/clinical_data/ca_radtx_dataset.csv,dx_rt_start_yrs,dx_rt_start_yrs,false,526,0,0.0,378,float,Time (Years) from Diagnosis to Start of Radiation Therapy,data/raw/AACR GENIE Biopharma Collaborative Public/Data Releases/PANC/1.0-public/【变量描述表格】GENIE-BPC-PANC-v1.0-public-Variable-Synopsis.xlsx::Variable Synopsis,date_or_relative_time,relative_date_or_event_interval; confirm event meaning in data dictionary,,false
data/raw/AACR GENIE Biopharma Collaborative Public/Data Releases/PANC/1.0-public/clinical_data/ca_radtx_dataset.csv,rt_rt_int,rt_rt_int,false,526,0,0.0,57,mixed_integer,Interval in Days Between the Start Date and the End Date of Radiation Therapy,data/raw/AACR GENIE Biopharma Collaborative Public/Data Releases/PANC/1.0-public/【变量描述表格】GENIE-BPC-PANC-v1.0-public-Variable-Synopsis.xlsx::Variable Synopsis,treatment,relative_date_or_event_interval; confirm event meaning in data dictionary,,false
data/raw/AACR GENIE Biopharma Collaborative Public/Data Releases/PANC/1.0-public/clinical_data/ca_radtx_dataset.csv,rt_site___1,rt_site___1,false,526,522,0.992395,<5,string,Neck Lymph Node Regions Treated with Radiation Therapy,data/raw/AACR GENIE Biopharma Collaborative Public/Data Releases/PANC/1.0-public/【变量描述表格】GENIE-BPC-PANC-v1.0-public-Variable-Synopsis.xlsx::Variable Synopsis,treatment,,,false
data/raw/AACR GENIE Biopharma Collaborative Public/Data Releases/PANC/1.0-public/clinical_data/ca_radtx_dataset.csv,rt_site___2,rt_site___2,false,526,523,0.994297,<5,string,Thoracic Lymph Node Regions Treated with Radiation Therapy,data/raw/AACR GENIE Biopharma Collaborative Public/Data Releases/PANC/1.0-public/【变量描述表格】GENIE-BPC-PANC-v1.0-public-Variable-Synopsis.xlsx::Variable Synopsis,treatment,,,false
data/raw/AACR GENIE Biopharma Collaborative Public/Data Releases/PANC/1.0-public/clinical_data/ca_radtx_dataset.csv,rt_site___3,rt_site___3,false,526,526,1.0,0,empty_or_unknown,Neck and Thoracic Lymph Node Regions Treated with Radiation Therapy,data/raw/AACR GENIE Biopharma Collaborative Public/Data Releases/PANC/1.0-public/【变量描述表格】GENIE-BPC-PANC-v1.0-public-Variable-Synopsis.xlsx::Variable Synopsis,treatment,,,false
data/raw/AACR GENIE Biopharma Collaborative Public/Data Releases/PANC/1.0-public/clinical_data/ca_radtx_dataset.csv,rt_site___4,rt_site___4,false,526,526,1.0,0,empty_or_unknown,Breast/Chest Wall Lymph Node Regions Treated with Radiation Therapy,data/raw/AACR GENIE Biopharma Collaborative Public/Data Releases/PANC/1.0-public/【变量描述表格】GENIE-BPC-PANC-v1.0-public-Variable-Synopsis.xlsx::Variable Synopsis,treatment,,,false
data/raw/AACR GENIE Biopharma Collaborative Public/Data Releases/PANC/1.0-public/clinical_data/ca_radtx_dataset.csv,rt_site___5,rt_site___5,false,526,487,0.925856,<5,string,Abdominal Lymph Nodes Treated with Radiation Therapy,data/raw/AACR GENIE Biopharma Collaborative Public/Data Releases/PANC/1.0-public/【变量描述表格】GENIE-BPC-PANC-v1.0-public-Variable-Synopsis.xlsx::Variable Synopsis,treatment,,,false
data/raw/AACR GENIE Biopharma Collaborative Public/Data Releases/PANC/1.0-public/clinical_data/ca_radtx_dataset.csv,rt_site___6,rt_site___6,false,526,523,0.994297,<5,string,Pelvic Lymph Nodes Treated with Radiation Therapy,data/raw/AACR GENIE Biopharma Collaborative Public/Data Releases/PANC/1.0-public/【变量描述表格】GENIE-BPC-PANC-v1.0-public-Variable-Synopsis.xlsx::Variable Synopsis,treatment,,,false
data/raw/AACR GENIE Biopharma Collaborative Public/Data Releases/PANC/1.0-public/clinical_data/ca_radtx_dataset.csv,rt_site___7,rt_site___7,false,526,524,0.996198,<5,string,Abdominal and Pelvic Lymph Nodes Treated with Radiation Therapy,data/raw/AACR GENIE Biopharma Collaborative Public/Data Releases/PANC/1.0-public/【变量描述表格】GENIE-BPC-PANC-v1.0-public-Variable-Synopsis.xlsx::Variable Synopsis,treatment,,,false
data/raw/AACR GENIE Biopharma Collaborative Public/Data Releases/PANC/1.0-public/clinical_data/ca_radtx_dataset.csv,rt_site___9,rt_site___9,false,526,520,0.988593,<5,string,Lymph Node Region (NOS) Treated with Radiation Therapy,data/raw/AACR GENIE Biopharma Collaborative Public/Data Releases/PANC/1.0-public/【变量描述表格】GENIE-BPC-PANC-v1.0-public-Variable-Synopsis.xlsx::Variable Synopsis,treatment,,,false
data/raw/AACR GENIE Biopharma Collaborative Public/Data Releases/PANC/1.0-public/clinical_data/ca_radtx_dataset.csv,rt_site___10,rt_site___10,false,526,526,1.0,0,empty_or_unknown,Eye/Orbit/Optic Nerve Treated with Radiation Therapy,data/raw/AACR GENIE Biopharma Collaborative Public/Data Releases/PANC/1.0-public/【变量描述表格】GENIE-BPC-PANC-v1.0-public-Variable-Synopsis.xlsx::Variable Synopsis,treatment,,,false
data/raw/AACR GENIE Biopharma Collaborative Public/Data Releases/PANC/1.0-public/clinical_data/ca_radtx_dataset.csv,rt_site___11,rt_site___11,false,526,526,1.0,0,empty_or_unknown,Pituitary Treated with Radiation Therapy,data/raw/AACR GENIE Biopharma Collaborative Public/Data Releases/PANC/1.0-public/【变量描述表格】GENIE-BPC-PANC-v1.0-public-Variable-Synopsis.xlsx::Variable Synopsis,treatment,,,false
data/raw/AACR GENIE Biopharma Collaborative Public/Data Releases/PANC/1.0-public/clinical_data/ca_radtx_dataset.csv,rt_site___12,rt_site___12,false,526,510,0.969582,<5,string,Brain Treated with Radiation Therapy,data/raw/AACR GENIE Biopharma Collaborative Public/Data Releases/PANC/1.0-public/【变量描述表格】GENIE-BPC-PANC-v1.0-public-Variable-Synopsis.xlsx::Variable Synopsis,treatment,,,false
data/raw/AACR GENIE Biopharma Collaborative Public/Data Releases/PANC/1.0-public/clinical_data/ca_radtx_dataset.csv,rt_site___13,rt_site___13,false,526,521,0.990494,<5,string,Brain (Limited) Treated with Radiation Therapy,data/raw/AACR GENIE Biopharma Collaborative Public/Data Releases/PANC/1.0-public/【变量描述表格】GENIE-BPC-PANC-v1.0-public-Variable-Synopsis.xlsx::Variable Synopsis,treatment,,,false
data/raw/AACR GENIE Biopharma Collaborative Public/Data Releases/PANC/1.0-public/clinical_data/ca_radtx_dataset.csv,rt_site___14,rt_site___14,false,526,525,0.998099,<5,string,Spinal Cord Treated with Radiation Therapy,data/raw/AACR GENIE Biopharma Collaborative Public/Data Releases/PANC/1.0-public/【变量描述表格】GENIE-BPC-PANC-v1.0-public-Variable-Synopsis.xlsx::Variable Synopsis,treatment,,,false
data/raw/AACR GENIE Biopharma Collaborative Public/Data Releases/PANC/1.0-public/clinical_data/ca_radtx_dataset.csv,rt_site___20,rt_site___20,false,526,526,1.0,0,empty_or_unknown,Nasopharynx Treated with Radiation Therapy,data/raw/AACR GENIE Biopharma Collaborative Public/Data Releases/PANC/1.0-public/【变量描述表格】GENIE-BPC-PANC-v1.0-public-Variable-Synopsis.xlsx::Variable Synopsis,treatment,,,false
data/raw/AACR GENIE Biopharma Collaborative Public/Data Releases/PANC/1.0-public/clinical_data/ca_radtx_dataset.csv,rt_site___21,rt_site___21,false,526,526,1.0,0,empty_or_unknown,Oral Cavity Treated with Radiation Therapy,data/raw/AACR GENIE Biopharma Collaborative Public/Data Releases/PANC/1.0-public/【变量描述表格】GENIE-BPC-PANC-v1.0-public-Variable-Synopsis.xlsx::Variable Synopsis,treatment,,,false
data/raw/AACR GENIE Biopharma Collaborative Public/Data Releases/PANC/1.0-public/clinical_data/ca_radtx_dataset.csv,rt_site___22,rt_site___22,false,526,526,1.0,0,empty_or_unknown,Oropharynx Treated with Radiation Therapy,data/raw/AACR GENIE Biopharma Collaborative Public/Data Releases/PANC/1.0-public/【变量描述表格】GENIE-BPC-PANC-v1.0-public-Variable-Synopsis.xlsx::Variable Synopsis,treatment,,,false
data/raw/AACR GENIE Biopharma Collaborative Public/Data Releases/PANC/1.0-public/clinical_data/ca_radtx_dataset.csv,rt_site___23,rt_site___23,false,526,526,1.0,0,empty_or_unknown,Larynx (Glottis) or Hypopharynx Treated with Radiation Therapy,data/raw/AACR GENIE Biopharma Collaborative Public/Data Releases/PANC/1.0-public/【变量描述表格】GENIE-BPC-PANC-v1.0-public-Variable-Synopsis.xlsx::Variable Synopsis,treatment,,,false
data/raw/AACR GENIE Biopharma Collaborative Public/Data Releases/PANC/1.0-public/clinical_data/ca_radtx_dataset.csv,rt_site___24,rt_site___24,false,526,526,1.0,0,empty_or_unknown,Sinuses/Nasal Tract Treated with Radiation Therapy,data/raw/AACR GENIE Biopharma Collaborative Public/Data Releases/PANC/1.0-public/【变量描述表格】GENIE-BPC-PANC-v1.0-public-Variable-Synopsis.xlsx::Variable Synopsis,treatment,,,false
data/raw/AACR GENIE Biopharma Collaborative Public/Data Releases/PANC/1.0-public/clinical_data/ca_radtx_dataset.csv,rt_site___25,rt_site___25,false,526,526,1.0,0,empty_or_unknown,Parotid or Other Salivary Glands Treated with Radiation Therapy,data/raw/AACR GENIE Biopharma Collaborative Public/Data Releases/PANC/1.0-public/【变量描述表格】GENIE-BPC-PANC-v1.0-public-Variable-Synopsis.xlsx::Variable Synopsis,treatment,,,false
data/raw/AACR GENIE Biopharma Collaborative Public/Data Releases/PANC/1.0-public/clinical_data/ca_radtx_dataset.csv,rt_site___26,rt_site___26,false,526,526,1.0,0,empty_or_unknown,Thyroid Treated with Radiation Therapy,data/raw/AACR GENIE Biopharma Collaborative Public/Data Releases/PANC/1.0-public/【变量描述表格】GENIE-BPC-PANC-v1.0-public-Variable-Synopsis.xlsx::Variable Synopsis,treatment,,,false
data/raw/AACR GENIE Biopharma Collaborative Public/Data Releases/PANC/1.0-public/clinical_data/ca_radtx_dataset.csv,rt_site___29,rt_site___29,false,526,526,1.0,0,empty_or_unknown,Head and Neck (NOS) Treated with Radiation Therapy,data/raw/AACR GENIE Biopharma Collaborative Public/Data Releases/PANC/1.0-public/【变量描述表格】GENIE-BPC-PANC-v1.0-public-Variable-Synopsis.xlsx::Variable Synopsis,treatment,,,false
data/raw/AACR GENIE Biopharma Collaborative Public/Data Releases/PANC/1.0-public/clinical_data/ca_radtx_dataset.csv,rt_site___30,rt_site___30,false,526,509,0.967681,<5,string,Lung or Bronchus Treated with Radiation Therapy,data/raw/AACR GENIE Biopharma Collaborative Public/Data Releases/PANC/1.0-public/【变量描述表格】GENIE-BPC-PANC-v1.0-public-Variable-Synopsis.xlsx::Variable Synopsis,treatment,,,false
data/raw/AACR GENIE Biopharma Collaborative Public/Data Releases/PANC/1.0-public/clinical_data/ca_radtx_dataset.csv,rt_site___31,rt_site___31,false,526,526,1.0,0,empty_or_unknown,Mesothelium Treated with Radiation Therapy,data/raw/AACR GENIE Biopharma Collaborative Public/Data Releases/PANC/1.0-public/【变量描述表格】GENIE-BPC-PANC-v1.0-public-Variable-Synopsis.xlsx::Variable Synopsis,treatment,,,false
data/raw/AACR GENIE Biopharma Collaborative Public/Data Releases/PANC/1.0-public/clinical_data/ca_radtx_dataset.csv,rt_site___32,rt_site___32,false,526,526,1.0,0,empty_or_unknown,Thymus Treated with Radiation Therapy,data/raw/AACR GENIE Biopharma Collaborative Public/Data Releases/PANC/1.0-public/【变量描述表格】GENIE-BPC-PANC-v1.0-public-Variable-Synopsis.xlsx::Variable Synopsis,treatment,,,false
data/raw/AACR GENIE Biopharma Collaborative Public/Data Releases/PANC/1.0-public/clinical_data/ca_radtx_dataset.csv,rt_site___39,rt_site___39,false,526,519,0.986692,<5,string,Chest/Lung (NOS) Treated with Radiation Therapy,data/raw/AACR GENIE Biopharma Collaborative Public/Data Releases/PANC/1.0-public/【变量描述表格】GENIE-BPC-PANC-v1.0-public-Variable-Synopsis.xlsx::Variable Synopsis,treatment,,,false
data/raw/AACR GENIE Biopharma Collaborative Public/Data Releases/PANC/1.0-public/clinical_data/ca_radtx_dataset.csv,rt_site___40,rt_site___40,false,526,525,0.998099,<5,string,Whole Breast Treated with Radiation Therapy,data/raw/AACR GENIE Biopharma Collaborative Public/Data Releases/PANC/1.0-public/【变量描述表格】GENIE-BPC-PANC-v1.0-public-Variable-Synopsis.xlsx::Variable Synopsis,treatment,,,false
data/raw/AACR GENIE Biopharma Collaborative Public/Data Releases/PANC/1.0-public/clinical_data/ca_radtx_dataset.csv,rt_site___41,rt_site___41,false,526,525,0.998099,<5,string,Partial Breast Treated with Radiation Therapy,data/raw/AACR GENIE Biopharma Collaborative Public/Data Releases/PANC/1.0-public/【变量描述表格】GENIE-BPC-PANC-v1.0-public-Variable-Synopsis.xlsx::Variable Synopsis,treatment,,,false
data/raw/AACR GENIE Biopharma Collaborative Public/Data Releases/PANC/1.0-public/clinical_data/ca_radtx_dataset.csv,rt_site___42,rt_site___42,false,526,518,0.984791,<5,string,Chest Wall Treated with Radiation Therapy,data/raw/AACR GENIE Biopharma Collaborative Public/Data Releases/PANC/1.0-public/【变量描述表格】GENIE-BPC-PANC-v1.0-public-Variable-Synopsis.xlsx::Variable Synopsis,treatment,,,false
data/raw/AACR GENIE Biopharma Collaborative Public/Data Releases/PANC/1.0-public/clinical_data/ca_radtx_dataset.csv,rt_site___50,rt_site___50,false,526,524,0.996198,<5,string,Esophagus Treated with Radiation Therapy,data/raw/AACR GENIE Biopharma Collaborative Public/Data Releases/PANC/1.0-public/【变量描述表格】GENIE-BPC-PANC-v1.0-public-Variable-Synopsis.xlsx::Variable Synopsis,treatment,,,false
data/raw/AACR GENIE Biopharma Collaborative Public/Data Releases/PANC/1.0-public/clinical_data/ca_radtx_dataset.csv,rt_site___51,rt_site___51,false,526,521,0.990494,<5,string,Stomach Treated with Radiation Therapy,data/raw/AACR GENIE Biopharma Collaborative Public/Data Releases/PANC/1.0-public/【变量描述表格】GENIE-BPC-PANC-v1.0-public-Variable-Synopsis.xlsx::Variable Synopsis,treatment,,,false
data/raw/AACR GENIE Biopharma Collaborative Public/Data Releases/PANC/1.0-public/clinical_data/ca_radtx_dataset.csv,rt_site___52,rt_site___52,false,526,524,0.996198,<5,string,Small Bowel Treated with Radiation Therapy,data/raw/AACR GENIE Biopharma Collaborative Public/Data Releases/PANC/1.0-public/【变量描述表格】GENIE-BPC-PANC-v1.0-public-Variable-Synopsis.xlsx::Variable Synopsis,treatment,,,false
data/raw/AACR GENIE Biopharma Collaborative Public/Data Releases/PANC/1.0-public/clinical_data/ca_radtx_dataset.csv,rt_site___53,rt_site___53,false,526,526,1.0,0,empty_or_unknown,Colon Treated with Radiation Therapy,data/raw/AACR GENIE Biopharma Collaborative Public/Data Releases/PANC/1.0-public/【变量描述表格】GENIE-BPC-PANC-v1.0-public-Variable-Synopsis.xlsx::Variable Synopsis,treatment,,,false
data/raw/AACR GENIE Biopharma Collaborative Public/Data Releases/PANC/1.0-public/clinical_data/ca_radtx_dataset.csv,rt_site___54,rt_site___54,false,526,525,0.998099,<5,string,Rectum Treated with Radiation Therapy,data/raw/AACR GENIE Biopharma Collaborative Public/Data Releases/PANC/1.0-public/【变量描述表格】GENIE-BPC-PANC-v1.0-public-Variable-Synopsis.xlsx::Variable Synopsis,treatment,,,false
data/raw/AACR GENIE Biopharma Collaborative Public/Data Releases/PANC/1.0-public/clinical_data/ca_radtx_dataset.csv,rt_site___55,rt_site___55,false,526,526,1.0,0,empty_or_unknown,Anus Treated with Radiation Therapy,data/raw/AACR GENIE Biopharma Collaborative Public/Data Releases/PANC/1.0-public/【变量描述表格】GENIE-BPC-PANC-v1.0-public-Variable-Synopsis.xlsx::Variable Synopsis,treatment,,,false
data/raw/AACR GENIE Biopharma Collaborative Public/Data Releases/PANC/1.0-public/clinical_data/ca_radtx_dataset.csv,rt_site___56,rt_site___56,false,526,500,0.95057,<5,string,Liver Treated with Radiation Therapy,data/raw/AACR GENIE Biopharma Collaborative Public/Data Releases/PANC/1.0-public/【变量描述表格】GENIE-BPC-PANC-v1.0-public-Variable-Synopsis.xlsx::Variable Synopsis,treatment,,,false
data/raw/AACR GENIE Biopharma Collaborative Public/Data Releases/PANC/1.0-public/clinical_data/ca_radtx_dataset.csv,rt_site___57,rt_site___57,false,526,526,1.0,0,empty_or_unknown,Biliary Tree or Gallbladder Treated with Radiation Therapy,data/raw/AACR GENIE Biopharma Collaborative Public/Data Releases/PANC/1.0-public/【变量描述表格】GENIE-BPC-PANC-v1.0-public-Variable-Synopsis.xlsx::Variable Synopsis,treatment,,,false
data/raw/AACR GENIE Biopharma Collaborative Public/Data Releases/PANC/1.0-public/clinical_data/ca_radtx_dataset.csv,rt_site___58,rt_site___58,false,526,277,0.526616,<5,string,Pancreas or Hepatopancreatic Ampulla Treated with Radiation Therapy,data/raw/AACR GENIE Biopharma Collaborative Public/Data Releases/PANC/1.0-public/【变量描述表格】GENIE-BPC-PANC-v1.0-public-Variable-Synopsis.xlsx::Variable Synopsis,treatment,,,false
data/raw/AACR GENIE Biopharma Collaborative Public/Data Releases/PANC/1.0-public/clinical_data/ca_radtx_dataset.csv,rt_site___59,rt_site___59,false,526,472,0.897338,<5,string,Abdomen (NOS) Treated with Radiation Therapy,data/raw/AACR GENIE Biopharma Collaborative Public/Data Releases/PANC/1.0-public/【变量描述表格】GENIE-BPC-PANC-v1.0-public-Variable-Synopsis.xlsx::Variable Synopsis,treatment,,,false
data/raw/AACR GENIE Biopharma Collaborative Public/Data Releases/PANC/1.0-public/clinical_data/ca_radtx_dataset.csv,rt_site___60,rt_site___60,false,526,524,0.996198,<5,string,Whole Bladder Treated with Radiation Therapy,data/raw/AACR GENIE Biopharma Collaborative Public/Data Releases/PANC/1.0-public/【变量描述表格】GENIE-BPC-PANC-v1.0-public-Variable-Synopsis.xlsx::Variable Synopsis,treatment,,,false
data/raw/AACR GENIE Biopharma Collaborative Public/Data Releases/PANC/1.0-public/clinical_data/ca_radtx_dataset.csv,rt_site___61,rt_site___61,false,526,526,1.0,0,empty_or_unknown,Partial Bladder Treated with Radiation Therapy,data/raw/AACR GENIE Biopharma Collaborative Public/Data Releases/PANC/1.0-public/【变量描述表格】GENIE-BPC-PANC-v1.0-public-Variable-Synopsis.xlsx::Variable Synopsis,treatment,,,false
data/raw/AACR GENIE Biopharma Collaborative Public/Data Releases/PANC/1.0-public/clinical_data/ca_radtx_dataset.csv,rt_site___62,rt_site___62,false,526,524,0.996198,<5,string,Kidney Treated with Radiation Therapy,data/raw/AACR GENIE Biopharma Collaborative Public/Data Releases/PANC/1.0-public/【变量描述表格】GENIE-BPC-PANC-v1.0-public-Variable-Synopsis.xlsx::Variable Synopsis,treatment,,,false
data/raw/AACR GENIE Biopharma Collaborative Public/Data Releases/PANC/1.0-public/clinical_data/ca_radtx_dataset.csv,rt_site___63,rt_site___63,false,526,526,1.0,0,empty_or_unknown,Ureter Treated with Radiation Therapy,data/raw/AACR GENIE Biopharma Collaborative Public/Data Releases/PANC/1.0-public/【变量描述表格】GENIE-BPC-PANC-v1.0-public-Variable-Synopsis.xlsx::Variable Synopsis,treatment,,,false
data/raw/AACR GENIE Biopharma Collaborative Public/Data Releases/PANC/1.0-public/clinical_data/ca_radtx_dataset.csv,rt_site___64,rt_site___64,false,526,523,0.994297,<5,string,Whole Prostate Treated with Radiation Therapy,data/raw/AACR GENIE Biopharma Collaborative Public/Data Releases/PANC/1.0-public/【变量描述表格】GENIE-BPC-PANC-v1.0-public-Variable-Synopsis.xlsx::Variable Synopsis,treatment,,,false
data/raw/AACR GENIE Biopharma Collaborative Public/Data Releases/PANC/1.0-public/clinical_data/ca_radtx_dataset.csv,rt_site___65,rt_site___65,false,526,522,0.992395,<5,string,Partial Prostate Treated with Radiation Therapy,data/raw/AACR GENIE Biopharma Collaborative Public/Data Releases/PANC/1.0-public/【变量描述表格】GENIE-BPC-PANC-v1.0-public-Variable-Synopsis.xlsx::Variable Synopsis,treatment,,,false
data/raw/AACR GENIE Biopharma Collaborative Public/Data Releases/PANC/1.0-public/clinical_data/ca_radtx_dataset.csv,rt_site___66,rt_site___66,false,526,526,1.0,0,empty_or_unknown,Urethra Treated with Radiation Therapy,data/raw/AACR GENIE Biopharma Collaborative Public/Data Releases/PANC/1.0-public/【变量描述表格】GENIE-BPC-PANC-v1.0-public-Variable-Synopsis.xlsx::Variable Synopsis,treatment,,,false
data/raw/AACR GENIE Biopharma Collaborative Public/Data Releases/PANC/1.0-public/clinical_data/ca_radtx_dataset.csv,rt_site___67,rt_site___67,false,526,526,1.0,0,empty_or_unknown,Penis Treated with Radiation Therapy,data/raw/AACR GENIE Biopharma Collaborative Public/Data Releases/PANC/1.0-public/【变量描述表格】GENIE-BPC-PANC-v1.0-public-Variable-Synopsis.xlsx::Variable Synopsis,treatment,,,false
data/raw/AACR GENIE Biopharma Collaborative Public/Data Releases/PANC/1.0-public/clinical_data/ca_radtx_dataset.csv,rt_site___68,rt_site___68,false,526,526,1.0,0,empty_or_unknown,Testicle or Scrotum Treated with Radiation Therapy,data/raw/AACR GENIE Biopharma Collaborative Public/Data Releases/PANC/1.0-public/【变量描述表格】GENIE-BPC-PANC-v1.0-public-Variable-Synopsis.xlsx::Variable Synopsis,treatment,,,false
data/raw/AACR GENIE Biopharma Collaborative Public/Data Releases/PANC/1.0-public/clinical_data/ca_radtx_dataset.csv,rt_site___70,rt_site___70,false,526,526,1.0,0,empty_or_unknown,Ovaries or Fallopian Tubes Treated with Radiation Therapy,data/raw/AACR GENIE Biopharma Collaborative Public/Data Releases/PANC/1.0-public/【变量描述表格】GENIE-BPC-PANC-v1.0-public-Variable-Synopsis.xlsx::Variable Synopsis,treatment,,,false
data/raw/AACR GENIE Biopharma Collaborative Public/Data Releases/PANC/1.0-public/clinical_data/ca_radtx_dataset.csv,rt_site___71,rt_site___71,false,526,525,0.998099,<5,string,Uterus or Cervix Treated with Radiation Therapy,data/raw/AACR GENIE Biopharma Collaborative Public/Data Releases/PANC/1.0-public/【变量描述表格】GENIE-BPC-PANC-v1.0-public-Variable-Synopsis.xlsx::Variable Synopsis,treatment,,,false
data/raw/AACR GENIE Biopharma Collaborative Public/Data Releases/PANC/1.0-public/clinical_data/ca_radtx_dataset.csv,rt_site___72,rt_site___72,false,526,525,0.998099,<5,string,Vagina Treated with Radiation Therapy,data/raw/AACR GENIE Biopharma Collaborative Public/Data Releases/PANC/1.0-public/【变量描述表格】GENIE-BPC-PANC-v1.0-public-Variable-Synopsis.xlsx::Variable Synopsis,treatment,,,false
data/raw/AACR GENIE Biopharma Collaborative Public/Data Releases/PANC/1.0-public/clinical_data/ca_radtx_dataset.csv,rt_site___73,rt_site___73,false,526,526,1.0,0,empty_or_unknown,Vulva Treated with Radiation Therapy,data/raw/AACR GENIE Biopharma Collaborative Public/Data Releases/PANC/1.0-public/【变量描述表格】GENIE-BPC-PANC-v1.0-public-Variable-Synopsis.xlsx::Variable Synopsis,treatment,,,false
data/raw/AACR GENIE Biopharma Collaborative Public/Data Releases/PANC/1.0-public/clinical_data/ca_radtx_dataset.csv,rt_site___80,rt_site___80,false,526,523,0.994297,<5,string,Skull Treated with Radiation Therapy,data/raw/AACR GENIE Biopharma Collaborative Public/Data Releases/PANC/1.0-public/【变量描述表格】GENIE-BPC-PANC-v1.0-public-Variable-Synopsis.xlsx::Variable Synopsis,treatment,,,false
data/raw/AACR GENIE Biopharma Collaborative Public/Data Releases/PANC/1.0-public/clinical_data/ca_radtx_dataset.csv,rt_site___81,rt_site___81,false,526,497,0.944867,<5,string,Spine/Verebral Bodies Treated with Radiation Therapy,data/raw/AACR GENIE Biopharma Collaborative Public/Data Releases/PANC/1.0-public/【变量描述表格】GENIE-BPC-PANC-v1.0-public-Variable-Synopsis.xlsx::Variable Synopsis,treatment,,,false
data/raw/AACR GENIE Biopharma Collaborative Public/Data Releases/PANC/1.0-public/clinical_data/ca_radtx_dataset.csv,rt_site___82,rt_site___82,false,526,522,0.992395,<5,string,Shoulder Treated with Radiation Therapy,data/raw/AACR GENIE Biopharma Collaborative Public/Data Releases/PANC/1.0-public/【变量描述表格】GENIE-BPC-PANC-v1.0-public-Variable-Synopsis.xlsx::Variable Synopsis,treatment,,,false
data/raw/AACR GENIE Biopharma Collaborative Public/Data Releases/PANC/1.0-public/clinical_data/ca_radtx_dataset.csv,rt_site___83,rt_site___83,false,526,521,0.990494,<5,string,Ribs Treated with Radiation Therapy,data/raw/AACR GENIE Biopharma Collaborative Public/Data Releases/PANC/1.0-public/【变量描述表格】GENIE-BPC-PANC-v1.0-public-Variable-Synopsis.xlsx::Variable Synopsis,treatment,,,false
data/raw/AACR GENIE Biopharma Collaborative Public/Data Releases/PANC/1.0-public/clinical_data/ca_radtx_dataset.csv,rt_site___84,rt_site___84,false,526,522,0.992395,<5,string,Hip Treated with Radiation Therapy,data/raw/AACR GENIE Biopharma Collaborative Public/Data Releases/PANC/1.0-public/【变量描述表格】GENIE-BPC-PANC-v1.0-public-Variable-Synopsis.xlsx::Variable Synopsis,treatment,,,false
data/raw/AACR GENIE Biopharma Collaborative Public/Data Releases/PANC/1.0-public/clinical_data/ca_radtx_dataset.csv,rt_site___85,rt_site___85,false,526,501,0.952471,<5,string,Pelvic Bones Treated with Radiation Therapy,data/raw/AACR GENIE Biopharma Collaborative Public/Data Releases/PANC/1.0-public/【变量描述表格】GENIE-BPC-PANC-v1.0-public-Variable-Synopsis.xlsx::Variable Synopsis,treatment,,,false
data/raw/AACR GENIE Biopharma Collaborative Public/Data Releases/PANC/1.0-public/clinical_data/ca_radtx_dataset.csv,rt_site___86,rt_site___86,false,526,519,0.986692,<5,string,"Pelvis (NOS, Non-Visceral) Treated with Radiation Therapy",data/raw/AACR GENIE Biopharma Collaborative Public/Data Releases/PANC/1.0-public/【变量描述表格】GENIE-BPC-PANC-v1.0-public-Variable-Synopsis.xlsx::Variable Synopsis,treatment,,,false
data/raw/AACR GENIE Biopharma Collaborative Public/Data Releases/PANC/1.0-public/clinical_data/ca_radtx_dataset.csv,rt_site___88,rt_site___88,false,526,518,0.984791,<5,string,Extremity Bone (NOS) Treated with Radiation Therapy,data/raw/AACR GENIE Biopharma Collaborative Public/Data Releases/PANC/1.0-public/【变量描述表格】GENIE-BPC-PANC-v1.0-public-Variable-Synopsis.xlsx::Variable Synopsis,treatment,,,false
data/raw/AACR GENIE Biopharma Collaborative Public/Data Releases/PANC/1.0-public/clinical_data/ca_radtx_dataset.csv,rt_site___90,rt_site___90,false,526,525,0.998099,<5,string,Skin Treated with Radiation Therapy,data/raw/AACR GENIE Biopharma Collaborative Public/Data Releases/PANC/1.0-public/【变量描述表格】GENIE-BPC-PANC-v1.0-public-Variable-Synopsis.xlsx::Variable Synopsis,treatment,,,false
data/raw/AACR GENIE Biopharma Collaborative Public/Data Releases/PANC/1.0-public/clinical_data/ca_radtx_dataset.csv,rt_site___91,rt_site___91,false,526,520,0.988593,<5,string,Soft Tissue Treated with Radiation Therapy,data/raw/AACR GENIE Biopharma Collaborative Public/Data Releases/PANC/1.0-public/【变量描述表格】GENIE-BPC-PANC-v1.0-public-Variable-Synopsis.xlsx::Variable Synopsis,treatment,,,false
data/raw/AACR GENIE Biopharma Collaborative Public/Data Releases/PANC/1.0-public/clinical_data/ca_radtx_dataset.csv,rt_site___92,rt_site___92,false,526,526,1.0,0,empty_or_unknown,Hemibody Treated with Radiation Therapy,data/raw/AACR GENIE Biopharma Collaborative Public/Data Releases/PANC/1.0-public/【变量描述表格】GENIE-BPC-PANC-v1.0-public-Variable-Synopsis.xlsx::Variable Synopsis,treatment,,,false
data/raw/AACR GENIE Biopharma Collaborative Public/Data Releases/PANC/1.0-public/clinical_data/ca_radtx_dataset.csv,rt_site___93,rt_site___93,false,526,526,1.0,0,empty_or_unknown,Whole Body Treated with Radiation Therapy,data/raw/AACR GENIE Biopharma Collaborative Public/Data Releases/PANC/1.0-public/【变量描述表格】GENIE-BPC-PANC-v1.0-public-Variable-Synopsis.xlsx::Variable Synopsis,treatment,,,false
data/raw/AACR GENIE Biopharma Collaborative Public/Data Releases/PANC/1.0-public/clinical_data/ca_radtx_dataset.csv,rt_site___94,rt_site___94,false,526,526,1.0,0,empty_or_unknown,Mantle/Mini-Mantle Treated with Radiation Therapy,data/raw/AACR GENIE Biopharma Collaborative Public/Data Releases/PANC/1.0-public/【变量描述表格】GENIE-BPC-PANC-v1.0-public-Variable-Synopsis.xlsx::Variable Synopsis,treatment,,,false
data/raw/AACR GENIE Biopharma Collaborative Public/Data Releases/PANC/1.0-public/clinical_data/ca_radtx_dataset.csv,rt_site___95,rt_site___95,false,526,526,1.0,0,empty_or_unknown,Lower Extended Field Treated with Radiation Therapy,data/raw/AACR GENIE Biopharma Collaborative Public/Data Releases/PANC/1.0-public/【变量描述表格】GENIE-BPC-PANC-v1.0-public-Variable-Synopsis.xlsx::Variable Synopsis,treatment,,,false
data/raw/AACR GENIE Biopharma Collaborative Public/Data Releases/PANC/1.0-public/clinical_data/ca_radtx_dataset.csv,rt_site___96,rt_site___96,false,526,526,1.0,0,empty_or_unknown,Inverted Y Treated with Radiation Therapy,data/raw/AACR GENIE Biopharma Collaborative Public/Data Releases/PANC/1.0-public/【变量描述表格】GENIE-BPC-PANC-v1.0-public-Variable-Synopsis.xlsx::Variable Synopsis,treatment,,,false
data/raw/AACR GENIE Biopharma Collaborative Public/Data Releases/PANC/1.0-public/clinical_data/ca_radtx_dataset.csv,rt_dose,rt_dose,false,526,105,0.19962,36,float,Radiation Dose per Fraction (cGy),data/raw/AACR GENIE Biopharma Collaborative Public/Data Releases/PANC/1.0-public/【变量描述表格】GENIE-BPC-PANC-v1.0-public-Variable-Synopsis.xlsx::Variable Synopsis,treatment,,,false
data/raw/AACR GENIE Biopharma Collaborative Public/Data Releases/PANC/1.0-public/clinical_data/ca_radtx_dataset.csv,rt_fractions,rt_fractions,false,526,68,0.129278,27,mixed_integer,Total Number of Fractions Received,data/raw/AACR GENIE Biopharma Collaborative Public/Data Releases/PANC/1.0-public/【变量描述表格】GENIE-BPC-PANC-v1.0-public-Variable-Synopsis.xlsx::Variable Synopsis,treatment,,,false
data/raw/AACR GENIE Biopharma Collaborative Public/Data Releases/PANC/1.0-public/clinical_data/ca_radtx_dataset.csv,rt_total_dose,rt_total_dose,false,526,61,0.11597,68,float,Total Dose of Radiation Therapy Received (cGy),data/raw/AACR GENIE Biopharma Collaborative Public/Data Releases/PANC/1.0-public/【变量描述表格】GENIE-BPC-PANC-v1.0-public-Variable-Synopsis.xlsx::Variable Synopsis,treatment,,,false
data/raw/AACR GENIE Biopharma Collaborative Public/Data Releases/PANC/1.0-public/clinical_data/ca_radtx_dataset.csv,release_version,release_version,false,526,0,0.0,<5,string,Release Version Number,data/raw/AACR GENIE Biopharma Collaborative Public/Data Releases/PANC/1.0-public/【变量描述表格】GENIE-BPC-PANC-v1.0-public-Variable-Synopsis.xlsx::Variable Synopsis,source_or_version,,,false
data/raw/AACR GENIE Biopharma Collaborative Public/Data Releases/PANC/1.0-public/clinical_data/cancer_level_dataset_index.csv,cohort,cohort,false,1110,0,0.0,<5,string,BPC Project Cohort,data/raw/AACR GENIE Biopharma Collaborative Public/Data Releases/PANC/1.0-public/【变量描述表格】GENIE-BPC-PANC-v1.0-public-Variable-Synopsis.xlsx::Variable Synopsis,source_or_version,,,false
data/raw/AACR GENIE Biopharma Collaborative Public/Data Releases/PANC/1.0-public/clinical_data/cancer_level_dataset_index.csv,record_id,record_id,false,1110,0,0.0,1109,string,Record ID,data/raw/AACR GENIE Biopharma Collaborative Public/Data Releases/PANC/1.0-public/【变量描述表格】GENIE-BPC-PANC-v1.0-public-Variable-Synopsis.xlsx::Variable Synopsis,patient_key_or_patient_level,,,false
data/raw/AACR GENIE Biopharma Collaborative Public/Data Releases/PANC/1.0-public/clinical_data/cancer_level_dataset_index.csv,institution,institution,false,1110,0,0.0,<5,string,Institution,data/raw/AACR GENIE Biopharma Collaborative Public/Data Releases/PANC/1.0-public/【变量描述表格】GENIE-BPC-PANC-v1.0-public-Variable-Synopsis.xlsx::Variable Synopsis,source_or_version,,,false
data/raw/AACR GENIE Biopharma Collaborative Public/Data Releases/PANC/1.0-public/clinical_data/cancer_level_dataset_index.csv,release_version,release_version,false,1110,0,0.0,<5,string,Release Version Number,data/raw/AACR GENIE Biopharma Collaborative Public/Data Releases/PANC/1.0-public/【变量描述表格】GENIE-BPC-PANC-v1.0-public-Variable-Synopsis.xlsx::Variable Synopsis,source_or_version,,,false
data/raw/AACR GENIE Biopharma Collaborative Public/Data Releases/PANC/1.0-public/clinical_data/cancer_level_dataset_index.csv,tr_eligible,tr_eligible,false,1110,0,0.0,<5,boolean,Diagnosis Eligible for Tumor Registry Curation,data/raw/AACR GENIE Biopharma Collaborative Public/Data Releases/PANC/1.0-public/【变量描述表格】GENIE-BPC-PANC-v1.0-public-Variable-Synopsis.xlsx::Variable Synopsis,待确认,,,false
data/raw/AACR GENIE Biopharma Collaborative Public/Data Releases/PANC/1.0-public/clinical_data/cancer_level_dataset_index.csv,ca_seq,ca_seq,false,1110,0,0.0,5,mixed_integer,Cancer Diagnosis Number Associated with NGS Test,data/raw/AACR GENIE Biopharma Collaborative Public/Data Releases/PANC/1.0-public/【变量描述表格】GENIE-BPC-PANC-v1.0-public-Variable-Synopsis.xlsx::Variable Synopsis,diagnosis_or_disease_status,,,false
data/raw/AACR GENIE Biopharma Collaborative Public/Data Releases/PANC/1.0-public/clinical_data/cancer_level_dataset_index.csv,redcap_ca_index,redcap_ca_index,false,1110,0,0.0,<5,boolean,BPC Project (Index) Cancer Indicator,data/raw/AACR GENIE Biopharma Collaborative Public/Data Releases/PANC/1.0-public/【变量描述表格】GENIE-BPC-PANC-v1.0-public-Variable-Synopsis.xlsx::Variable Synopsis,待确认,,,false
data/raw/AACR GENIE Biopharma Collaborative Public/Data Releases/PANC/1.0-public/clinical_data/cancer_level_dataset_index.csv,dob_ca_dx_days,dob_ca_dx_days,false,1110,0,0.0,1048,integer,Time (Days) from Date of Birth to Cancer Diagnosis,data/raw/AACR GENIE Biopharma Collaborative Public/Data Releases/PANC/1.0-public/【变量描述表格】GENIE-BPC-PANC-v1.0-public-Variable-Synopsis.xlsx::Variable Synopsis,date_or_relative_time,relative_date_or_event_interval; confirm event meaning in data dictionary,,false
data/raw/AACR GENIE Biopharma Collaborative Public/Data Releases/PANC/1.0-public/clinical_data/cancer_level_dataset_index.csv,dob_ca_dx_mos,dob_ca_dx_mos,false,1110,0,0.0,1048,float,Time (Days) from Date of Birth to Cancer Diagnosis,data/raw/AACR GENIE Biopharma Collaborative Public/Data Releases/PANC/1.0-public/【变量描述表格】GENIE-BPC-PANC-v1.0-public-Variable-Synopsis.xlsx::Variable Synopsis,date_or_relative_time,relative_date_or_event_interval; confirm event meaning in data dictionary,,false
data/raw/AACR GENIE Biopharma Collaborative Public/Data Releases/PANC/1.0-public/clinical_data/cancer_level_dataset_index.csv,dob_ca_dx_yrs,dob_ca_dx_yrs,false,1110,0,0.0,1048,float,Time (Days) from Date of Birth to Cancer Diagnosis,data/raw/AACR GENIE Biopharma Collaborative Public/Data Releases/PANC/1.0-public/【变量描述表格】GENIE-BPC-PANC-v1.0-public-Variable-Synopsis.xlsx::Variable Synopsis,date_or_relative_time,relative_date_or_event_interval; confirm event meaning in data dictionary,,false
data/raw/AACR GENIE Biopharma Collaborative Public/Data Releases/PANC/1.0-public/clinical_data/cancer_level_dataset_index.csv,ca_dx_how,ca_dx_how,false,1110,0,0.0,<5,string,Source of Cancer Diagnosis Date,data/raw/AACR GENIE Biopharma Collaborative Public/Data Releases/PANC/1.0-public/【变量描述表格】GENIE-BPC-PANC-v1.0-public-Variable-Synopsis.xlsx::Variable Synopsis,diagnosis_or_disease_status,relative_date_or_event_interval; confirm event meaning in data dictionary,,false
data/raw/AACR GENIE Biopharma Collaborative Public/Data Releases/PANC/1.0-public/clinical_data/cancer_level_dataset_index.csv,dob_next_ca_days,dob_next_ca_days,false,1110,1071,0.964865,39,integer,Time (Days) from Date of Birth to Next Curated Cancer Diagnosis,data/raw/AACR GENIE Biopharma Collaborative Public/Data Releases/PANC/1.0-public/【变量描述表格】GENIE-BPC-PANC-v1.0-public-Variable-Synopsis.xlsx::Variable Synopsis,date_or_relative_time,relative_date_or_event_interval; confirm event meaning in data dictionary,,false
data/raw/AACR GENIE Biopharma Collaborative Public/Data Releases/PANC/1.0-public/clinical_data/cancer_level_dataset_index.csv,dob_next_ca_mos,dob_next_ca_mos,false,1110,1071,0.964865,39,float,Time (Months) from Date of Birth to Next Curated Cancer Diagnosis,data/raw/AACR GENIE Biopharma Collaborative Public/Data Releases/PANC/1.0-public/【变量描述表格】GENIE-BPC-PANC-v1.0-public-Variable-Synopsis.xlsx::Variable Synopsis,date_or_relative_time,relative_date_or_event_interval; confirm event meaning in data dictionary,,false
data/raw/AACR GENIE Biopharma Collaborative Public/Data Releases/PANC/1.0-public/clinical_data/cancer_level_dataset_index.csv,dob_next_ca_yrs,dob_next_ca_yrs,false,1110,1071,0.964865,39,float,Time (Years) from Date of Birth to Next Curated Cancer Diagnosis,data/raw/AACR GENIE Biopharma Collaborative Public/Data Releases/PANC/1.0-public/【变量描述表格】GENIE-BPC-PANC-v1.0-public-Variable-Synopsis.xlsx::Variable Synopsis,date_or_relative_time,relative_date_or_event_interval; confirm event meaning in data dictionary,,false
data/raw/AACR GENIE Biopharma Collaborative Public/Data Releases/PANC/1.0-public/clinical_data/cancer_level_dataset_index.csv,first_index_ca_days,first_index_ca_days,false,1110,1109,0.999099,<5,integer,Time (Days) from First BPC Project Cancer Diagnosis,data/raw/AACR GENIE Biopharma Collaborative Public/Data Releases/PANC/1.0-public/【变量描述表格】GENIE-BPC-PANC-v1.0-public-Variable-Synopsis.xlsx::Variable Synopsis,date_or_relative_time,relative_date_or_event_interval; confirm event meaning in data dictionary,,false
data/raw/AACR GENIE Biopharma Collaborative Public/Data Releases/PANC/1.0-public/clinical_data/cancer_level_dataset_index.csv,first_index_ca_mos,first_index_ca_mos,false,1110,1109,0.999099,<5,float,Time (Months) from First BPC Project Cancer Diagnosis,data/raw/AACR GENIE Biopharma Collaborative Public/Data Releases/PANC/1.0-public/【变量描述表格】GENIE-BPC-PANC-v1.0-public-Variable-Synopsis.xlsx::Variable Synopsis,date_or_relative_time,relative_date_or_event_interval; confirm event meaning in data dictionary,,false
data/raw/AACR GENIE Biopharma Collaborative Public/Data Releases/PANC/1.0-public/clinical_data/cancer_level_dataset_index.csv,first_index_ca_yrs,first_index_ca_yrs,false,1110,1109,0.999099,<5,float,Time (Years) from First BPC Project Cancer Diagnosis,data/raw/AACR GENIE Biopharma Collaborative Public/Data Releases/PANC/1.0-public/【变量描述表格】GENIE-BPC-PANC-v1.0-public-Variable-Synopsis.xlsx::Variable Synopsis,date_or_relative_time,relative_date_or_event_interval; confirm event meaning in data dictionary,,false
data/raw/AACR GENIE Biopharma Collaborative Public/Data Releases/PANC/1.0-public/clinical_data/cancer_level_dataset_index.csv,naaccr_first_contact_int,naaccr_first_contact_int,false,1110,404,0.363964,687,integer,Tumor Registry Time (Days) from Date of Birth to First Contact at Institution,data/raw/AACR GENIE Biopharma Collaborative Public/Data Releases/PANC/1.0-public/【变量描述表格】GENIE-BPC-PANC-v1.0-public-Variable-Synopsis.xlsx::Variable Synopsis,date_or_relative_time,relative_date_or_event_interval; confirm event meaning in data dictionary,,false
data/raw/AACR GENIE Biopharma Collaborative Public/Data Releases/PANC/1.0-public/clinical_data/cancer_level_dataset_index.csv,age_dx,age_dx,false,1110,0,0.0,58,integer,Age (Years) at Diagnosis,data/raw/AACR GENIE Biopharma Collaborative Public/Data Releases/PANC/1.0-public/【变量描述表格】GENIE-BPC-PANC-v1.0-public-Variable-Synopsis.xlsx::Variable Synopsis,待确认,,,false
data/raw/AACR GENIE Biopharma Collaborative Public/Data Releases/PANC/1.0-public/clinical_data/cancer_level_dataset_index.csv,ca_d_site,ca_d_site,false,1110,0,0.0,7,string,Primary Cancer Site,data/raw/AACR GENIE Biopharma Collaborative Public/Data Releases/PANC/1.0-public/【变量描述表格】GENIE-BPC-PANC-v1.0-public-Variable-Synopsis.xlsx::Variable Synopsis,diagnosis_or_disease_status,,,false
data/raw/AACR GENIE Biopharma Collaborative Public/Data Releases/PANC/1.0-public/clinical_data/cancer_level_dataset_index.csv,ca_type,ca_type,false,1110,0,0.0,<5,string,Cancer Type,data/raw/AACR GENIE Biopharma Collaborative Public/Data Releases/PANC/1.0-public/【变量描述表格】GENIE-BPC-PANC-v1.0-public-Variable-Synopsis.xlsx::Variable Synopsis,diagnosis_or_disease_status,,,false
data/raw/AACR GENIE Biopharma Collaborative Public/Data Releases/PANC/1.0-public/clinical_data/cancer_level_dataset_index.csv,naaccr_histology_cd,naaccr_histology_cd,false,1110,402,0.362162,27,integer,Tumor Registry Histology,data/raw/AACR GENIE Biopharma Collaborative Public/Data Releases/PANC/1.0-public/【变量描述表格】GENIE-BPC-PANC-v1.0-public-Variable-Synopsis.xlsx::Variable Synopsis,diagnosis_or_disease_status,,,false
data/raw/AACR GENIE Biopharma Collaborative Public/Data Releases/PANC/1.0-public/clinical_data/cancer_level_dataset_index.csv,ca_histology,ca_histology,false,1110,402,0.362162,20,string,Histology,data/raw/AACR GENIE Biopharma Collaborative Public/Data Releases/PANC/1.0-public/【变量描述表格】GENIE-BPC-PANC-v1.0-public-Variable-Synopsis.xlsx::Variable Synopsis,diagnosis_or_disease_status,,,false
data/raw/AACR GENIE Biopharma Collaborative Public/Data Releases/PANC/1.0-public/clinical_data/cancer_level_dataset_index.csv,ca_hist_adeno_squamous,ca_hist_adeno_squamous,false,1110,0,0.0,5,string,Histology Category,data/raw/AACR GENIE Biopharma Collaborative Public/Data Releases/PANC/1.0-public/【变量描述表格】GENIE-BPC-PANC-v1.0-public-Variable-Synopsis.xlsx::Variable Synopsis,diagnosis_or_disease_status,,,false
data/raw/AACR GENIE Biopharma Collaborative Public/Data Releases/PANC/1.0-public/clinical_data/cancer_level_dataset_index.csv,naaccr_behavior_cd,naaccr_behavior_cd,false,1110,402,0.362162,<5,integer,Tumor Registry ICD-O-3 Behavior Code,data/raw/AACR GENIE Biopharma Collaborative Public/Data Releases/PANC/1.0-public/【变量描述表格】GENIE-BPC-PANC-v1.0-public-Variable-Synopsis.xlsx::Variable Synopsis,待确认,,,false
data/raw/AACR GENIE Biopharma Collaborative Public/Data Releases/PANC/1.0-public/clinical_data/cancer_level_dataset_index.csv,naaccr_laterality_cd,naaccr_laterality_cd,false,1110,402,0.362162,<5,mixed_string,Tumor Registry Laterality Code,data/raw/AACR GENIE Biopharma Collaborative Public/Data Releases/PANC/1.0-public/【变量描述表格】GENIE-BPC-PANC-v1.0-public-Variable-Synopsis.xlsx::Variable Synopsis,待确认,,,false
data/raw/AACR GENIE Biopharma Collaborative Public/Data Releases/PANC/1.0-public/clinical_data/cancer_level_dataset_index.csv,ca_grade,ca_grade,false,1110,584,0.526126,<5,string,Grade or Differentiation of Tumor,data/raw/AACR GENIE Biopharma Collaborative Public/Data Releases/PANC/1.0-public/【变量描述表格】GENIE-BPC-PANC-v1.0-public-Variable-Synopsis.xlsx::Variable Synopsis,diagnosis_or_disease_status,,,false
data/raw/AACR GENIE Biopharma Collaborative Public/Data Releases/PANC/1.0-public/clinical_data/cancer_level_dataset_index.csv,best_ajcc_stage_cd,best_ajcc_stage_cd,false,1110,498,0.448649,10,mixed_string,Tumor Registry Best Group Stage,data/raw/AACR GENIE Biopharma Collaborative Public/Data Releases/PANC/1.0-public/【变量描述表格】GENIE-BPC-PANC-v1.0-public-Variable-Synopsis.xlsx::Variable Synopsis,diagnosis_or_disease_status,,,false
data/raw/AACR GENIE Biopharma Collaborative Public/Data Releases/PANC/1.0-public/clinical_data/cancer_level_dataset_index.csv,stage_dx,stage_dx,false,1110,0,0.0,5,string,Derived Stage at Diagnosis,data/raw/AACR GENIE Biopharma Collaborative Public/Data Releases/PANC/1.0-public/【变量描述表格】GENIE-BPC-PANC-v1.0-public-Variable-Synopsis.xlsx::Variable Synopsis,diagnosis_or_disease_status,,,false
data/raw/AACR GENIE Biopharma Collaborative Public/Data Releases/PANC/1.0-public/clinical_data/cancer_level_dataset_index.csv,stage_dx_iv,stage_dx_iv,false,1110,0,0.0,<5,string,Derived Stage IV at Diagnosis,data/raw/AACR GENIE Biopharma Collaborative Public/Data Releases/PANC/1.0-public/【变量描述表格】GENIE-BPC-PANC-v1.0-public-Variable-Synopsis.xlsx::Variable Synopsis,diagnosis_or_disease_status,relative_date_or_event_interval; confirm event meaning in data dictionary,,false
data/raw/AACR GENIE Biopharma Collaborative Public/Data Releases/PANC/1.0-public/clinical_data/cancer_level_dataset_index.csv,naaccr_tnm_path_desc,naaccr_tnm_path_desc,false,1110,462,0.416216,<5,mixed_integer,Tumor Registry TNM Pathologic Stage,data/raw/AACR GENIE Biopharma Collaborative Public/Data Releases/PANC/1.0-public/【变量描述表格】GENIE-BPC-PANC-v1.0-public-Variable-Synopsis.xlsx::Variable Synopsis,待确认,,,false
data/raw/AACR GENIE Biopharma Collaborative Public/Data Releases/PANC/1.0-public/clinical_data/cancer_level_dataset_index.csv,naaccr_path_t_cd,naaccr_path_t_cd,false,1110,479,0.431532,32,mixed_string,Tumor Registry Pathologic T Stage,data/raw/AACR GENIE Biopharma Collaborative Public/Data Releases/PANC/1.0-public/【变量描述表格】GENIE-BPC-PANC-v1.0-public-Variable-Synopsis.xlsx::Variable Synopsis,待确认,,,false
data/raw/AACR GENIE Biopharma Collaborative Public/Data Releases/PANC/1.0-public/clinical_data/cancer_level_dataset_index.csv,ca_path_t_stage,ca_path_t_stage,false,1110,866,0.78018,7,string,Curated Pathologic T Stage,data/raw/AACR GENIE Biopharma Collaborative Public/Data Releases/PANC/1.0-public/【变量描述表格】GENIE-BPC-PANC-v1.0-public-Variable-Synopsis.xlsx::Variable Synopsis,diagnosis_or_disease_status,,,false
data/raw/AACR GENIE Biopharma Collaborative Public/Data Releases/PANC/1.0-public/clinical_data/cancer_level_dataset_index.csv,ca_path_t1_det,ca_path_t1_det,false,1110,1106,0.996396,<5,string,Curated Pathologic T1 Stage Detail,data/raw/AACR GENIE Biopharma Collaborative Public/Data Releases/PANC/1.0-public/【变量描述表格】GENIE-BPC-PANC-v1.0-public-Variable-Synopsis.xlsx::Variable Synopsis,diagnosis_or_disease_status,,,false
data/raw/AACR GENIE Biopharma Collaborative Public/Data Releases/PANC/1.0-public/clinical_data/cancer_level_dataset_index.csv,ca_path_t2_det,ca_path_t2_det,false,1110,1101,0.991892,<5,string,Curated Pathologic T2 Stage Detail,data/raw/AACR GENIE Biopharma Collaborative Public/Data Releases/PANC/1.0-public/【变量描述表格】GENIE-BPC-PANC-v1.0-public-Variable-Synopsis.xlsx::Variable Synopsis,diagnosis_or_disease_status,,,false
data/raw/AACR GENIE Biopharma Collaborative Public/Data Releases/PANC/1.0-public/clinical_data/cancer_level_dataset_index.csv,ca_path_t3_det,ca_path_t3_det,false,1110,1024,0.922523,<5,string,Curated Pathologic T3 Stage Detail,data/raw/AACR GENIE Biopharma Collaborative Public/Data Releases/PANC/1.0-public/【变量描述表格】GENIE-BPC-PANC-v1.0-public-Variable-Synopsis.xlsx::Variable Synopsis,diagnosis_or_disease_status,,,false
data/raw/AACR GENIE Biopharma Collaborative Public/Data Releases/PANC/1.0-public/clinical_data/cancer_level_dataset_index.csv,ca_path_t4_det,ca_path_t4_det,false,1110,1108,0.998198,<5,string,Curated Pathologic T4 Stage Detail,data/raw/AACR GENIE Biopharma Collaborative Public/Data Releases/PANC/1.0-public/【变量描述表格】GENIE-BPC-PANC-v1.0-public-Variable-Synopsis.xlsx::Variable Synopsis,diagnosis_or_disease_status,,,false
data/raw/AACR GENIE Biopharma Collaborative Public/Data Releases/PANC/1.0-public/clinical_data/cancer_level_dataset_index.csv,naaccr_path_n_cd,naaccr_path_n_cd,false,1110,479,0.431532,26,mixed_string,Tumor Registry Pathologic N Stage,data/raw/AACR GENIE Biopharma Collaborative Public/Data Releases/PANC/1.0-public/【变量描述表格】GENIE-BPC-PANC-v1.0-public-Variable-Synopsis.xlsx::Variable Synopsis,待确认,,,false
data/raw/AACR GENIE Biopharma Collaborative Public/Data Releases/PANC/1.0-public/clinical_data/cancer_level_dataset_index.csv,ca_path_n_stage,ca_path_n_stage,false,1110,866,0.78018,5,string,Curated Pathologic N Stage,data/raw/AACR GENIE Biopharma Collaborative Public/Data Releases/PANC/1.0-public/【变量描述表格】GENIE-BPC-PANC-v1.0-public-Variable-Synopsis.xlsx::Variable Synopsis,diagnosis_or_disease_status,,,false
data/raw/AACR GENIE Biopharma Collaborative Public/Data Releases/PANC/1.0-public/clinical_data/cancer_level_dataset_index.csv,ca_path_n1_det,ca_path_n1_det,false,1110,1043,0.93964,<5,string,Curated Pathologic N1 Stage Detail,data/raw/AACR GENIE Biopharma Collaborative Public/Data Releases/PANC/1.0-public/【变量描述表格】GENIE-BPC-PANC-v1.0-public-Variable-Synopsis.xlsx::Variable Synopsis,diagnosis_or_disease_status,,,false
data/raw/AACR GENIE Biopharma Collaborative Public/Data Releases/PANC/1.0-public/clinical_data/cancer_level_dataset_index.csv,ca_path_n2_det,ca_path_n2_det,false,1110,1106,0.996396,<5,string,Curated Pathologic N2 Stage Detail,data/raw/AACR GENIE Biopharma Collaborative Public/Data Releases/PANC/1.0-public/【变量描述表格】GENIE-BPC-PANC-v1.0-public-Variable-Synopsis.xlsx::Variable Synopsis,diagnosis_or_disease_status,,,false
data/raw/AACR GENIE Biopharma Collaborative Public/Data Releases/PANC/1.0-public/clinical_data/cancer_level_dataset_index.csv,ca_path_n3_det,ca_path_n3_det,false,1110,1110,1.0,0,empty_or_unknown,Curated Pathologic N3 Stage Detail,data/raw/AACR GENIE Biopharma Collaborative Public/Data Releases/PANC/1.0-public/【变量描述表格】GENIE-BPC-PANC-v1.0-public-Variable-Synopsis.xlsx::Variable Synopsis,diagnosis_or_disease_status,,,false
data/raw/AACR GENIE Biopharma Collaborative Public/Data Releases/PANC/1.0-public/clinical_data/cancer_level_dataset_index.csv,naaccr_path_m_cd,naaccr_path_m_cd,false,1110,493,0.444144,20,string,Tumor Registry Pathologic M Stage,data/raw/AACR GENIE Biopharma Collaborative Public/Data Releases/PANC/1.0-public/【变量描述表格】GENIE-BPC-PANC-v1.0-public-Variable-Synopsis.xlsx::Variable Synopsis,待确认,,,false
data/raw/AACR GENIE Biopharma Collaborative Public/Data Releases/PANC/1.0-public/clinical_data/cancer_level_dataset_index.csv,naaccr_path_stage_cd,naaccr_path_stage_cd,false,1110,460,0.414414,11,mixed_string,Tumor Registry Pathologic Group Stage,data/raw/AACR GENIE Biopharma Collaborative Public/Data Releases/PANC/1.0-public/【变量描述表格】GENIE-BPC-PANC-v1.0-public-Variable-Synopsis.xlsx::Variable Synopsis,diagnosis_or_disease_status,,,false
data/raw/AACR GENIE Biopharma Collaborative Public/Data Releases/PANC/1.0-public/clinical_data/cancer_level_dataset_index.csv,ca_path_group_stage,ca_path_group_stage,false,1110,870,0.783784,9,string,Curated Pathologic Group Stage,data/raw/AACR GENIE Biopharma Collaborative Public/Data Releases/PANC/1.0-public/【变量描述表格】GENIE-BPC-PANC-v1.0-public-Variable-Synopsis.xlsx::Variable Synopsis,diagnosis_or_disease_status,,,false
data/raw/AACR GENIE Biopharma Collaborative Public/Data Releases/PANC/1.0-public/clinical_data/cancer_level_dataset_index.csv,naaccr_clin_t_cd,naaccr_clin_t_cd,false,1110,425,0.382883,35,string,Tumor Registry Clinical T Stage,data/raw/AACR GENIE Biopharma Collaborative Public/Data Releases/PANC/1.0-public/【变量描述表格】GENIE-BPC-PANC-v1.0-public-Variable-Synopsis.xlsx::Variable Synopsis,待确认,,,false
data/raw/AACR GENIE Biopharma Collaborative Public/Data Releases/PANC/1.0-public/clinical_data/cancer_level_dataset_index.csv,ca_clin_t_stage,ca_clin_t_stage,false,1110,882,0.794595,6,string,Curated Clinical T Stage,data/raw/AACR GENIE Biopharma Collaborative Public/Data Releases/PANC/1.0-public/【变量描述表格】GENIE-BPC-PANC-v1.0-public-Variable-Synopsis.xlsx::Variable Synopsis,diagnosis_or_disease_status,,,false
data/raw/AACR GENIE Biopharma Collaborative Public/Data Releases/PANC/1.0-public/clinical_data/cancer_level_dataset_index.csv,ca_clin_t1_det,ca_clin_t1_det,false,1110,1110,1.0,0,empty_or_unknown,Curated Clinical T1 Stage Detail,data/raw/AACR GENIE Biopharma Collaborative Public/Data Releases/PANC/1.0-public/【变量描述表格】GENIE-BPC-PANC-v1.0-public-Variable-Synopsis.xlsx::Variable Synopsis,diagnosis_or_disease_status,,,false
data/raw/AACR GENIE Biopharma Collaborative Public/Data Releases/PANC/1.0-public/clinical_data/cancer_level_dataset_index.csv,ca_clin_t2_det,ca_clin_t2_det,false,1110,1106,0.996396,<5,string,Curated Clinical T2 Stage Detail,data/raw/AACR GENIE Biopharma Collaborative Public/Data Releases/PANC/1.0-public/【变量描述表格】GENIE-BPC-PANC-v1.0-public-Variable-Synopsis.xlsx::Variable Synopsis,diagnosis_or_disease_status,,,false
data/raw/AACR GENIE Biopharma Collaborative Public/Data Releases/PANC/1.0-public/clinical_data/cancer_level_dataset_index.csv,ca_clin_t3_det,ca_clin_t3_det,false,1110,1097,0.988288,<5,string,Curated Clinical T3 Stage Detail,data/raw/AACR GENIE Biopharma Collaborative Public/Data Releases/PANC/1.0-public/【变量描述表格】GENIE-BPC-PANC-v1.0-public-Variable-Synopsis.xlsx::Variable Synopsis,diagnosis_or_disease_status,,,false
data/raw/AACR GENIE Biopharma Collaborative Public/Data Releases/PANC/1.0-public/clinical_data/cancer_level_dataset_index.csv,ca_clin_t4_det,ca_clin_t4_det,false,1110,1097,0.988288,<5,string,Curated Clinical T4 Stage Detail,data/raw/AACR GENIE Biopharma Collaborative Public/Data Releases/PANC/1.0-public/【变量描述表格】GENIE-BPC-PANC-v1.0-public-Variable-Synopsis.xlsx::Variable Synopsis,diagnosis_or_disease_status,,,false
data/raw/AACR GENIE Biopharma Collaborative Public/Data Releases/PANC/1.0-public/clinical_data/cancer_level_dataset_index.csv,naaccr_clin_n_cd,naaccr_clin_n_cd,false,1110,424,0.381982,23,mixed_string,Tumor Registry Clinical N Stage,data/raw/AACR GENIE Biopharma Collaborative Public/Data Releases/PANC/1.0-public/【变量描述表格】GENIE-BPC-PANC-v1.0-public-Variable-Synopsis.xlsx::Variable Synopsis,待确认,,,false
data/raw/AACR GENIE Biopharma Collaborative Public/Data Releases/PANC/1.0-public/clinical_data/cancer_level_dataset_index.csv,ca_clin_n_stage,ca_clin_n_stage,false,1110,882,0.794595,<5,string,Curated Clinical N Stage,data/raw/AACR GENIE Biopharma Collaborative Public/Data Releases/PANC/1.0-public/【变量描述表格】GENIE-BPC-PANC-v1.0-public-Variable-Synopsis.xlsx::Variable Synopsis,diagnosis_or_disease_status,,,false
data/raw/AACR GENIE Biopharma Collaborative Public/Data Releases/PANC/1.0-public/clinical_data/cancer_level_dataset_index.csv,ca_clin_n1_det,ca_clin_n1_det,false,1110,1097,0.988288,<5,string,Curated Clinical N1 Stage Detail,data/raw/AACR GENIE Biopharma Collaborative Public/Data Releases/PANC/1.0-public/【变量描述表格】GENIE-BPC-PANC-v1.0-public-Variable-Synopsis.xlsx::Variable Synopsis,diagnosis_or_disease_status,,,false
data/raw/AACR GENIE Biopharma Collaborative Public/Data Releases/PANC/1.0-public/clinical_data/cancer_level_dataset_index.csv,ca_clin_n2_det,ca_clin_n2_det,false,1110,1110,1.0,0,empty_or_unknown,Curated Clinical N2 Stage Detail,data/raw/AACR GENIE Biopharma Collaborative Public/Data Releases/PANC/1.0-public/【变量描述表格】GENIE-BPC-PANC-v1.0-public-Variable-Synopsis.xlsx::Variable Synopsis,diagnosis_or_disease_status,,,false
data/raw/AACR GENIE Biopharma Collaborative Public/Data Releases/PANC/1.0-public/clinical_data/cancer_level_dataset_index.csv,ca_clinical_n3_det,ca_clinical_n3_det,false,1110,1110,1.0,0,empty_or_unknown,Curated Clinical N3 Stage Detail,data/raw/AACR GENIE Biopharma Collaborative Public/Data Releases/PANC/1.0-public/【变量描述表格】GENIE-BPC-PANC-v1.0-public-Variable-Synopsis.xlsx::Variable Synopsis,diagnosis_or_disease_status,,,false
data/raw/AACR GENIE Biopharma Collaborative Public/Data Releases/PANC/1.0-public/clinical_data/cancer_level_dataset_index.csv,naaccr_clin_m_cd,naaccr_clin_m_cd,false,1110,419,0.377477,22,string,Tumor Registry Clinical M Stage,data/raw/AACR GENIE Biopharma Collaborative Public/Data Releases/PANC/1.0-public/【变量描述表格】GENIE-BPC-PANC-v1.0-public-Variable-Synopsis.xlsx::Variable Synopsis,待确认,,,false
data/raw/AACR GENIE Biopharma Collaborative Public/Data Releases/PANC/1.0-public/clinical_data/cancer_level_dataset_index.csv,naaccr_clin_stage_cd,naaccr_clin_stage_cd,false,1110,439,0.395495,12,mixed_string,Tumor Registry Clinical Group Stage,data/raw/AACR GENIE Biopharma Collaborative Public/Data Releases/PANC/1.0-public/【变量描述表格】GENIE-BPC-PANC-v1.0-public-Variable-Synopsis.xlsx::Variable Synopsis,diagnosis_or_disease_status,,,false
data/raw/AACR GENIE Biopharma Collaborative Public/Data Releases/PANC/1.0-public/clinical_data/cancer_level_dataset_index.csv,naaccr_seer_sum_stage,naaccr_seer_sum_stage,false,1110,448,0.403604,8,mixed_integer,Tumor Registry General Summary Stage,data/raw/AACR GENIE Biopharma Collaborative Public/Data Releases/PANC/1.0-public/【变量描述表格】GENIE-BPC-PANC-v1.0-public-Variable-Synopsis.xlsx::Variable Synopsis,diagnosis_or_disease_status,,,false
data/raw/AACR GENIE Biopharma Collaborative Public/Data Releases/PANC/1.0-public/clinical_data/cancer_level_dataset_index.csv,ca_tx_pre_path_stage,ca_tx_pre_path_stage,false,1110,593,0.534234,<5,mixed_string,Neoadjuvant Chemotherapy or Radiation Therapy Before Pathologic Stage Diagnosis,data/raw/AACR GENIE Biopharma Collaborative Public/Data Releases/PANC/1.0-public/【变量描述表格】GENIE-BPC-PANC-v1.0-public-Variable-Synopsis.xlsx::Variable Synopsis,diagnosis_or_disease_status,,,false
data/raw/AACR GENIE Biopharma Collaborative Public/Data Releases/PANC/1.0-public/clinical_data/cancer_level_dataset_index.csv,summary_stage,summary_stage,false,1110,<5,0.001802,8,string,General Summary Stage,data/raw/AACR GENIE Biopharma Collaborative Public/Data Releases/PANC/1.0-public/【变量描述表格】GENIE-BPC-PANC-v1.0-public-Variable-Synopsis.xlsx::Variable Synopsis,diagnosis_or_disease_status,,,false
data/raw/AACR GENIE Biopharma Collaborative Public/Data Releases/PANC/1.0-public/clinical_data/cancer_level_dataset_index.csv,naaccr_tnm_edition_num,naaccr_tnm_edition_num,false,1110,479,0.431532,9,mixed_string,Tumor Registry TNM Edition Number,data/raw/AACR GENIE Biopharma Collaborative Public/Data Releases/PANC/1.0-public/【变量描述表格】GENIE-BPC-PANC-v1.0-public-Variable-Synopsis.xlsx::Variable Synopsis,待确认,,,false
data/raw/AACR GENIE Biopharma Collaborative Public/Data Releases/PANC/1.0-public/clinical_data/cancer_level_dataset_index.csv,ca_dmets_yn,ca_dmets_yn,false,1110,613,0.552252,<5,boolean,Presence of Distant Metastasis at the Time of Cancer Diagnosis (Stage IV Diagnoses),data/raw/AACR GENIE Biopharma Collaborative Public/Data Releases/PANC/1.0-public/【变量描述表格】GENIE-BPC-PANC-v1.0-public-Variable-Synopsis.xlsx::Variable Synopsis,diagnosis_or_disease_status,,,false
data/raw/AACR GENIE Biopharma Collaborative Public/Data Releases/PANC/1.0-public/clinical_data/cancer_level_dataset_index.csv,ca_first_dmets1,ca_first_dmets1,false,1110,613,0.552252,32,string,Sites of Distant Metastases at Cancer Diagnosis 1 (Stage IV Diagnoses),data/raw/AACR GENIE Biopharma Collaborative Public/Data Releases/PANC/1.0-public/【变量描述表格】GENIE-BPC-PANC-v1.0-public-Variable-Synopsis.xlsx::Variable Synopsis,diagnosis_or_disease_status,,,false
data/raw/AACR GENIE Biopharma Collaborative Public/Data Releases/PANC/1.0-public/clinical_data/cancer_level_dataset_index.csv,ca_first_dmets2,ca_first_dmets2,false,1110,964,0.868468,31,string,Sites of Distant Metastases at Cancer Diagnosis 2,data/raw/AACR GENIE Biopharma Collaborative Public/Data Releases/PANC/1.0-public/【变量描述表格】GENIE-BPC-PANC-v1.0-public-Variable-Synopsis.xlsx::Variable Synopsis,diagnosis_or_disease_status,,,false
data/raw/AACR GENIE Biopharma Collaborative Public/Data Releases/PANC/1.0-public/clinical_data/cancer_level_dataset_index.csv,ca_first_dmets3,ca_first_dmets3,false,1110,1058,0.953153,23,string,Sites of Distant Metastases at Cancer Diagnosis 3,data/raw/AACR GENIE Biopharma Collaborative Public/Data Releases/PANC/1.0-public/【变量描述表格】GENIE-BPC-PANC-v1.0-public-Variable-Synopsis.xlsx::Variable Synopsis,diagnosis_or_disease_status,,,false
data/raw/AACR GENIE Biopharma Collaborative Public/Data Releases/PANC/1.0-public/clinical_data/cancer_level_dataset_index.csv,ca_first_dmets4,ca_first_dmets4,false,1110,1091,0.982883,12,string,Sites of Distant Metastases at Cancer Diagnosis 4,data/raw/AACR GENIE Biopharma Collaborative Public/Data Releases/PANC/1.0-public/【变量描述表格】GENIE-BPC-PANC-v1.0-public-Variable-Synopsis.xlsx::Variable Synopsis,diagnosis_or_disease_status,,,false
data/raw/AACR GENIE Biopharma Collaborative Public/Data Releases/PANC/1.0-public/clinical_data/cancer_level_dataset_index.csv,ca_first_dmets5,ca_first_dmets5,false,1110,1106,0.996396,<5,string,Sites of Distant Metastases at Cancer Diagnosis 5,data/raw/AACR GENIE Biopharma Collaborative Public/Data Releases/PANC/1.0-public/【变量描述表格】GENIE-BPC-PANC-v1.0-public-Variable-Synopsis.xlsx::Variable Synopsis,diagnosis_or_disease_status,,,false
data/raw/AACR GENIE Biopharma Collaborative Public/Data Releases/PANC/1.0-public/clinical_data/cancer_level_dataset_index.csv,ca_first_dmets6,ca_first_dmets6,false,1110,1107,0.997297,<5,string,Sites of Distant Metastases at Cancer Diagnosis 6,data/raw/AACR GENIE Biopharma Collaborative Public/Data Releases/PANC/1.0-public/【变量描述表格】GENIE-BPC-PANC-v1.0-public-Variable-Synopsis.xlsx::Variable Synopsis,diagnosis_or_disease_status,,,false
data/raw/AACR GENIE Biopharma Collaborative Public/Data Releases/PANC/1.0-public/clinical_data/cancer_level_dataset_index.csv,ca_first_dmets7,ca_first_dmets7,false,1110,1108,0.998198,<5,string,Sites of Distant Metastases at Cancer Diagnosis 7,data/raw/AACR GENIE Biopharma Collaborative Public/Data Releases/PANC/1.0-public/【变量描述表格】GENIE-BPC-PANC-v1.0-public-Variable-Synopsis.xlsx::Variable Synopsis,diagnosis_or_disease_status,,,false
data/raw/AACR GENIE Biopharma Collaborative Public/Data Releases/PANC/1.0-public/clinical_data/cancer_level_dataset_index.csv,ca_first_dmets8,ca_first_dmets8,false,1110,1108,0.998198,<5,string,Sites of Distant Metastases at Cancer Diagnosis 8,data/raw/AACR GENIE Biopharma Collaborative Public/Data Releases/PANC/1.0-public/【变量描述表格】GENIE-BPC-PANC-v1.0-public-Variable-Synopsis.xlsx::Variable Synopsis,diagnosis_or_disease_status,,,false
data/raw/AACR GENIE Biopharma Collaborative Public/Data Releases/PANC/1.0-public/clinical_data/cancer_level_dataset_index.csv,ca_first_dmets9,ca_first_dmets9,false,1110,1109,0.999099,<5,string,Sites of Distant Metastases at Cancer Diagnosis 9,data/raw/AACR GENIE Biopharma Collaborative Public/Data Releases/PANC/1.0-public/【变量描述表格】GENIE-BPC-PANC-v1.0-public-Variable-Synopsis.xlsx::Variable Synopsis,diagnosis_or_disease_status,,,false
data/raw/AACR GENIE Biopharma Collaborative Public/Data Releases/PANC/1.0-public/clinical_data/cancer_level_dataset_index.csv,ca_first_dmets10,ca_first_dmets10,false,1110,1110,1.0,0,empty_or_unknown,Sites of Distant Metastases at Cancer Diagnosis 10,data/raw/AACR GENIE Biopharma Collaborative Public/Data Releases/PANC/1.0-public/【变量描述表格】GENIE-BPC-PANC-v1.0-public-Variable-Synopsis.xlsx::Variable Synopsis,diagnosis_or_disease_status,,,false
data/raw/AACR GENIE Biopharma Collaborative Public/Data Releases/PANC/1.0-public/clinical_data/cancer_level_dataset_index.csv,ca_resect_status,ca_resect_status,false,1110,<5,0.000901,<5,string,Tumor Resectability Status,data/raw/AACR GENIE Biopharma Collaborative Public/Data Releases/PANC/1.0-public/【变量描述表格】GENIE-BPC-PANC-v1.0-public-Variable-Synopsis.xlsx::Variable Synopsis,diagnosis_or_disease_status,,,false
data/raw/AACR GENIE Biopharma Collaborative Public/Data Releases/PANC/1.0-public/clinical_data/cancer_level_dataset_index.csv,ca_n_regimens,ca_n_regimens,false,1110,0,0.0,13,mixed_integer,Number of Regimens Associated with the Cancer Diagnosis,data/raw/AACR GENIE Biopharma Collaborative Public/Data Releases/PANC/1.0-public/【变量描述表格】GENIE-BPC-PANC-v1.0-public-Variable-Synopsis.xlsx::Variable Synopsis,treatment,,,false
data/raw/AACR GENIE Biopharma Collaborative Public/Data Releases/PANC/1.0-public/clinical_data/cancer_level_dataset_index.csv,dmets_post_dx,dmets_post_dx,false,1110,498,0.448649,<5,boolean,Distant Metastasis Post Diagnosis,data/raw/AACR GENIE Biopharma Collaborative Public/Data Releases/PANC/1.0-public/【变量描述表格】GENIE-BPC-PANC-v1.0-public-Variable-Synopsis.xlsx::Variable Synopsis,diagnosis_or_disease_status,,potential post-event indicator; inspect for leakage,false
data/raw/AACR GENIE Biopharma Collaborative Public/Data Releases/PANC/1.0-public/clinical_data/cancer_level_dataset_index.csv,dx_to_dmets_days,dx_to_dmets_days,false,1110,586,0.527928,333,mixed_integer,Time (Days) from Diagnosis of Stage I-III to Distant Metastasis,data/raw/AACR GENIE Biopharma Collaborative Public/Data Releases/PANC/1.0-public/【变量描述表格】GENIE-BPC-PANC-v1.0-public-Variable-Synopsis.xlsx::Variable Synopsis,diagnosis_or_disease_status,relative_date_or_event_interval; confirm event meaning in data dictionary,,false
data/raw/AACR GENIE Biopharma Collaborative Public/Data Releases/PANC/1.0-public/clinical_data/cancer_level_dataset_index.csv,dx_to_dmets_mos,dx_to_dmets_mos,false,1110,586,0.527928,333,float,Time (Months) from Diagnosis of Stage I-III to Distant Metastasis,data/raw/AACR GENIE Biopharma Collaborative Public/Data Releases/PANC/1.0-public/【变量描述表格】GENIE-BPC-PANC-v1.0-public-Variable-Synopsis.xlsx::Variable Synopsis,diagnosis_or_disease_status,relative_date_or_event_interval; confirm event meaning in data dictionary,,false
data/raw/AACR GENIE Biopharma Collaborative Public/Data Releases/PANC/1.0-public/clinical_data/cancer_level_dataset_index.csv,dx_to_dmets_yrs,dx_to_dmets_yrs,false,1110,586,0.527928,333,float,Time (Years) from Diagnosis of Stage I-III to Distant Metastasis,data/raw/AACR GENIE Biopharma Collaborative Public/Data Releases/PANC/1.0-public/【变量描述表格】GENIE-BPC-PANC-v1.0-public-Variable-Synopsis.xlsx::Variable Synopsis,diagnosis_or_disease_status,relative_date_or_event_interval; confirm event meaning in data dictionary,,false
data/raw/AACR GENIE Biopharma Collaborative Public/Data Releases/PANC/1.0-public/clinical_data/cancer_level_dataset_index.csv,dist_mets_abdomen,dist_mets_abdomen,false,1110,<5,0.000901,<5,boolean,Distant Metastasis: Abdomen,data/raw/AACR GENIE Biopharma Collaborative Public/Data Releases/PANC/1.0-public/【变量描述表格】GENIE-BPC-PANC-v1.0-public-Variable-Synopsis.xlsx::Variable Synopsis,diagnosis_or_disease_status,,,false
data/raw/AACR GENIE Biopharma Collaborative Public/Data Releases/PANC/1.0-public/clinical_data/cancer_level_dataset_index.csv,dx_to_dist_mets_abdomen_days,dx_to_dist_mets_abdomen_days,false,1110,651,0.586486,255,mixed_integer,dictionary_row_found_no_label_column,data/raw/AACR GENIE Biopharma Collaborative Public/Data Releases/PANC/1.0-public/【变量描述表格】GENIE-BPC-PANC-v1.0-public-Variable-Synopsis.xlsx::Variable Synopsis,diagnosis_or_disease_status,relative_date_or_event_interval; confirm event meaning in data dictionary,,false
data/raw/AACR GENIE Biopharma Collaborative Public/Data Releases/PANC/1.0-public/clinical_data/cancer_level_dataset_index.csv,dx_to_dist_mets_abdomen_mos,dx_to_dist_mets_abdomen_mos,false,1110,651,0.586486,255,mixed_float,dictionary_row_found_no_label_column,data/raw/AACR GENIE Biopharma Collaborative Public/Data Releases/PANC/1.0-public/【变量描述表格】GENIE-BPC-PANC-v1.0-public-Variable-Synopsis.xlsx::Variable Synopsis,diagnosis_or_disease_status,relative_date_or_event_interval; confirm event meaning in data dictionary,,false
data/raw/AACR GENIE Biopharma Collaborative Public/Data Releases/PANC/1.0-public/clinical_data/cancer_level_dataset_index.csv,dx_to_dist_mets_abdomen_yrs,dx_to_dist_mets_abdomen_yrs,false,1110,651,0.586486,255,mixed_float,dictionary_row_found_no_label_column,data/raw/AACR GENIE Biopharma Collaborative Public/Data Releases/PANC/1.0-public/【变量描述表格】GENIE-BPC-PANC-v1.0-public-Variable-Synopsis.xlsx::Variable Synopsis,diagnosis_or_disease_status,relative_date_or_event_interval; confirm event meaning in data dictionary,,false
data/raw/AACR GENIE Biopharma Collaborative Public/Data Releases/PANC/1.0-public/clinical_data/cancer_level_dataset_index.csv,dist_mets_adrenal,dist_mets_adrenal,false,1110,<5,0.000901,<5,boolean,Distant Metastasis: Adrenal,data/raw/AACR GENIE Biopharma Collaborative Public/Data Releases/PANC/1.0-public/【变量描述表格】GENIE-BPC-PANC-v1.0-public-Variable-Synopsis.xlsx::Variable Synopsis,diagnosis_or_disease_status,,,false
data/raw/AACR GENIE Biopharma Collaborative Public/Data Releases/PANC/1.0-public/clinical_data/cancer_level_dataset_index.csv,dx_to_dist_mets_adrenal_days,dx_to_dist_mets_adrenal_days,false,1110,1024,0.922523,73,mixed_integer,dictionary_row_found_no_label_column,data/raw/AACR GENIE Biopharma Collaborative Public/Data Releases/PANC/1.0-public/【变量描述表格】GENIE-BPC-PANC-v1.0-public-Variable-Synopsis.xlsx::Variable Synopsis,diagnosis_or_disease_status,relative_date_or_event_interval; confirm event meaning in data dictionary,,false
data/raw/AACR GENIE Biopharma Collaborative Public/Data Releases/PANC/1.0-public/clinical_data/cancer_level_dataset_index.csv,dx_to_dist_mets_adrenal_mos,dx_to_dist_mets_adrenal_mos,false,1110,1024,0.922523,73,mixed_float,dictionary_row_found_no_label_column,data/raw/AACR GENIE Biopharma Collaborative Public/Data Releases/PANC/1.0-public/【变量描述表格】GENIE-BPC-PANC-v1.0-public-Variable-Synopsis.xlsx::Variable Synopsis,diagnosis_or_disease_status,relative_date_or_event_interval; confirm event meaning in data dictionary,,false
data/raw/AACR GENIE Biopharma Collaborative Public/Data Releases/PANC/1.0-public/clinical_data/cancer_level_dataset_index.csv,dx_to_dist_mets_adrenal_yrs,dx_to_dist_mets_adrenal_yrs,false,1110,1024,0.922523,73,mixed_float,dictionary_row_found_no_label_column,data/raw/AACR GENIE Biopharma Collaborative Public/Data Releases/PANC/1.0-public/【变量描述表格】GENIE-BPC-PANC-v1.0-public-Variable-Synopsis.xlsx::Variable Synopsis,diagnosis_or_disease_status,relative_date_or_event_interval; confirm event meaning in data dictionary,,false
data/raw/AACR GENIE Biopharma Collaborative Public/Data Releases/PANC/1.0-public/clinical_data/cancer_level_dataset_index.csv,dist_mets_bone,dist_mets_bone,false,1110,<5,0.000901,<5,boolean,Distant Metastasis: Bone,data/raw/AACR GENIE Biopharma Collaborative Public/Data Releases/PANC/1.0-public/【变量描述表格】GENIE-BPC-PANC-v1.0-public-Variable-Synopsis.xlsx::Variable Synopsis,diagnosis_or_disease_status,,,false
data/raw/AACR GENIE Biopharma Collaborative Public/Data Releases/PANC/1.0-public/clinical_data/cancer_level_dataset_index.csv,dx_to_dist_mets_bone_days,dx_to_dist_mets_bone_days,false,1110,937,0.844144,154,mixed_integer,dictionary_row_found_no_label_column,data/raw/AACR GENIE Biopharma Collaborative Public/Data Releases/PANC/1.0-public/【变量描述表格】GENIE-BPC-PANC-v1.0-public-Variable-Synopsis.xlsx::Variable Synopsis,diagnosis_or_disease_status,relative_date_or_event_interval; confirm event meaning in data dictionary,,false
data/raw/AACR GENIE Biopharma Collaborative Public/Data Releases/PANC/1.0-public/clinical_data/cancer_level_dataset_index.csv,dx_to_dist_mets_bone_mos,dx_to_dist_mets_bone_mos,false,1110,937,0.844144,154,mixed_float,dictionary_row_found_no_label_column,data/raw/AACR GENIE Biopharma Collaborative Public/Data Releases/PANC/1.0-public/【变量描述表格】GENIE-BPC-PANC-v1.0-public-Variable-Synopsis.xlsx::Variable Synopsis,diagnosis_or_disease_status,relative_date_or_event_interval; confirm event meaning in data dictionary,,false
data/raw/AACR GENIE Biopharma Collaborative Public/Data Releases/PANC/1.0-public/clinical_data/cancer_level_dataset_index.csv,dx_to_dist_mets_bone_yrs,dx_to_dist_mets_bone_yrs,false,1110,937,0.844144,154,mixed_float,dictionary_row_found_no_label_column,data/raw/AACR GENIE Biopharma Collaborative Public/Data Releases/PANC/1.0-public/【变量描述表格】GENIE-BPC-PANC-v1.0-public-Variable-Synopsis.xlsx::Variable Synopsis,diagnosis_or_disease_status,relative_date_or_event_interval; confirm event meaning in data dictionary,,false
data/raw/AACR GENIE Biopharma Collaborative Public/Data Releases/PANC/1.0-public/clinical_data/cancer_level_dataset_index.csv,dist_mets_bone_marrow,dist_mets_bone_marrow,false,1110,<5,0.000901,<5,boolean,Distant Metastasis: Bone Marrow,data/raw/AACR GENIE Biopharma Collaborative Public/Data Releases/PANC/1.0-public/【变量描述表格】GENIE-BPC-PANC-v1.0-public-Variable-Synopsis.xlsx::Variable Synopsis,diagnosis_or_disease_status,,,false
data/raw/AACR GENIE Biopharma Collaborative Public/Data Releases/PANC/1.0-public/clinical_data/cancer_level_dataset_index.csv,dx_to_dist_mets_bone_marrow_days,dx_to_dist_mets_bone_marrow_days,false,1110,1108,0.998198,<5,integer,dictionary_row_found_no_label_column,data/raw/AACR GENIE Biopharma Collaborative Public/Data Releases/PANC/1.0-public/【变量描述表格】GENIE-BPC-PANC-v1.0-public-Variable-Synopsis.xlsx::Variable Synopsis,diagnosis_or_disease_status,relative_date_or_event_interval; confirm event meaning in data dictionary,,false
data/raw/AACR GENIE Biopharma Collaborative Public/Data Releases/PANC/1.0-public/clinical_data/cancer_level_dataset_index.csv,dx_to_dist_mets_bone_marrow_mos,dx_to_dist_mets_bone_marrow_mos,false,1110,1108,0.998198,<5,float,dictionary_row_found_no_label_column,data/raw/AACR GENIE Biopharma Collaborative Public/Data Releases/PANC/1.0-public/【变量描述表格】GENIE-BPC-PANC-v1.0-public-Variable-Synopsis.xlsx::Variable Synopsis,diagnosis_or_disease_status,relative_date_or_event_interval; confirm event meaning in data dictionary,,false
data/raw/AACR GENIE Biopharma Collaborative Public/Data Releases/PANC/1.0-public/clinical_data/cancer_level_dataset_index.csv,dx_to_dist_mets_bone_marrow_yrs,dx_to_dist_mets_bone_marrow_yrs,false,1110,1108,0.998198,<5,float,dictionary_row_found_no_label_column,data/raw/AACR GENIE Biopharma Collaborative Public/Data Releases/PANC/1.0-public/【变量描述表格】GENIE-BPC-PANC-v1.0-public-Variable-Synopsis.xlsx::Variable Synopsis,diagnosis_or_disease_status,relative_date_or_event_interval; confirm event meaning in data dictionary,,false
data/raw/AACR GENIE Biopharma Collaborative Public/Data Releases/PANC/1.0-public/clinical_data/cancer_level_dataset_index.csv,dist_mets_brain_cns,dist_mets_brain_cns,false,1110,<5,0.000901,<5,boolean,Distant Metastasis: Brain/Central Nervous System,data/raw/AACR GENIE Biopharma Collaborative Public/Data Releases/PANC/1.0-public/【变量描述表格】GENIE-BPC-PANC-v1.0-public-Variable-Synopsis.xlsx::Variable Synopsis,diagnosis_or_disease_status,,,false
data/raw/AACR GENIE Biopharma Collaborative Public/Data Releases/PANC/1.0-public/clinical_data/cancer_level_dataset_index.csv,dx_to_dist_mets_brain_cns_days,dx_to_dist_mets_brain_cns_days,false,1110,1068,0.962162,40,mixed_integer,dictionary_row_found_no_label_column,data/raw/AACR GENIE Biopharma Collaborative Public/Data Releases/PANC/1.0-public/【变量描述表格】GENIE-BPC-PANC-v1.0-public-Variable-Synopsis.xlsx::Variable Synopsis,diagnosis_or_disease_status,relative_date_or_event_interval; confirm event meaning in data dictionary,,false
data/raw/AACR GENIE Biopharma Collaborative Public/Data Releases/PANC/1.0-public/clinical_data/cancer_level_dataset_index.csv,dx_to_dist_mets_brain_cns_mos,dx_to_dist_mets_brain_cns_mos,false,1110,1068,0.962162,40,mixed_float,dictionary_row_found_no_label_column,data/raw/AACR GENIE Biopharma Collaborative Public/Data Releases/PANC/1.0-public/【变量描述表格】GENIE-BPC-PANC-v1.0-public-Variable-Synopsis.xlsx::Variable Synopsis,diagnosis_or_disease_status,relative_date_or_event_interval; confirm event meaning in data dictionary,,false
data/raw/AACR GENIE Biopharma Collaborative Public/Data Releases/PANC/1.0-public/clinical_data/cancer_level_dataset_index.csv,dx_to_dist_mets_brain_cns_yrs,dx_to_dist_mets_brain_cns_yrs,false,1110,1068,0.962162,40,mixed_float,dictionary_row_found_no_label_column,data/raw/AACR GENIE Biopharma Collaborative Public/Data Releases/PANC/1.0-public/【变量描述表格】GENIE-BPC-PANC-v1.0-public-Variable-Synopsis.xlsx::Variable Synopsis,diagnosis_or_disease_status,relative_date_or_event_interval; confirm event meaning in data dictionary,,false
data/raw/AACR GENIE Biopharma Collaborative Public/Data Releases/PANC/1.0-public/clinical_data/cancer_level_dataset_index.csv,dist_mets_breast,dist_mets_breast,false,1110,<5,0.000901,<5,boolean,Distant Metastasis: Breast,data/raw/AACR GENIE Biopharma Collaborative Public/Data Releases/PANC/1.0-public/【变量描述表格】GENIE-BPC-PANC-v1.0-public-Variable-Synopsis.xlsx::Variable Synopsis,diagnosis_or_disease_status,,,false
data/raw/AACR GENIE Biopharma Collaborative Public/Data Releases/PANC/1.0-public/clinical_data/cancer_level_dataset_index.csv,dx_to_dist_mets_breast_days,dx_to_dist_mets_breast_days,false,1110,1102,0.992793,8,integer,dictionary_row_found_no_label_column,data/raw/AACR GENIE Biopharma Collaborative Public/Data Releases/PANC/1.0-public/【变量描述表格】GENIE-BPC-PANC-v1.0-public-Variable-Synopsis.xlsx::Variable Synopsis,diagnosis_or_disease_status,relative_date_or_event_interval; confirm event meaning in data dictionary,,false
data/raw/AACR GENIE Biopharma Collaborative Public/Data Releases/PANC/1.0-public/clinical_data/cancer_level_dataset_index.csv,dx_to_dist_mets_breast_mos,dx_to_dist_mets_breast_mos,false,1110,1102,0.992793,8,float,dictionary_row_found_no_label_column,data/raw/AACR GENIE Biopharma Collaborative Public/Data Releases/PANC/1.0-public/【变量描述表格】GENIE-BPC-PANC-v1.0-public-Variable-Synopsis.xlsx::Variable Synopsis,diagnosis_or_disease_status,relative_date_or_event_interval; confirm event meaning in data dictionary,,false
data/raw/AACR GENIE Biopharma Collaborative Public/Data Releases/PANC/1.0-public/clinical_data/cancer_level_dataset_index.csv,dx_to_dist_mets_breast_yrs,dx_to_dist_mets_breast_yrs,false,1110,1102,0.992793,8,float,dictionary_row_found_no_label_column,data/raw/AACR GENIE Biopharma Collaborative Public/Data Releases/PANC/1.0-public/【变量描述表格】GENIE-BPC-PANC-v1.0-public-Variable-Synopsis.xlsx::Variable Synopsis,diagnosis_or_disease_status,relative_date_or_event_interval; confirm event meaning in data dictionary,,false
data/raw/AACR GENIE Biopharma Collaborative Public/Data Releases/PANC/1.0-public/clinical_data/cancer_level_dataset_index.csv,dist_mets_head_and_neck,dist_mets_head_and_neck,false,1110,<5,0.000901,<5,boolean,Distant Metastasis: Head and Neck,data/raw/AACR GENIE Biopharma Collaborative Public/Data Releases/PANC/1.0-public/【变量描述表格】GENIE-BPC-PANC-v1.0-public-Variable-Synopsis.xlsx::Variable Synopsis,diagnosis_or_disease_status,,,false
data/raw/AACR GENIE Biopharma Collaborative Public/Data Releases/PANC/1.0-public/clinical_data/cancer_level_dataset_index.csv,dx_to_dist_mets_head_and_neck_days,dx_to_dist_mets_head_and_neck_days,false,1110,1065,0.959459,38,mixed_integer,dictionary_row_found_no_label_column,data/raw/AACR GENIE Biopharma Collaborative Public/Data Releases/PANC/1.0-public/【变量描述表格】GENIE-BPC-PANC-v1.0-public-Variable-Synopsis.xlsx::Variable Synopsis,diagnosis_or_disease_status,relative_date_or_event_interval; confirm event meaning in data dictionary,,false
data/raw/AACR GENIE Biopharma Collaborative Public/Data Releases/PANC/1.0-public/clinical_data/cancer_level_dataset_index.csv,dx_to_dist_mets_head_and_neck_mos,dx_to_dist_mets_head_and_neck_mos,false,1110,1065,0.959459,38,mixed_float,dictionary_row_found_no_label_column,data/raw/AACR GENIE Biopharma Collaborative Public/Data Releases/PANC/1.0-public/【变量描述表格】GENIE-BPC-PANC-v1.0-public-Variable-Synopsis.xlsx::Variable Synopsis,diagnosis_or_disease_status,relative_date_or_event_interval; confirm event meaning in data dictionary,,false
data/raw/AACR GENIE Biopharma Collaborative Public/Data Releases/PANC/1.0-public/clinical_data/cancer_level_dataset_index.csv,dx_to_dist_mets_head_and_neck_yrs,dx_to_dist_mets_head_and_neck_yrs,false,1110,1065,0.959459,38,mixed_float,dictionary_row_found_no_label_column,data/raw/AACR GENIE Biopharma Collaborative Public/Data Releases/PANC/1.0-public/【变量描述表格】GENIE-BPC-PANC-v1.0-public-Variable-Synopsis.xlsx::Variable Synopsis,diagnosis_or_disease_status,relative_date_or_event_interval; confirm event meaning in data dictionary,,false
data/raw/AACR GENIE Biopharma Collaborative Public/Data Releases/PANC/1.0-public/clinical_data/cancer_level_dataset_index.csv,dist_mets_liver,dist_mets_liver,false,1110,<5,0.000901,<5,boolean,Distant Metastasis: Liver,data/raw/AACR GENIE Biopharma Collaborative Public/Data Releases/PANC/1.0-public/【变量描述表格】GENIE-BPC-PANC-v1.0-public-Variable-Synopsis.xlsx::Variable Synopsis,diagnosis_or_disease_status,,,false
data/raw/AACR GENIE Biopharma Collaborative Public/Data Releases/PANC/1.0-public/clinical_data/cancer_level_dataset_index.csv,dx_to_dist_mets_liver_days,dx_to_dist_mets_liver_days,false,1110,354,0.318919,309,mixed_integer,dictionary_row_found_no_label_column,data/raw/AACR GENIE Biopharma Collaborative Public/Data Releases/PANC/1.0-public/【变量描述表格】GENIE-BPC-PANC-v1.0-public-Variable-Synopsis.xlsx::Variable Synopsis,diagnosis_or_disease_status,relative_date_or_event_interval; confirm event meaning in data dictionary,,false
data/raw/AACR GENIE Biopharma Collaborative Public/Data Releases/PANC/1.0-public/clinical_data/cancer_level_dataset_index.csv,dx_to_dist_mets_liver_mos,dx_to_dist_mets_liver_mos,false,1110,354,0.318919,309,mixed_float,dictionary_row_found_no_label_column,data/raw/AACR GENIE Biopharma Collaborative Public/Data Releases/PANC/1.0-public/【变量描述表格】GENIE-BPC-PANC-v1.0-public-Variable-Synopsis.xlsx::Variable Synopsis,diagnosis_or_disease_status,relative_date_or_event_interval; confirm event meaning in data dictionary,,false
data/raw/AACR GENIE Biopharma Collaborative Public/Data Releases/PANC/1.0-public/clinical_data/cancer_level_dataset_index.csv,dx_to_dist_mets_liver_yrs,dx_to_dist_mets_liver_yrs,false,1110,354,0.318919,309,mixed_float,dictionary_row_found_no_label_column,data/raw/AACR GENIE Biopharma Collaborative Public/Data Releases/PANC/1.0-public/【变量描述表格】GENIE-BPC-PANC-v1.0-public-Variable-Synopsis.xlsx::Variable Synopsis,diagnosis_or_disease_status,relative_date_or_event_interval; confirm event meaning in data dictionary,,false
data/raw/AACR GENIE Biopharma Collaborative Public/Data Releases/PANC/1.0-public/clinical_data/cancer_level_dataset_index.csv,dist_mets_lymph_nodes,dist_mets_lymph_nodes,false,1110,<5,0.000901,<5,boolean,Distant Metastasis: Lymph Nodes,data/raw/AACR GENIE Biopharma Collaborative Public/Data Releases/PANC/1.0-public/【变量描述表格】GENIE-BPC-PANC-v1.0-public-Variable-Synopsis.xlsx::Variable Synopsis,diagnosis_or_disease_status,,,false
data/raw/AACR GENIE Biopharma Collaborative Public/Data Releases/PANC/1.0-public/clinical_data/cancer_level_dataset_index.csv,dx_to_dist_mets_lymph_nodes_days,dx_to_dist_mets_lymph_nodes_days,false,1110,957,0.862162,131,mixed_integer,dictionary_row_found_no_label_column,data/raw/AACR GENIE Biopharma Collaborative Public/Data Releases/PANC/1.0-public/【变量描述表格】GENIE-BPC-PANC-v1.0-public-Variable-Synopsis.xlsx::Variable Synopsis,diagnosis_or_disease_status,relative_date_or_event_interval; confirm event meaning in data dictionary,,false
data/raw/AACR GENIE Biopharma Collaborative Public/Data Releases/PANC/1.0-public/clinical_data/cancer_level_dataset_index.csv,dx_to_dist_mets_lymph_nodes_mos,dx_to_dist_mets_lymph_nodes_mos,false,1110,957,0.862162,131,mixed_float,dictionary_row_found_no_label_column,data/raw/AACR GENIE Biopharma Collaborative Public/Data Releases/PANC/1.0-public/【变量描述表格】GENIE-BPC-PANC-v1.0-public-Variable-Synopsis.xlsx::Variable Synopsis,diagnosis_or_disease_status,relative_date_or_event_interval; confirm event meaning in data dictionary,,false
data/raw/AACR GENIE Biopharma Collaborative Public/Data Releases/PANC/1.0-public/clinical_data/cancer_level_dataset_index.csv,dx_to_dist_mets_lymph_nodes_yrs,dx_to_dist_mets_lymph_nodes_yrs,false,1110,957,0.862162,131,mixed_float,dictionary_row_found_no_label_column,data/raw/AACR GENIE Biopharma Collaborative Public/Data Releases/PANC/1.0-public/【变量描述表格】GENIE-BPC-PANC-v1.0-public-Variable-Synopsis.xlsx::Variable Synopsis,diagnosis_or_disease_status,relative_date_or_event_interval; confirm event meaning in data dictionary,,false
data/raw/AACR GENIE Biopharma Collaborative Public/Data Releases/PANC/1.0-public/clinical_data/cancer_level_dataset_index.csv,dist_mets_other,dist_mets_other,false,1110,<5,0.000901,<5,boolean,Distant Metastasis: Other,data/raw/AACR GENIE Biopharma Collaborative Public/Data Releases/PANC/1.0-public/【变量描述表格】GENIE-BPC-PANC-v1.0-public-Variable-Synopsis.xlsx::Variable Synopsis,diagnosis_or_disease_status,,,false
data/raw/AACR GENIE Biopharma Collaborative Public/Data Releases/PANC/1.0-public/clinical_data/cancer_level_dataset_index.csv,dx_to_dist_mets_other_days,dx_to_dist_mets_other_days,false,1110,1080,0.972973,30,mixed_integer,dictionary_row_found_no_label_column,data/raw/AACR GENIE Biopharma Collaborative Public/Data Releases/PANC/1.0-public/【变量描述表格】GENIE-BPC-PANC-v1.0-public-Variable-Synopsis.xlsx::Variable Synopsis,diagnosis_or_disease_status,relative_date_or_event_interval; confirm event meaning in data dictionary,,false
data/raw/AACR GENIE Biopharma Collaborative Public/Data Releases/PANC/1.0-public/clinical_data/cancer_level_dataset_index.csv,dx_to_dist_mets_other_mos,dx_to_dist_mets_other_mos,false,1110,1080,0.972973,30,mixed_float,dictionary_row_found_no_label_column,data/raw/AACR GENIE Biopharma Collaborative Public/Data Releases/PANC/1.0-public/【变量描述表格】GENIE-BPC-PANC-v1.0-public-Variable-Synopsis.xlsx::Variable Synopsis,diagnosis_or_disease_status,relative_date_or_event_interval; confirm event meaning in data dictionary,,false
data/raw/AACR GENIE Biopharma Collaborative Public/Data Releases/PANC/1.0-public/clinical_data/cancer_level_dataset_index.csv,dx_to_dist_mets_other_yrs,dx_to_dist_mets_other_yrs,false,1110,1080,0.972973,30,mixed_float,dictionary_row_found_no_label_column,data/raw/AACR GENIE Biopharma Collaborative Public/Data Releases/PANC/1.0-public/【变量描述表格】GENIE-BPC-PANC-v1.0-public-Variable-Synopsis.xlsx::Variable Synopsis,diagnosis_or_disease_status,relative_date_or_event_interval; confirm event meaning in data dictionary,,false
data/raw/AACR GENIE Biopharma Collaborative Public/Data Releases/PANC/1.0-public/clinical_data/cancer_level_dataset_index.csv,dist_mets_pelvis,dist_mets_pelvis,false,1110,<5,0.000901,<5,boolean,Distant Metastasis: Pelvis,data/raw/AACR GENIE Biopharma Collaborative Public/Data Releases/PANC/1.0-public/【变量描述表格】GENIE-BPC-PANC-v1.0-public-Variable-Synopsis.xlsx::Variable Synopsis,diagnosis_or_disease_status,,,false
data/raw/AACR GENIE Biopharma Collaborative Public/Data Releases/PANC/1.0-public/clinical_data/cancer_level_dataset_index.csv,dx_to_dist_mets_pelvis_days,dx_to_dist_mets_pelvis_days,false,1110,1007,0.907207,89,mixed_integer,dictionary_row_found_no_label_column,data/raw/AACR GENIE Biopharma Collaborative Public/Data Releases/PANC/1.0-public/【变量描述表格】GENIE-BPC-PANC-v1.0-public-Variable-Synopsis.xlsx::Variable Synopsis,diagnosis_or_disease_status,relative_date_or_event_interval; confirm event meaning in data dictionary,,false
data/raw/AACR GENIE Biopharma Collaborative Public/Data Releases/PANC/1.0-public/clinical_data/cancer_level_dataset_index.csv,dx_to_dist_mets_pelvis_mos,dx_to_dist_mets_pelvis_mos,false,1110,1007,0.907207,89,mixed_float,dictionary_row_found_no_label_column,data/raw/AACR GENIE Biopharma Collaborative Public/Data Releases/PANC/1.0-public/【变量描述表格】GENIE-BPC-PANC-v1.0-public-Variable-Synopsis.xlsx::Variable Synopsis,diagnosis_or_disease_status,relative_date_or_event_interval; confirm event meaning in data dictionary,,false
data/raw/AACR GENIE Biopharma Collaborative Public/Data Releases/PANC/1.0-public/clinical_data/cancer_level_dataset_index.csv,dx_to_dist_mets_pelvis_yrs,dx_to_dist_mets_pelvis_yrs,false,1110,1007,0.907207,89,mixed_float,dictionary_row_found_no_label_column,data/raw/AACR GENIE Biopharma Collaborative Public/Data Releases/PANC/1.0-public/【变量描述表格】GENIE-BPC-PANC-v1.0-public-Variable-Synopsis.xlsx::Variable Synopsis,diagnosis_or_disease_status,relative_date_or_event_interval; confirm event meaning in data dictionary,,false
data/raw/AACR GENIE Biopharma Collaborative Public/Data Releases/PANC/1.0-public/clinical_data/cancer_level_dataset_index.csv,dist_mets_pericardial_and_malignant_pericardial_effusion,dist_mets_pericardial_and_malignant_pericardial_effusion,false,1110,<5,0.000901,<5,boolean,Distant Metastasis: Pericardial and Malignant Pericardial Effusion,data/raw/AACR GENIE Biopharma Collaborative Public/Data Releases/PANC/1.0-public/【变量描述表格】GENIE-BPC-PANC-v1.0-public-Variable-Synopsis.xlsx::Variable Synopsis,diagnosis_or_disease_status,,,false
data/raw/AACR GENIE Biopharma Collaborative Public/Data Releases/PANC/1.0-public/clinical_data/cancer_level_dataset_index.csv,dx_to_dist_mets_pericardial_and_malignant_pericardial_effusion_days,dx_to_dist_mets_pericardial_and_malignant_pericardial_effusion_days,false,1110,1108,0.998198,<5,integer,dictionary_row_found_no_label_column,data/raw/AACR GENIE Biopharma Collaborative Public/Data Releases/PANC/1.0-public/【变量描述表格】GENIE-BPC-PANC-v1.0-public-Variable-Synopsis.xlsx::Variable Synopsis,diagnosis_or_disease_status,relative_date_or_event_interval; confirm event meaning in data dictionary,,false
data/raw/AACR GENIE Biopharma Collaborative Public/Data Releases/PANC/1.0-public/clinical_data/cancer_level_dataset_index.csv,dx_to_dist_mets_pericardial_and_malignant_pericardial_effusion_mos,dx_to_dist_mets_pericardial_and_malignant_pericardial_effusion_mos,false,1110,1108,0.998198,<5,float,dictionary_row_found_no_label_column,data/raw/AACR GENIE Biopharma Collaborative Public/Data Releases/PANC/1.0-public/【变量描述表格】GENIE-BPC-PANC-v1.0-public-Variable-Synopsis.xlsx::Variable Synopsis,diagnosis_or_disease_status,relative_date_or_event_interval; confirm event meaning in data dictionary,,false
data/raw/AACR GENIE Biopharma Collaborative Public/Data Releases/PANC/1.0-public/clinical_data/cancer_level_dataset_index.csv,dx_to_dist_mets_pericardial_and_malignant_pericardial_effusion_yrs,dx_to_dist_mets_pericardial_and_malignant_pericardial_effusion_yrs,false,1110,1108,0.998198,<5,float,dictionary_row_found_no_label_column,data/raw/AACR GENIE Biopharma Collaborative Public/Data Releases/PANC/1.0-public/【变量描述表格】GENIE-BPC-PANC-v1.0-public-Variable-Synopsis.xlsx::Variable Synopsis,diagnosis_or_disease_status,relative_date_or_event_interval; confirm event meaning in data dictionary,,false
data/raw/AACR GENIE Biopharma Collaborative Public/Data Releases/PANC/1.0-public/clinical_data/cancer_level_dataset_index.csv,dist_mets_peritoneum_and_malignant_peritoneal_effusion,dist_mets_peritoneum_and_malignant_peritoneal_effusion,false,1110,<5,0.000901,<5,boolean,Distant Metastasis: Peritoneum and Malignant Peritoneal Effusion,data/raw/AACR GENIE Biopharma Collaborative Public/Data Releases/PANC/1.0-public/【变量描述表格】GENIE-BPC-PANC-v1.0-public-Variable-Synopsis.xlsx::Variable Synopsis,diagnosis_or_disease_status,,,false
data/raw/AACR GENIE Biopharma Collaborative Public/Data Releases/PANC/1.0-public/clinical_data/cancer_level_dataset_index.csv,dx_to_dist_mets_peritoneum_and_malignant_peritoneal_effusion_days,dx_to_dist_mets_peritoneum_and_malignant_peritoneal_effusion_days,false,1110,700,0.630631,273,mixed_integer,dictionary_row_found_no_label_column,data/raw/AACR GENIE Biopharma Collaborative Public/Data Releases/PANC/1.0-public/【变量描述表格】GENIE-BPC-PANC-v1.0-public-Variable-Synopsis.xlsx::Variable Synopsis,diagnosis_or_disease_status,relative_date_or_event_interval; confirm event meaning in data dictionary,,false
data/raw/AACR GENIE Biopharma Collaborative Public/Data Releases/PANC/1.0-public/clinical_data/cancer_level_dataset_index.csv,dx_to_dist_mets_peritoneum_and_malignant_peritoneal_effusion_mos,dx_to_dist_mets_peritoneum_and_malignant_peritoneal_effusion_mos,false,1110,700,0.630631,273,mixed_float,dictionary_row_found_no_label_column,data/raw/AACR GENIE Biopharma Collaborative Public/Data Releases/PANC/1.0-public/【变量描述表格】GENIE-BPC-PANC-v1.0-public-Variable-Synopsis.xlsx::Variable Synopsis,diagnosis_or_disease_status,relative_date_or_event_interval; confirm event meaning in data dictionary,,false
data/raw/AACR GENIE Biopharma Collaborative Public/Data Releases/PANC/1.0-public/clinical_data/cancer_level_dataset_index.csv,dx_to_dist_mets_peritoneum_and_malignant_peritoneal_effusion_yrs,dx_to_dist_mets_peritoneum_and_malignant_peritoneal_effusion_yrs,false,1110,700,0.630631,273,mixed_float,dictionary_row_found_no_label_column,data/raw/AACR GENIE Biopharma Collaborative Public/Data Releases/PANC/1.0-public/【变量描述表格】GENIE-BPC-PANC-v1.0-public-Variable-Synopsis.xlsx::Variable Synopsis,diagnosis_or_disease_status,relative_date_or_event_interval; confirm event meaning in data dictionary,,false
data/raw/AACR GENIE Biopharma Collaborative Public/Data Releases/PANC/1.0-public/clinical_data/cancer_level_dataset_index.csv,dist_mets_pleura_and_malignant_pleural_effusion,dist_mets_pleura_and_malignant_pleural_effusion,false,1110,<5,0.000901,<5,boolean,Distant Metastasis: Pleura and Malignant Pleural Effusion,data/raw/AACR GENIE Biopharma Collaborative Public/Data Releases/PANC/1.0-public/【变量描述表格】GENIE-BPC-PANC-v1.0-public-Variable-Synopsis.xlsx::Variable Synopsis,diagnosis_or_disease_status,,,false
data/raw/AACR GENIE Biopharma Collaborative Public/Data Releases/PANC/1.0-public/clinical_data/cancer_level_dataset_index.csv,dx_to_dist_mets_pleura_and_malignant_pleural_effusion_days,dx_to_dist_mets_pleura_and_malignant_pleural_effusion_days,false,1110,1029,0.927027,79,mixed_integer,dictionary_row_found_no_label_column,data/raw/AACR GENIE Biopharma Collaborative Public/Data Releases/PANC/1.0-public/【变量描述表格】GENIE-BPC-PANC-v1.0-public-Variable-Synopsis.xlsx::Variable Synopsis,diagnosis_or_disease_status,relative_date_or_event_interval; confirm event meaning in data dictionary,,false
data/raw/AACR GENIE Biopharma Collaborative Public/Data Releases/PANC/1.0-public/clinical_data/cancer_level_dataset_index.csv,dx_to_dist_mets_pleura_and_malignant_pleural_effusion_mos,dx_to_dist_mets_pleura_and_malignant_pleural_effusion_mos,false,1110,1029,0.927027,79,mixed_float,dictionary_row_found_no_label_column,data/raw/AACR GENIE Biopharma Collaborative Public/Data Releases/PANC/1.0-public/【变量描述表格】GENIE-BPC-PANC-v1.0-public-Variable-Synopsis.xlsx::Variable Synopsis,diagnosis_or_disease_status,relative_date_or_event_interval; confirm event meaning in data dictionary,,false
data/raw/AACR GENIE Biopharma Collaborative Public/Data Releases/PANC/1.0-public/clinical_data/cancer_level_dataset_index.csv,dx_to_dist_mets_pleura_and_malignant_pleural_effusion_yrs,dx_to_dist_mets_pleura_and_malignant_pleural_effusion_yrs,false,1110,1029,0.927027,79,mixed_float,dictionary_row_found_no_label_column,data/raw/AACR GENIE Biopharma Collaborative Public/Data Releases/PANC/1.0-public/【变量描述表格】GENIE-BPC-PANC-v1.0-public-Variable-Synopsis.xlsx::Variable Synopsis,diagnosis_or_disease_status,relative_date_or_event_interval; confirm event meaning in data dictionary,,false
data/raw/AACR GENIE Biopharma Collaborative Public/Data Releases/PANC/1.0-public/clinical_data/cancer_level_dataset_index.csv,dist_mets_pulmonary,dist_mets_pulmonary,false,1110,<5,0.000901,<5,boolean,Distant Metastasis: Pulmonary,data/raw/AACR GENIE Biopharma Collaborative Public/Data Releases/PANC/1.0-public/【变量描述表格】GENIE-BPC-PANC-v1.0-public-Variable-Synopsis.xlsx::Variable Synopsis,diagnosis_or_disease_status,,,false
data/raw/AACR GENIE Biopharma Collaborative Public/Data Releases/PANC/1.0-public/clinical_data/cancer_level_dataset_index.csv,dx_to_dist_mets_pulmonary_days,dx_to_dist_mets_pulmonary_days,false,1110,723,0.651351,280,mixed_integer,dictionary_row_found_no_label_column,data/raw/AACR GENIE Biopharma Collaborative Public/Data Releases/PANC/1.0-public/【变量描述表格】GENIE-BPC-PANC-v1.0-public-Variable-Synopsis.xlsx::Variable Synopsis,diagnosis_or_disease_status,relative_date_or_event_interval; confirm event meaning in data dictionary,,false
data/raw/AACR GENIE Biopharma Collaborative Public/Data Releases/PANC/1.0-public/clinical_data/cancer_level_dataset_index.csv,dx_to_dist_mets_pulmonary_mos,dx_to_dist_mets_pulmonary_mos,false,1110,723,0.651351,280,mixed_float,dictionary_row_found_no_label_column,data/raw/AACR GENIE Biopharma Collaborative Public/Data Releases/PANC/1.0-public/【变量描述表格】GENIE-BPC-PANC-v1.0-public-Variable-Synopsis.xlsx::Variable Synopsis,diagnosis_or_disease_status,relative_date_or_event_interval; confirm event meaning in data dictionary,,false
data/raw/AACR GENIE Biopharma Collaborative Public/Data Releases/PANC/1.0-public/clinical_data/cancer_level_dataset_index.csv,dx_to_dist_mets_pulmonary_yrs,dx_to_dist_mets_pulmonary_yrs,false,1110,723,0.651351,280,mixed_float,dictionary_row_found_no_label_column,data/raw/AACR GENIE Biopharma Collaborative Public/Data Releases/PANC/1.0-public/【变量描述表格】GENIE-BPC-PANC-v1.0-public-Variable-Synopsis.xlsx::Variable Synopsis,diagnosis_or_disease_status,relative_date_or_event_interval; confirm event meaning in data dictionary,,false
data/raw/AACR GENIE Biopharma Collaborative Public/Data Releases/PANC/1.0-public/clinical_data/cancer_level_dataset_index.csv,dist_mets_skin,dist_mets_skin,false,1110,<5,0.000901,<5,boolean,Distant Metastasis: Skin,data/raw/AACR GENIE Biopharma Collaborative Public/Data Releases/PANC/1.0-public/【变量描述表格】GENIE-BPC-PANC-v1.0-public-Variable-Synopsis.xlsx::Variable Synopsis,diagnosis_or_disease_status,,,false
data/raw/AACR GENIE Biopharma Collaborative Public/Data Releases/PANC/1.0-public/clinical_data/cancer_level_dataset_index.csv,dx_to_dist_mets_skin_days,dx_to_dist_mets_skin_days,false,1110,1104,0.994595,<5,mixed_integer,dictionary_row_found_no_label_column,data/raw/AACR GENIE Biopharma Collaborative Public/Data Releases/PANC/1.0-public/【变量描述表格】GENIE-BPC-PANC-v1.0-public-Variable-Synopsis.xlsx::Variable Synopsis,diagnosis_or_disease_status,relative_date_or_event_interval; confirm event meaning in data dictionary,,false
data/raw/AACR GENIE Biopharma Collaborative Public/Data Releases/PANC/1.0-public/clinical_data/cancer_level_dataset_index.csv,dx_to_dist_mets_skin_mos,dx_to_dist_mets_skin_mos,false,1110,1104,0.994595,<5,mixed_float,dictionary_row_found_no_label_column,data/raw/AACR GENIE Biopharma Collaborative Public/Data Releases/PANC/1.0-public/【变量描述表格】GENIE-BPC-PANC-v1.0-public-Variable-Synopsis.xlsx::Variable Synopsis,diagnosis_or_disease_status,relative_date_or_event_interval; confirm event meaning in data dictionary,,false
data/raw/AACR GENIE Biopharma Collaborative Public/Data Releases/PANC/1.0-public/clinical_data/cancer_level_dataset_index.csv,dx_to_dist_mets_skin_yrs,dx_to_dist_mets_skin_yrs,false,1110,1104,0.994595,<5,mixed_float,dictionary_row_found_no_label_column,data/raw/AACR GENIE Biopharma Collaborative Public/Data Releases/PANC/1.0-public/【变量描述表格】GENIE-BPC-PANC-v1.0-public-Variable-Synopsis.xlsx::Variable Synopsis,diagnosis_or_disease_status,relative_date_or_event_interval; confirm event meaning in data dictionary,,false
data/raw/AACR GENIE Biopharma Collaborative Public/Data Releases/PANC/1.0-public/clinical_data/cancer_level_dataset_index.csv,dist_mets_thorax,dist_mets_thorax,false,1110,<5,0.000901,<5,boolean,Distant Metastasis: Thorax,data/raw/AACR GENIE Biopharma Collaborative Public/Data Releases/PANC/1.0-public/【变量描述表格】GENIE-BPC-PANC-v1.0-public-Variable-Synopsis.xlsx::Variable Synopsis,diagnosis_or_disease_status,,,false
data/raw/AACR GENIE Biopharma Collaborative Public/Data Releases/PANC/1.0-public/clinical_data/cancer_level_dataset_index.csv,dx_to_dist_mets_thorax_days,dx_to_dist_mets_thorax_days,false,1110,1045,0.941441,62,mixed_integer,dictionary_row_found_no_label_column,data/raw/AACR GENIE Biopharma Collaborative Public/Data Releases/PANC/1.0-public/【变量描述表格】GENIE-BPC-PANC-v1.0-public-Variable-Synopsis.xlsx::Variable Synopsis,diagnosis_or_disease_status,relative_date_or_event_interval; confirm event meaning in data dictionary,,false
data/raw/AACR GENIE Biopharma Collaborative Public/Data Releases/PANC/1.0-public/clinical_data/cancer_level_dataset_index.csv,dx_to_dist_mets_thorax_mos,dx_to_dist_mets_thorax_mos,false,1110,1045,0.941441,62,mixed_float,dictionary_row_found_no_label_column,data/raw/AACR GENIE Biopharma Collaborative Public/Data Releases/PANC/1.0-public/【变量描述表格】GENIE-BPC-PANC-v1.0-public-Variable-Synopsis.xlsx::Variable Synopsis,diagnosis_or_disease_status,relative_date_or_event_interval; confirm event meaning in data dictionary,,false
data/raw/AACR GENIE Biopharma Collaborative Public/Data Releases/PANC/1.0-public/clinical_data/cancer_level_dataset_index.csv,dx_to_dist_mets_thorax_yrs,dx_to_dist_mets_thorax_yrs,false,1110,1045,0.941441,62,mixed_float,dictionary_row_found_no_label_column,data/raw/AACR GENIE Biopharma Collaborative Public/Data Releases/PANC/1.0-public/【变量描述表格】GENIE-BPC-PANC-v1.0-public-Variable-Synopsis.xlsx::Variable Synopsis,diagnosis_or_disease_status,relative_date_or_event_interval; confirm event meaning in data dictionary,,false
data/raw/AACR GENIE Biopharma Collaborative Public/Data Releases/PANC/1.0-public/clinical_data/cancer_level_dataset_index.csv,reg_rcvd_before_distant_mets,reg_rcvd_before_distant_mets,false,1110,586,0.527928,<5,boolean,Patient Received a Cancer-Directed Regimen Prior to Distant Metastasis,data/raw/AACR GENIE Biopharma Collaborative Public/Data Releases/PANC/1.0-public/【变量描述表格】GENIE-BPC-PANC-v1.0-public-Variable-Synopsis.xlsx::Variable Synopsis,diagnosis_or_disease_status,,,false
data/raw/AACR GENIE Biopharma Collaborative Public/Data Releases/PANC/1.0-public/clinical_data/cancer_level_dataset_index.csv,os_dx_status,os_dx_status,false,1110,0,0.0,<5,boolean,Overall Survival from Diagnosis: Status Indicator,data/raw/AACR GENIE Biopharma Collaborative Public/Data Releases/PANC/1.0-public/【变量描述表格】GENIE-BPC-PANC-v1.0-public-Variable-Synopsis.xlsx::Variable Synopsis,outcome,relative_date_or_event_interval; confirm event meaning in data dictionary,potential_future_or_outcome_field; exclude from t0 inputs unless time-aligned,false
data/raw/AACR GENIE Biopharma Collaborative Public/Data Releases/PANC/1.0-public/clinical_data/cancer_level_dataset_index.csv,tt_os_dx_days,tt_os_dx_days,false,1110,0,0.0,811,integer,Overall Survival from Diagnosis (Days),data/raw/AACR GENIE Biopharma Collaborative Public/Data Releases/PANC/1.0-public/【变量描述表格】GENIE-BPC-PANC-v1.0-public-Variable-Synopsis.xlsx::Variable Synopsis,outcome,relative_date_or_event_interval; confirm event meaning in data dictionary,potential_future_or_outcome_field; exclude from t0 inputs unless time-aligned,false
data/raw/AACR GENIE Biopharma Collaborative Public/Data Releases/PANC/1.0-public/clinical_data/cancer_level_dataset_index.csv,tt_os_dx_mos,tt_os_dx_mos,false,1110,0,0.0,811,float,Overall Survival from Diagnosis (Months),data/raw/AACR GENIE Biopharma Collaborative Public/Data Releases/PANC/1.0-public/【变量描述表格】GENIE-BPC-PANC-v1.0-public-Variable-Synopsis.xlsx::Variable Synopsis,outcome,relative_date_or_event_interval; confirm event meaning in data dictionary,potential_future_or_outcome_field; exclude from t0 inputs unless time-aligned,false
data/raw/AACR GENIE Biopharma Collaborative Public/Data Releases/PANC/1.0-public/clinical_data/cancer_level_dataset_index.csv,tt_os_dx_yrs,tt_os_dx_yrs,false,1110,0,0.0,811,float,Overall Survival from Diagnosis (Years),data/raw/AACR GENIE Biopharma Collaborative Public/Data Releases/PANC/1.0-public/【变量描述表格】GENIE-BPC-PANC-v1.0-public-Variable-Synopsis.xlsx::Variable Synopsis,outcome,relative_date_or_event_interval; confirm event meaning in data dictionary,potential_future_or_outcome_field; exclude from t0 inputs unless time-aligned,false
data/raw/AACR GENIE Biopharma Collaborative Public/Data Releases/PANC/1.0-public/clinical_data/cancer_level_dataset_index.csv,os_adv_status,os_adv_status,false,1110,89,0.08018,<5,boolean,Overall Survival from Advanced Disease: Status Indicator,data/raw/AACR GENIE Biopharma Collaborative Public/Data Releases/PANC/1.0-public/【变量描述表格】GENIE-BPC-PANC-v1.0-public-Variable-Synopsis.xlsx::Variable Synopsis,outcome,,potential_future_or_outcome_field; exclude from t0 inputs unless time-aligned,false
data/raw/AACR GENIE Biopharma Collaborative Public/Data Releases/PANC/1.0-public/clinical_data/cancer_level_dataset_index.csv,tt_os_adv_days,tt_os_adv_days,false,1110,89,0.08018,688,integer,Overall Survival from Advanced Disease (Days),data/raw/AACR GENIE Biopharma Collaborative Public/Data Releases/PANC/1.0-public/【变量描述表格】GENIE-BPC-PANC-v1.0-public-Variable-Synopsis.xlsx::Variable Synopsis,outcome,relative_date_or_event_interval; confirm event meaning in data dictionary,potential_future_or_outcome_field; exclude from t0 inputs unless time-aligned,false
data/raw/AACR GENIE Biopharma Collaborative Public/Data Releases/PANC/1.0-public/clinical_data/cancer_level_dataset_index.csv,tt_os_adv_mos,tt_os_adv_mos,false,1110,89,0.08018,688,float,Overall Survival from Advanced Disease (Months),data/raw/AACR GENIE Biopharma Collaborative Public/Data Releases/PANC/1.0-public/【变量描述表格】GENIE-BPC-PANC-v1.0-public-Variable-Synopsis.xlsx::Variable Synopsis,outcome,relative_date_or_event_interval; confirm event meaning in data dictionary,potential_future_or_outcome_field; exclude from t0 inputs unless time-aligned,false
data/raw/AACR GENIE Biopharma Collaborative Public/Data Releases/PANC/1.0-public/clinical_data/cancer_level_dataset_index.csv,tt_os_adv_yrs,tt_os_adv_yrs,false,1110,89,0.08018,688,float,Overall Survival from Advanced Disease (Years),data/raw/AACR GENIE Biopharma Collaborative Public/Data Releases/PANC/1.0-public/【变量描述表格】GENIE-BPC-PANC-v1.0-public-Variable-Synopsis.xlsx::Variable Synopsis,outcome,relative_date_or_event_interval; confirm event meaning in data dictionary,potential_future_or_outcome_field; exclude from t0 inputs unless time-aligned,false
data/raw/AACR GENIE Biopharma Collaborative Public/Data Releases/PANC/1.0-public/clinical_data/cancer_level_dataset_index.csv,pfs_cohort,pfs_cohort,false,1110,89,0.08018,<5,string,Progression-Free Survival Cohort,data/raw/AACR GENIE Biopharma Collaborative Public/Data Releases/PANC/1.0-public/【变量描述表格】GENIE-BPC-PANC-v1.0-public-Variable-Synopsis.xlsx::Variable Synopsis,outcome,,potential_future_or_outcome_field; exclude from t0 inputs unless time-aligned,false
data/raw/AACR GENIE Biopharma Collaborative Public/Data Releases/PANC/1.0-public/clinical_data/cancer_level_dataset_index.csv,pfs_i_adv_status,pfs_i_adv_status,false,1110,89,0.08018,<5,boolean,Progression Free Survival-Imaging (PFS-I): Status Indicator,data/raw/AACR GENIE Biopharma Collaborative Public/Data Releases/PANC/1.0-public/【变量描述表格】GENIE-BPC-PANC-v1.0-public-Variable-Synopsis.xlsx::Variable Synopsis,outcome,,potential_future_or_outcome_field; exclude from t0 inputs unless time-aligned,false
data/raw/AACR GENIE Biopharma Collaborative Public/Data Releases/PANC/1.0-public/clinical_data/cancer_level_dataset_index.csv,tt_pfs_i_adv_days,tt_pfs_i_adv_days,false,1110,89,0.08018,502,mixed_integer,Progression Free Survival-Imaging (PFS-I),data/raw/AACR GENIE Biopharma Collaborative Public/Data Releases/PANC/1.0-public/【变量描述表格】GENIE-BPC-PANC-v1.0-public-Variable-Synopsis.xlsx::Variable Synopsis,outcome,relative_date_or_event_interval; confirm event meaning in data dictionary,potential_future_or_outcome_field; exclude from t0 inputs unless time-aligned,false
data/raw/AACR GENIE Biopharma Collaborative Public/Data Releases/PANC/1.0-public/clinical_data/cancer_level_dataset_index.csv,tt_pfs_i_adv_mos,tt_pfs_i_adv_mos,false,1110,89,0.08018,502,float,Progression Free Survival-Imaging (PFS-I),data/raw/AACR GENIE Biopharma Collaborative Public/Data Releases/PANC/1.0-public/【变量描述表格】GENIE-BPC-PANC-v1.0-public-Variable-Synopsis.xlsx::Variable Synopsis,outcome,relative_date_or_event_interval; confirm event meaning in data dictionary,potential_future_or_outcome_field; exclude from t0 inputs unless time-aligned,false
data/raw/AACR GENIE Biopharma Collaborative Public/Data Releases/PANC/1.0-public/clinical_data/cancer_level_dataset_index.csv,tt_pfs_i_adv_yrs,tt_pfs_i_adv_yrs,false,1110,89,0.08018,502,float,Progression Free Survival-Imaging (PFS-I),data/raw/AACR GENIE Biopharma Collaborative Public/Data Releases/PANC/1.0-public/【变量描述表格】GENIE-BPC-PANC-v1.0-public-Variable-Synopsis.xlsx::Variable Synopsis,outcome,relative_date_or_event_interval; confirm event meaning in data dictionary,potential_future_or_outcome_field; exclude from t0 inputs unless time-aligned,false
data/raw/AACR GENIE Biopharma Collaborative Public/Data Releases/PANC/1.0-public/clinical_data/cancer_level_dataset_index.csv,pfs_m_adv_status,pfs_m_adv_status,false,1110,89,0.08018,<5,boolean,Progression Free Survival - Medical Oncologist Assessment (PFS-M): Status Indicator,data/raw/AACR GENIE Biopharma Collaborative Public/Data Releases/PANC/1.0-public/【变量描述表格】GENIE-BPC-PANC-v1.0-public-Variable-Synopsis.xlsx::Variable Synopsis,outcome,,potential_future_or_outcome_field; exclude from t0 inputs unless time-aligned,false
data/raw/AACR GENIE Biopharma Collaborative Public/Data Releases/PANC/1.0-public/clinical_data/cancer_level_dataset_index.csv,tt_pfs_m_adv_days,tt_pfs_m_adv_days,false,1110,89,0.08018,540,mixed_integer,Progression Free Survival-Medical Oncologist (PFS-M),data/raw/AACR GENIE Biopharma Collaborative Public/Data Releases/PANC/1.0-public/【变量描述表格】GENIE-BPC-PANC-v1.0-public-Variable-Synopsis.xlsx::Variable Synopsis,outcome,relative_date_or_event_interval; confirm event meaning in data dictionary,potential_future_or_outcome_field; exclude from t0 inputs unless time-aligned,false
data/raw/AACR GENIE Biopharma Collaborative Public/Data Releases/PANC/1.0-public/clinical_data/cancer_level_dataset_index.csv,tt_pfs_m_adv_mos,tt_pfs_m_adv_mos,false,1110,89,0.08018,540,float,Progression Free Survival-Medical Oncologist (PFS-M),data/raw/AACR GENIE Biopharma Collaborative Public/Data Releases/PANC/1.0-public/【变量描述表格】GENIE-BPC-PANC-v1.0-public-Variable-Synopsis.xlsx::Variable Synopsis,outcome,relative_date_or_event_interval; confirm event meaning in data dictionary,potential_future_or_outcome_field; exclude from t0 inputs unless time-aligned,false
data/raw/AACR GENIE Biopharma Collaborative Public/Data Releases/PANC/1.0-public/clinical_data/cancer_level_dataset_index.csv,tt_pfs_m_adv_yrs,tt_pfs_m_adv_yrs,false,1110,89,0.08018,540,float,Progression Free Survival-Medical Oncologist (PFS-M),data/raw/AACR GENIE Biopharma Collaborative Public/Data Releases/PANC/1.0-public/【变量描述表格】GENIE-BPC-PANC-v1.0-public-Variable-Synopsis.xlsx::Variable Synopsis,outcome,relative_date_or_event_interval; confirm event meaning in data dictionary,potential_future_or_outcome_field; exclude from t0 inputs unless time-aligned,false
data/raw/AACR GENIE Biopharma Collaborative Public/Data Releases/PANC/1.0-public/clinical_data/cancer_level_dataset_index.csv,pfs_i_or_m_adv_status,pfs_i_or_m_adv_status,false,1110,89,0.08018,<5,boolean,Progression Free Survival-Imaging or Medical Oncologist Assessment (PFS-I-or-M): Status Indicator,data/raw/AACR GENIE Biopharma Collaborative Public/Data Releases/PANC/1.0-public/【变量描述表格】GENIE-BPC-PANC-v1.0-public-Variable-Synopsis.xlsx::Variable Synopsis,outcome,,potential_future_or_outcome_field; exclude from t0 inputs unless time-aligned,false
data/raw/AACR GENIE Biopharma Collaborative Public/Data Releases/PANC/1.0-public/clinical_data/cancer_level_dataset_index.csv,tt_pfs_i_or_m_adv_days,tt_pfs_i_or_m_adv_days,false,1110,89,0.08018,453,mixed_integer,Progression Free Survival-Imaging or Medical Oncologist Assessment (PFS-I-or-M),data/raw/AACR GENIE Biopharma Collaborative Public/Data Releases/PANC/1.0-public/【变量描述表格】GENIE-BPC-PANC-v1.0-public-Variable-Synopsis.xlsx::Variable Synopsis,outcome,relative_date_or_event_interval; confirm event meaning in data dictionary,potential_future_or_outcome_field; exclude from t0 inputs unless time-aligned,false
data/raw/AACR GENIE Biopharma Collaborative Public/Data Releases/PANC/1.0-public/clinical_data/cancer_level_dataset_index.csv,tt_pfs_i_or_m_adv_mos,tt_pfs_i_or_m_adv_mos,false,1110,89,0.08018,453,float,Progression Free Survival-Imaging or Medical Oncologist Assessment (PFS-I-or-M),data/raw/AACR GENIE Biopharma Collaborative Public/Data Releases/PANC/1.0-public/【变量描述表格】GENIE-BPC-PANC-v1.0-public-Variable-Synopsis.xlsx::Variable Synopsis,outcome,relative_date_or_event_interval; confirm event meaning in data dictionary,potential_future_or_outcome_field; exclude from t0 inputs unless time-aligned,false
data/raw/AACR GENIE Biopharma Collaborative Public/Data Releases/PANC/1.0-public/clinical_data/cancer_level_dataset_index.csv,tt_pfs_i_or_m_adv_yrs,tt_pfs_i_or_m_adv_yrs,false,1110,89,0.08018,453,float,Progression Free Survival-Imaging or Medical Oncologist Assessment (PFS-I-or-M),data/raw/AACR GENIE Biopharma Collaborative Public/Data Releases/PANC/1.0-public/【变量描述表格】GENIE-BPC-PANC-v1.0-public-Variable-Synopsis.xlsx::Variable Synopsis,outcome,relative_date_or_event_interval; confirm event meaning in data dictionary,potential_future_or_outcome_field; exclude from t0 inputs unless time-aligned,false
data/raw/AACR GENIE Biopharma Collaborative Public/Data Releases/PANC/1.0-public/clinical_data/cancer_level_dataset_index.csv,pfs_i_and_m_adv_status,pfs_i_and_m_adv_status,false,1110,89,0.08018,<5,boolean,Progression Free Survival-Imaging and Medical Oncologist Assessment (PFS-I-and-M): Status Indicator,data/raw/AACR GENIE Biopharma Collaborative Public/Data Releases/PANC/1.0-public/【变量描述表格】GENIE-BPC-PANC-v1.0-public-Variable-Synopsis.xlsx::Variable Synopsis,outcome,,potential_future_or_outcome_field; exclude from t0 inputs unless time-aligned,false
data/raw/AACR GENIE Biopharma Collaborative Public/Data Releases/PANC/1.0-public/clinical_data/cancer_level_dataset_index.csv,tt_pfs_i_and_m_adv_days,tt_pfs_i_and_m_adv_days,false,1110,89,0.08018,576,integer,Progression Free Survival-Imaging and Medical Oncologist Assessment (PFS-I-and-M),data/raw/AACR GENIE Biopharma Collaborative Public/Data Releases/PANC/1.0-public/【变量描述表格】GENIE-BPC-PANC-v1.0-public-Variable-Synopsis.xlsx::Variable Synopsis,outcome,relative_date_or_event_interval; confirm event meaning in data dictionary,potential_future_or_outcome_field; exclude from t0 inputs unless time-aligned,false
data/raw/AACR GENIE Biopharma Collaborative Public/Data Releases/PANC/1.0-public/clinical_data/cancer_level_dataset_index.csv,tt_pfs_i_and_m_adv_mos,tt_pfs_i_and_m_adv_mos,false,1110,89,0.08018,576,float,Progression Free Survival-Imaging and Medical Oncologist Assessment (PFS-I-and-M),data/raw/AACR GENIE Biopharma Collaborative Public/Data Releases/PANC/1.0-public/【变量描述表格】GENIE-BPC-PANC-v1.0-public-Variable-Synopsis.xlsx::Variable Synopsis,outcome,relative_date_or_event_interval; confirm event meaning in data dictionary,potential_future_or_outcome_field; exclude from t0 inputs unless time-aligned,false
data/raw/AACR GENIE Biopharma Collaborative Public/Data Releases/PANC/1.0-public/clinical_data/cancer_level_dataset_index.csv,tt_pfs_i_and_m_adv_yrs,tt_pfs_i_and_m_adv_yrs,false,1110,89,0.08018,576,float,Progression Free Survival-Imaging and Medical Oncologist Assessment (PFS-I-and-M),data/raw/AACR GENIE Biopharma Collaborative Public/Data Releases/PANC/1.0-public/【变量描述表格】GENIE-BPC-PANC-v1.0-public-Variable-Synopsis.xlsx::Variable Synopsis,outcome,relative_date_or_event_interval; confirm event meaning in data dictionary,potential_future_or_outcome_field; exclude from t0 inputs unless time-aligned,false
data/raw/AACR GENIE Biopharma Collaborative Public/Data Releases/PANC/1.0-public/clinical_data/cancer_level_dataset_non_index.csv,cohort,cohort,false,279,0,0.0,<5,string,BPC Project Cohort,data/raw/AACR GENIE Biopharma Collaborative Public/Data Releases/PANC/1.0-public/【变量描述表格】GENIE-BPC-PANC-v1.0-public-Variable-Synopsis.xlsx::Variable Synopsis,source_or_version,,,false
data/raw/AACR GENIE Biopharma Collaborative Public/Data Releases/PANC/1.0-public/clinical_data/cancer_level_dataset_non_index.csv,record_id,record_id,false,279,0,0.0,215,string,Record ID,data/raw/AACR GENIE Biopharma Collaborative Public/Data Releases/PANC/1.0-public/【变量描述表格】GENIE-BPC-PANC-v1.0-public-Variable-Synopsis.xlsx::Variable Synopsis,patient_key_or_patient_level,,,false
data/raw/AACR GENIE Biopharma Collaborative Public/Data Releases/PANC/1.0-public/clinical_data/cancer_level_dataset_non_index.csv,institution,institution,false,279,0,0.0,<5,string,Institution,data/raw/AACR GENIE Biopharma Collaborative Public/Data Releases/PANC/1.0-public/【变量描述表格】GENIE-BPC-PANC-v1.0-public-Variable-Synopsis.xlsx::Variable Synopsis,source_or_version,,,false
data/raw/AACR GENIE Biopharma Collaborative Public/Data Releases/PANC/1.0-public/clinical_data/cancer_level_dataset_non_index.csv,release_version,release_version,false,279,0,0.0,<5,string,Release Version Number,data/raw/AACR GENIE Biopharma Collaborative Public/Data Releases/PANC/1.0-public/【变量描述表格】GENIE-BPC-PANC-v1.0-public-Variable-Synopsis.xlsx::Variable Synopsis,source_or_version,,,false
data/raw/AACR GENIE Biopharma Collaborative Public/Data Releases/PANC/1.0-public/clinical_data/cancer_level_dataset_non_index.csv,tr_eligible,tr_eligible,false,279,0,0.0,<5,boolean,Diagnosis Eligible for Tumor Registry Curation,data/raw/AACR GENIE Biopharma Collaborative Public/Data Releases/PANC/1.0-public/【变量描述表格】GENIE-BPC-PANC-v1.0-public-Variable-Synopsis.xlsx::Variable Synopsis,待确认,,,false
data/raw/AACR GENIE Biopharma Collaborative Public/Data Releases/PANC/1.0-public/clinical_data/cancer_level_dataset_non_index.csv,ca_seq,ca_seq,false,279,0,0.0,6,mixed_integer,Cancer Diagnosis Number Associated with NGS Test,data/raw/AACR GENIE Biopharma Collaborative Public/Data Releases/PANC/1.0-public/【变量描述表格】GENIE-BPC-PANC-v1.0-public-Variable-Synopsis.xlsx::Variable Synopsis,diagnosis_or_disease_status,,,false
data/raw/AACR GENIE Biopharma Collaborative Public/Data Releases/PANC/1.0-public/clinical_data/cancer_level_dataset_non_index.csv,redcap_ca_index,redcap_ca_index,false,279,0,0.0,<5,boolean,BPC Project (Index) Cancer Indicator,data/raw/AACR GENIE Biopharma Collaborative Public/Data Releases/PANC/1.0-public/【变量描述表格】GENIE-BPC-PANC-v1.0-public-Variable-Synopsis.xlsx::Variable Synopsis,待确认,,,false
data/raw/AACR GENIE Biopharma Collaborative Public/Data Releases/PANC/1.0-public/clinical_data/cancer_level_dataset_non_index.csv,dob_ca_dx_days,dob_ca_dx_days,false,279,0,0.0,275,integer,Time (Days) from Date of Birth to Cancer Diagnosis,data/raw/AACR GENIE Biopharma Collaborative Public/Data Releases/PANC/1.0-public/【变量描述表格】GENIE-BPC-PANC-v1.0-public-Variable-Synopsis.xlsx::Variable Synopsis,date_or_relative_time,relative_date_or_event_interval; confirm event meaning in data dictionary,,false
data/raw/AACR GENIE Biopharma Collaborative Public/Data Releases/PANC/1.0-public/clinical_data/cancer_level_dataset_non_index.csv,dob_ca_dx_mos,dob_ca_dx_mos,false,279,0,0.0,275,float,Time (Days) from Date of Birth to Cancer Diagnosis,data/raw/AACR GENIE Biopharma Collaborative Public/Data Releases/PANC/1.0-public/【变量描述表格】GENIE-BPC-PANC-v1.0-public-Variable-Synopsis.xlsx::Variable Synopsis,date_or_relative_time,relative_date_or_event_interval; confirm event meaning in data dictionary,,false
data/raw/AACR GENIE Biopharma Collaborative Public/Data Releases/PANC/1.0-public/clinical_data/cancer_level_dataset_non_index.csv,dob_ca_dx_yrs,dob_ca_dx_yrs,false,279,0,0.0,275,float,Time (Days) from Date of Birth to Cancer Diagnosis,data/raw/AACR GENIE Biopharma Collaborative Public/Data Releases/PANC/1.0-public/【变量描述表格】GENIE-BPC-PANC-v1.0-public-Variable-Synopsis.xlsx::Variable Synopsis,date_or_relative_time,relative_date_or_event_interval; confirm event meaning in data dictionary,,false
data/raw/AACR GENIE Biopharma Collaborative Public/Data Releases/PANC/1.0-public/clinical_data/cancer_level_dataset_non_index.csv,ca_dx_how,ca_dx_how,false,279,<5,0.003584,<5,string,Source of Cancer Diagnosis Date,data/raw/AACR GENIE Biopharma Collaborative Public/Data Releases/PANC/1.0-public/【变量描述表格】GENIE-BPC-PANC-v1.0-public-Variable-Synopsis.xlsx::Variable Synopsis,diagnosis_or_disease_status,relative_date_or_event_interval; confirm event meaning in data dictionary,,false
data/raw/AACR GENIE Biopharma Collaborative Public/Data Releases/PANC/1.0-public/clinical_data/cancer_level_dataset_non_index.csv,dob_next_ca_days,dob_next_ca_days,false,279,38,0.136201,235,integer,Time (Days) from Date of Birth to Next Curated Cancer Diagnosis,data/raw/AACR GENIE Biopharma Collaborative Public/Data Releases/PANC/1.0-public/【变量描述表格】GENIE-BPC-PANC-v1.0-public-Variable-Synopsis.xlsx::Variable Synopsis,date_or_relative_time,relative_date_or_event_interval; confirm event meaning in data dictionary,,false
data/raw/AACR GENIE Biopharma Collaborative Public/Data Releases/PANC/1.0-public/clinical_data/cancer_level_dataset_non_index.csv,dob_next_ca_mos,dob_next_ca_mos,false,279,38,0.136201,235,float,Time (Months) from Date of Birth to Next Curated Cancer Diagnosis,data/raw/AACR GENIE Biopharma Collaborative Public/Data Releases/PANC/1.0-public/【变量描述表格】GENIE-BPC-PANC-v1.0-public-Variable-Synopsis.xlsx::Variable Synopsis,date_or_relative_time,relative_date_or_event_interval; confirm event meaning in data dictionary,,false
data/raw/AACR GENIE Biopharma Collaborative Public/Data Releases/PANC/1.0-public/clinical_data/cancer_level_dataset_non_index.csv,dob_next_ca_yrs,dob_next_ca_yrs,false,279,38,0.136201,235,float,Time (Years) from Date of Birth to Next Curated Cancer Diagnosis,data/raw/AACR GENIE Biopharma Collaborative Public/Data Releases/PANC/1.0-public/【变量描述表格】GENIE-BPC-PANC-v1.0-public-Variable-Synopsis.xlsx::Variable Synopsis,date_or_relative_time,relative_date_or_event_interval; confirm event meaning in data dictionary,,false
data/raw/AACR GENIE Biopharma Collaborative Public/Data Releases/PANC/1.0-public/clinical_data/cancer_level_dataset_non_index.csv,first_index_ca_days,first_index_ca_days,false,279,0,0.0,261,mixed_integer,Time (Days) from First BPC Project Cancer Diagnosis,data/raw/AACR GENIE Biopharma Collaborative Public/Data Releases/PANC/1.0-public/【变量描述表格】GENIE-BPC-PANC-v1.0-public-Variable-Synopsis.xlsx::Variable Synopsis,date_or_relative_time,relative_date_or_event_interval; confirm event meaning in data dictionary,,false
data/raw/AACR GENIE Biopharma Collaborative Public/Data Releases/PANC/1.0-public/clinical_data/cancer_level_dataset_non_index.csv,first_index_ca_mos,first_index_ca_mos,false,279,0,0.0,261,mixed_float,Time (Months) from First BPC Project Cancer Diagnosis,data/raw/AACR GENIE Biopharma Collaborative Public/Data Releases/PANC/1.0-public/【变量描述表格】GENIE-BPC-PANC-v1.0-public-Variable-Synopsis.xlsx::Variable Synopsis,date_or_relative_time,relative_date_or_event_interval; confirm event meaning in data dictionary,,false
data/raw/AACR GENIE Biopharma Collaborative Public/Data Releases/PANC/1.0-public/clinical_data/cancer_level_dataset_non_index.csv,first_index_ca_yrs,first_index_ca_yrs,false,279,0,0.0,261,mixed_float,Time (Years) from First BPC Project Cancer Diagnosis,data/raw/AACR GENIE Biopharma Collaborative Public/Data Releases/PANC/1.0-public/【变量描述表格】GENIE-BPC-PANC-v1.0-public-Variable-Synopsis.xlsx::Variable Synopsis,date_or_relative_time,relative_date_or_event_interval; confirm event meaning in data dictionary,,false
data/raw/AACR GENIE Biopharma Collaborative Public/Data Releases/PANC/1.0-public/clinical_data/cancer_level_dataset_non_index.csv,naaccr_first_contact_int,naaccr_first_contact_int,false,279,146,0.523297,132,integer,Tumor Registry Time (Days) from Date of Birth to First Contact at Institution,data/raw/AACR GENIE Biopharma Collaborative Public/Data Releases/PANC/1.0-public/【变量描述表格】GENIE-BPC-PANC-v1.0-public-Variable-Synopsis.xlsx::Variable Synopsis,date_or_relative_time,relative_date_or_event_interval; confirm event meaning in data dictionary,,false
data/raw/AACR GENIE Biopharma Collaborative Public/Data Releases/PANC/1.0-public/clinical_data/cancer_level_dataset_non_index.csv,age_dx,age_dx,false,279,0,0.0,53,integer,Age (Years) at Diagnosis,data/raw/AACR GENIE Biopharma Collaborative Public/Data Releases/PANC/1.0-public/【变量描述表格】GENIE-BPC-PANC-v1.0-public-Variable-Synopsis.xlsx::Variable Synopsis,待确认,,,false
data/raw/AACR GENIE Biopharma Collaborative Public/Data Releases/PANC/1.0-public/clinical_data/cancer_level_dataset_non_index.csv,ca_d_site,ca_d_site,false,279,9,0.032258,61,string,Primary Cancer Site,data/raw/AACR GENIE Biopharma Collaborative Public/Data Releases/PANC/1.0-public/【变量描述表格】GENIE-BPC-PANC-v1.0-public-Variable-Synopsis.xlsx::Variable Synopsis,diagnosis_or_disease_status,,,false
data/raw/AACR GENIE Biopharma Collaborative Public/Data Releases/PANC/1.0-public/clinical_data/cancer_level_dataset_non_index.csv,ca_type,ca_type,false,279,9,0.032258,33,string,Cancer Type,data/raw/AACR GENIE Biopharma Collaborative Public/Data Releases/PANC/1.0-public/【变量描述表格】GENIE-BPC-PANC-v1.0-public-Variable-Synopsis.xlsx::Variable Synopsis,diagnosis_or_disease_status,,,false
data/raw/AACR GENIE Biopharma Collaborative Public/Data Releases/PANC/1.0-public/clinical_data/cancer_level_dataset_non_index.csv,ca_type_brain,ca_type_brain,false,279,278,0.996416,<5,string,Brain Cancer Type,data/raw/AACR GENIE Biopharma Collaborative Public/Data Releases/PANC/1.0-public/【变量描述表格】GENIE-BPC-PANC-v1.0-public-Variable-Synopsis.xlsx::Variable Synopsis,diagnosis_or_disease_status,,,false
data/raw/AACR GENIE Biopharma Collaborative Public/Data Releases/PANC/1.0-public/clinical_data/cancer_level_dataset_non_index.csv,ca_type_oth,ca_type_oth,false,279,258,0.924731,19,string,"Cancer Type, Other",data/raw/AACR GENIE Biopharma Collaborative Public/Data Releases/PANC/1.0-public/【变量描述表格】GENIE-BPC-PANC-v1.0-public-Variable-Synopsis.xlsx::Variable Synopsis,diagnosis_or_disease_status,,,false
data/raw/AACR GENIE Biopharma Collaborative Public/Data Releases/PANC/1.0-public/clinical_data/cancer_level_dataset_non_index.csv,ca_heme_malig,ca_heme_malig,false,279,160,0.573477,<5,boolean,Hematopoietic or Lymphoid Neoplasm or Pre-Malignancy,data/raw/AACR GENIE Biopharma Collaborative Public/Data Releases/PANC/1.0-public/【变量描述表格】GENIE-BPC-PANC-v1.0-public-Variable-Synopsis.xlsx::Variable Synopsis,diagnosis_or_disease_status,,,false
data/raw/AACR GENIE Biopharma Collaborative Public/Data Releases/PANC/1.0-public/clinical_data/cancer_level_dataset_non_index.csv,ca_heme_type,ca_heme_type,false,279,270,0.967742,<5,string,Type of Hematopoietic or Lymphoid Neoplasm,data/raw/AACR GENIE Biopharma Collaborative Public/Data Releases/PANC/1.0-public/【变量描述表格】GENIE-BPC-PANC-v1.0-public-Variable-Synopsis.xlsx::Variable Synopsis,diagnosis_or_disease_status,,,false
data/raw/AACR GENIE Biopharma Collaborative Public/Data Releases/PANC/1.0-public/clinical_data/cancer_level_dataset_non_index.csv,naaccr_histology_cd,naaccr_histology_cd,false,279,121,0.433692,54,integer,Tumor Registry Histology,data/raw/AACR GENIE Biopharma Collaborative Public/Data Releases/PANC/1.0-public/【变量描述表格】GENIE-BPC-PANC-v1.0-public-Variable-Synopsis.xlsx::Variable Synopsis,diagnosis_or_disease_status,,,false
data/raw/AACR GENIE Biopharma Collaborative Public/Data Releases/PANC/1.0-public/clinical_data/cancer_level_dataset_non_index.csv,ca_histology,ca_histology,false,279,121,0.433692,49,string,Histology,data/raw/AACR GENIE Biopharma Collaborative Public/Data Releases/PANC/1.0-public/【变量描述表格】GENIE-BPC-PANC-v1.0-public-Variable-Synopsis.xlsx::Variable Synopsis,diagnosis_or_disease_status,,,false
data/raw/AACR GENIE Biopharma Collaborative Public/Data Releases/PANC/1.0-public/clinical_data/cancer_level_dataset_non_index.csv,naaccr_behavior_cd,naaccr_behavior_cd,false,279,121,0.433692,<5,integer,Tumor Registry ICD-O-3 Behavior Code,data/raw/AACR GENIE Biopharma Collaborative Public/Data Releases/PANC/1.0-public/【变量描述表格】GENIE-BPC-PANC-v1.0-public-Variable-Synopsis.xlsx::Variable Synopsis,待确认,,,false
data/raw/AACR GENIE Biopharma Collaborative Public/Data Releases/PANC/1.0-public/clinical_data/cancer_level_dataset_non_index.csv,naaccr_laterality_cd,naaccr_laterality_cd,false,279,119,0.426523,5,mixed_integer,Tumor Registry Laterality Code,data/raw/AACR GENIE Biopharma Collaborative Public/Data Releases/PANC/1.0-public/【变量描述表格】GENIE-BPC-PANC-v1.0-public-Variable-Synopsis.xlsx::Variable Synopsis,待确认,,,false
data/raw/AACR GENIE Biopharma Collaborative Public/Data Releases/PANC/1.0-public/clinical_data/cancer_level_dataset_non_index.csv,ca_grade,ca_grade,false,279,182,0.65233,5,string,Grade or Differentiation of Tumor,data/raw/AACR GENIE Biopharma Collaborative Public/Data Releases/PANC/1.0-public/【变量描述表格】GENIE-BPC-PANC-v1.0-public-Variable-Synopsis.xlsx::Variable Synopsis,diagnosis_or_disease_status,,,false
data/raw/AACR GENIE Biopharma Collaborative Public/Data Releases/PANC/1.0-public/clinical_data/cancer_level_dataset_non_index.csv,ca_stage_iv,ca_stage_iv,false,279,97,0.34767,<5,mixed_string,Curated Stage IV at Diagnosis,data/raw/AACR GENIE Biopharma Collaborative Public/Data Releases/PANC/1.0-public/【变量描述表格】GENIE-BPC-PANC-v1.0-public-Variable-Synopsis.xlsx::Variable Synopsis,diagnosis_or_disease_status,,,false
data/raw/AACR GENIE Biopharma Collaborative Public/Data Releases/PANC/1.0-public/clinical_data/cancer_level_dataset_non_index.csv,ca_stage,ca_stage,false,279,209,0.749104,11,mixed_string,Curated Group Stage at Diagnosis,data/raw/AACR GENIE Biopharma Collaborative Public/Data Releases/PANC/1.0-public/【变量描述表格】GENIE-BPC-PANC-v1.0-public-Variable-Synopsis.xlsx::Variable Synopsis,diagnosis_or_disease_status,,,false
data/raw/AACR GENIE Biopharma Collaborative Public/Data Releases/PANC/1.0-public/clinical_data/cancer_level_dataset_non_index.csv,naaccr_tnm_path_desc,naaccr_tnm_path_desc,false,279,157,0.562724,5,mixed_integer,Tumor Registry TNM Pathologic Stage,data/raw/AACR GENIE Biopharma Collaborative Public/Data Releases/PANC/1.0-public/【变量描述表格】GENIE-BPC-PANC-v1.0-public-Variable-Synopsis.xlsx::Variable Synopsis,待确认,,,false
data/raw/AACR GENIE Biopharma Collaborative Public/Data Releases/PANC/1.0-public/clinical_data/cancer_level_dataset_non_index.csv,naaccr_path_t_cd,naaccr_path_t_cd,false,279,125,0.448029,35,mixed_string,Tumor Registry Pathologic T Stage,data/raw/AACR GENIE Biopharma Collaborative Public/Data Releases/PANC/1.0-public/【变量描述表格】GENIE-BPC-PANC-v1.0-public-Variable-Synopsis.xlsx::Variable Synopsis,待确认,,,false
data/raw/AACR GENIE Biopharma Collaborative Public/Data Releases/PANC/1.0-public/clinical_data/cancer_level_dataset_non_index.csv,ca_path_t_stage,ca_path_t_stage,false,279,141,0.505376,8,string,Curated Pathologic T Stage,data/raw/AACR GENIE Biopharma Collaborative Public/Data Releases/PANC/1.0-public/【变量描述表格】GENIE-BPC-PANC-v1.0-public-Variable-Synopsis.xlsx::Variable Synopsis,diagnosis_or_disease_status,,,false
data/raw/AACR GENIE Biopharma Collaborative Public/Data Releases/PANC/1.0-public/clinical_data/cancer_level_dataset_non_index.csv,ca_path_t1_det,ca_path_t1_det,false,279,252,0.903226,<5,string,Curated Pathologic T1 Stage Detail,data/raw/AACR GENIE Biopharma Collaborative Public/Data Releases/PANC/1.0-public/【变量描述表格】GENIE-BPC-PANC-v1.0-public-Variable-Synopsis.xlsx::Variable Synopsis,diagnosis_or_disease_status,,,false
data/raw/AACR GENIE Biopharma Collaborative Public/Data Releases/PANC/1.0-public/clinical_data/cancer_level_dataset_non_index.csv,ca_path_t2_det,ca_path_t2_det,false,279,270,0.967742,<5,string,Curated Pathologic T2 Stage Detail,data/raw/AACR GENIE Biopharma Collaborative Public/Data Releases/PANC/1.0-public/【变量描述表格】GENIE-BPC-PANC-v1.0-public-Variable-Synopsis.xlsx::Variable Synopsis,diagnosis_or_disease_status,,,false
data/raw/AACR GENIE Biopharma Collaborative Public/Data Releases/PANC/1.0-public/clinical_data/cancer_level_dataset_non_index.csv,ca_path_t3_det,ca_path_t3_det,false,279,271,0.971326,<5,string,Curated Pathologic T3 Stage Detail,data/raw/AACR GENIE Biopharma Collaborative Public/Data Releases/PANC/1.0-public/【变量描述表格】GENIE-BPC-PANC-v1.0-public-Variable-Synopsis.xlsx::Variable Synopsis,diagnosis_or_disease_status,,,false
data/raw/AACR GENIE Biopharma Collaborative Public/Data Releases/PANC/1.0-public/clinical_data/cancer_level_dataset_non_index.csv,ca_path_t4_det,ca_path_t4_det,false,279,279,1.0,0,empty_or_unknown,Curated Pathologic T4 Stage Detail,data/raw/AACR GENIE Biopharma Collaborative Public/Data Releases/PANC/1.0-public/【变量描述表格】GENIE-BPC-PANC-v1.0-public-Variable-Synopsis.xlsx::Variable Synopsis,diagnosis_or_disease_status,,,false
data/raw/AACR GENIE Biopharma Collaborative Public/Data Releases/PANC/1.0-public/clinical_data/cancer_level_dataset_non_index.csv,naaccr_path_n_cd,naaccr_path_n_cd,false,279,125,0.448029,21,mixed_string,Tumor Registry Pathologic N Stage,data/raw/AACR GENIE Biopharma Collaborative Public/Data Releases/PANC/1.0-public/【变量描述表格】GENIE-BPC-PANC-v1.0-public-Variable-Synopsis.xlsx::Variable Synopsis,待确认,,,false
data/raw/AACR GENIE Biopharma Collaborative Public/Data Releases/PANC/1.0-public/clinical_data/cancer_level_dataset_non_index.csv,ca_path_n_stage,ca_path_n_stage,false,279,145,0.519713,5,string,Curated Pathologic N Stage,data/raw/AACR GENIE Biopharma Collaborative Public/Data Releases/PANC/1.0-public/【变量描述表格】GENIE-BPC-PANC-v1.0-public-Variable-Synopsis.xlsx::Variable Synopsis,diagnosis_or_disease_status,,,false
data/raw/AACR GENIE Biopharma Collaborative Public/Data Releases/PANC/1.0-public/clinical_data/cancer_level_dataset_non_index.csv,ca_path_n1_det,ca_path_n1_det,false,279,271,0.971326,<5,string,Curated Pathologic N1 Stage Detail,data/raw/AACR GENIE Biopharma Collaborative Public/Data Releases/PANC/1.0-public/【变量描述表格】GENIE-BPC-PANC-v1.0-public-Variable-Synopsis.xlsx::Variable Synopsis,diagnosis_or_disease_status,,,false
data/raw/AACR GENIE Biopharma Collaborative Public/Data Releases/PANC/1.0-public/clinical_data/cancer_level_dataset_non_index.csv,ca_path_n2_det,ca_path_n2_det,false,279,278,0.996416,<5,string,Curated Pathologic N2 Stage Detail,data/raw/AACR GENIE Biopharma Collaborative Public/Data Releases/PANC/1.0-public/【变量描述表格】GENIE-BPC-PANC-v1.0-public-Variable-Synopsis.xlsx::Variable Synopsis,diagnosis_or_disease_status,,,false
data/raw/AACR GENIE Biopharma Collaborative Public/Data Releases/PANC/1.0-public/clinical_data/cancer_level_dataset_non_index.csv,ca_path_n3_det,ca_path_n3_det,false,279,279,1.0,0,empty_or_unknown,Curated Pathologic N3 Stage Detail,data/raw/AACR GENIE Biopharma Collaborative Public/Data Releases/PANC/1.0-public/【变量描述表格】GENIE-BPC-PANC-v1.0-public-Variable-Synopsis.xlsx::Variable Synopsis,diagnosis_or_disease_status,,,false
data/raw/AACR GENIE Biopharma Collaborative Public/Data Releases/PANC/1.0-public/clinical_data/cancer_level_dataset_non_index.csv,naaccr_path_m_cd,naaccr_path_m_cd,false,279,130,0.46595,14,mixed_string,Tumor Registry Pathologic M Stage,data/raw/AACR GENIE Biopharma Collaborative Public/Data Releases/PANC/1.0-public/【变量描述表格】GENIE-BPC-PANC-v1.0-public-Variable-Synopsis.xlsx::Variable Synopsis,待确认,,,false
data/raw/AACR GENIE Biopharma Collaborative Public/Data Releases/PANC/1.0-public/clinical_data/cancer_level_dataset_non_index.csv,naaccr_path_stage_cd,naaccr_path_stage_cd,false,279,163,0.584229,17,mixed_string,Tumor Registry Pathologic Group Stage,data/raw/AACR GENIE Biopharma Collaborative Public/Data Releases/PANC/1.0-public/【变量描述表格】GENIE-BPC-PANC-v1.0-public-Variable-Synopsis.xlsx::Variable Synopsis,diagnosis_or_disease_status,,,false
data/raw/AACR GENIE Biopharma Collaborative Public/Data Releases/PANC/1.0-public/clinical_data/cancer_level_dataset_non_index.csv,ca_path_group_stage,ca_path_group_stage,false,279,141,0.505376,14,mixed_string,Curated Pathologic Group Stage,data/raw/AACR GENIE Biopharma Collaborative Public/Data Releases/PANC/1.0-public/【变量描述表格】GENIE-BPC-PANC-v1.0-public-Variable-Synopsis.xlsx::Variable Synopsis,diagnosis_or_disease_status,,,false
data/raw/AACR GENIE Biopharma Collaborative Public/Data Releases/PANC/1.0-public/clinical_data/cancer_level_dataset_non_index.csv,naaccr_clin_t_cd,naaccr_clin_t_cd,false,279,124,0.444444,36,mixed_string,Tumor Registry Clinical T Stage,data/raw/AACR GENIE Biopharma Collaborative Public/Data Releases/PANC/1.0-public/【变量描述表格】GENIE-BPC-PANC-v1.0-public-Variable-Synopsis.xlsx::Variable Synopsis,待确认,,,false
data/raw/AACR GENIE Biopharma Collaborative Public/Data Releases/PANC/1.0-public/clinical_data/cancer_level_dataset_non_index.csv,ca_clin_t_stage,ca_clin_t_stage,false,279,204,0.731183,7,string,Curated Clinical T Stage,data/raw/AACR GENIE Biopharma Collaborative Public/Data Releases/PANC/1.0-public/【变量描述表格】GENIE-BPC-PANC-v1.0-public-Variable-Synopsis.xlsx::Variable Synopsis,diagnosis_or_disease_status,,,false
data/raw/AACR GENIE Biopharma Collaborative Public/Data Releases/PANC/1.0-public/clinical_data/cancer_level_dataset_non_index.csv,ca_clin_t1_det,ca_clin_t1_det,false,279,268,0.960573,<5,string,Curated Clinical T1 Stage Detail,data/raw/AACR GENIE Biopharma Collaborative Public/Data Releases/PANC/1.0-public/【变量描述表格】GENIE-BPC-PANC-v1.0-public-Variable-Synopsis.xlsx::Variable Synopsis,diagnosis_or_disease_status,,,false
data/raw/AACR GENIE Biopharma Collaborative Public/Data Releases/PANC/1.0-public/clinical_data/cancer_level_dataset_non_index.csv,ca_clin_t2_det,ca_clin_t2_det,false,279,275,0.985663,<5,string,Curated Clinical T2 Stage Detail,data/raw/AACR GENIE Biopharma Collaborative Public/Data Releases/PANC/1.0-public/【变量描述表格】GENIE-BPC-PANC-v1.0-public-Variable-Synopsis.xlsx::Variable Synopsis,diagnosis_or_disease_status,,,false
data/raw/AACR GENIE Biopharma Collaborative Public/Data Releases/PANC/1.0-public/clinical_data/cancer_level_dataset_non_index.csv,ca_clin_t3_det,ca_clin_t3_det,false,279,278,0.996416,<5,string,Curated Clinical T3 Stage Detail,data/raw/AACR GENIE Biopharma Collaborative Public/Data Releases/PANC/1.0-public/【变量描述表格】GENIE-BPC-PANC-v1.0-public-Variable-Synopsis.xlsx::Variable Synopsis,diagnosis_or_disease_status,,,false
data/raw/AACR GENIE Biopharma Collaborative Public/Data Releases/PANC/1.0-public/clinical_data/cancer_level_dataset_non_index.csv,ca_clin_t4_det,ca_clin_t4_det,false,279,278,0.996416,<5,string,Curated Clinical T4 Stage Detail,data/raw/AACR GENIE Biopharma Collaborative Public/Data Releases/PANC/1.0-public/【变量描述表格】GENIE-BPC-PANC-v1.0-public-Variable-Synopsis.xlsx::Variable Synopsis,diagnosis_or_disease_status,,,false
data/raw/AACR GENIE Biopharma Collaborative Public/Data Releases/PANC/1.0-public/clinical_data/cancer_level_dataset_non_index.csv,naaccr_clin_n_cd,naaccr_clin_n_cd,false,279,124,0.444444,16,mixed_string,Tumor Registry Clinical N Stage,data/raw/AACR GENIE Biopharma Collaborative Public/Data Releases/PANC/1.0-public/【变量描述表格】GENIE-BPC-PANC-v1.0-public-Variable-Synopsis.xlsx::Variable Synopsis,待确认,,,false
data/raw/AACR GENIE Biopharma Collaborative Public/Data Releases/PANC/1.0-public/clinical_data/cancer_level_dataset_non_index.csv,ca_clin_n_stage,ca_clin_n_stage,false,279,201,0.72043,<5,string,Curated Clinical N Stage,data/raw/AACR GENIE Biopharma Collaborative Public/Data Releases/PANC/1.0-public/【变量描述表格】GENIE-BPC-PANC-v1.0-public-Variable-Synopsis.xlsx::Variable Synopsis,diagnosis_or_disease_status,,,false
data/raw/AACR GENIE Biopharma Collaborative Public/Data Releases/PANC/1.0-public/clinical_data/cancer_level_dataset_non_index.csv,ca_clin_n1_det,ca_clin_n1_det,false,279,279,1.0,0,empty_or_unknown,Curated Clinical N1 Stage Detail,data/raw/AACR GENIE Biopharma Collaborative Public/Data Releases/PANC/1.0-public/【变量描述表格】GENIE-BPC-PANC-v1.0-public-Variable-Synopsis.xlsx::Variable Synopsis,diagnosis_or_disease_status,,,false
data/raw/AACR GENIE Biopharma Collaborative Public/Data Releases/PANC/1.0-public/clinical_data/cancer_level_dataset_non_index.csv,ca_clin_n2_det,ca_clin_n2_det,false,279,279,1.0,0,empty_or_unknown,Curated Clinical N2 Stage Detail,data/raw/AACR GENIE Biopharma Collaborative Public/Data Releases/PANC/1.0-public/【变量描述表格】GENIE-BPC-PANC-v1.0-public-Variable-Synopsis.xlsx::Variable Synopsis,diagnosis_or_disease_status,,,false
data/raw/AACR GENIE Biopharma Collaborative Public/Data Releases/PANC/1.0-public/clinical_data/cancer_level_dataset_non_index.csv,ca_clinical_n3_det,ca_clinical_n3_det,false,279,279,1.0,0,empty_or_unknown,Curated Clinical N3 Stage Detail,data/raw/AACR GENIE Biopharma Collaborative Public/Data Releases/PANC/1.0-public/【变量描述表格】GENIE-BPC-PANC-v1.0-public-Variable-Synopsis.xlsx::Variable Synopsis,diagnosis_or_disease_status,,,false
data/raw/AACR GENIE Biopharma Collaborative Public/Data Releases/PANC/1.0-public/clinical_data/cancer_level_dataset_non_index.csv,naaccr_clin_m_cd,naaccr_clin_m_cd,false,279,124,0.444444,13,mixed_string,Tumor Registry Clinical M Stage,data/raw/AACR GENIE Biopharma Collaborative Public/Data Releases/PANC/1.0-public/【变量描述表格】GENIE-BPC-PANC-v1.0-public-Variable-Synopsis.xlsx::Variable Synopsis,待确认,,,false
data/raw/AACR GENIE Biopharma Collaborative Public/Data Releases/PANC/1.0-public/clinical_data/cancer_level_dataset_non_index.csv,naaccr_clin_stage_cd,naaccr_clin_stage_cd,false,279,157,0.562724,16,mixed_string,Tumor Registry Clinical Group Stage,data/raw/AACR GENIE Biopharma Collaborative Public/Data Releases/PANC/1.0-public/【变量描述表格】GENIE-BPC-PANC-v1.0-public-Variable-Synopsis.xlsx::Variable Synopsis,diagnosis_or_disease_status,,,false
data/raw/AACR GENIE Biopharma Collaborative Public/Data Releases/PANC/1.0-public/clinical_data/cancer_level_dataset_non_index.csv,naaccr_seer_sum_stage,naaccr_seer_sum_stage,false,279,160,0.573477,8,mixed_integer,Tumor Registry General Summary Stage,data/raw/AACR GENIE Biopharma Collaborative Public/Data Releases/PANC/1.0-public/【变量描述表格】GENIE-BPC-PANC-v1.0-public-Variable-Synopsis.xlsx::Variable Synopsis,diagnosis_or_disease_status,,,false
data/raw/AACR GENIE Biopharma Collaborative Public/Data Releases/PANC/1.0-public/clinical_data/cancer_level_dataset_non_index.csv,ca_tx_pre_path_stage,ca_tx_pre_path_stage,false,279,55,0.197133,<5,mixed_string,Neoadjuvant Chemotherapy or Radiation Therapy Before Pathologic Stage Diagnosis,data/raw/AACR GENIE Biopharma Collaborative Public/Data Releases/PANC/1.0-public/【变量描述表格】GENIE-BPC-PANC-v1.0-public-Variable-Synopsis.xlsx::Variable Synopsis,diagnosis_or_disease_status,,,false
data/raw/AACR GENIE Biopharma Collaborative Public/Data Releases/PANC/1.0-public/clinical_data/cancer_level_dataset_non_index.csv,ca_gen_sum_stage_2,ca_gen_sum_stage_2,false,279,279,1.0,0,empty_or_unknown,Curated General Summary Stage,data/raw/AACR GENIE Biopharma Collaborative Public/Data Releases/PANC/1.0-public/【变量描述表格】GENIE-BPC-PANC-v1.0-public-Variable-Synopsis.xlsx::Variable Synopsis,diagnosis_or_disease_status,,,false
data/raw/AACR GENIE Biopharma Collaborative Public/Data Releases/PANC/1.0-public/clinical_data/cancer_level_dataset_non_index.csv,summary_stage,summary_stage,false,279,276,0.989247,<5,string,General Summary Stage,data/raw/AACR GENIE Biopharma Collaborative Public/Data Releases/PANC/1.0-public/【变量描述表格】GENIE-BPC-PANC-v1.0-public-Variable-Synopsis.xlsx::Variable Synopsis,diagnosis_or_disease_status,,,false
data/raw/AACR GENIE Biopharma Collaborative Public/Data Releases/PANC/1.0-public/clinical_data/cancer_level_dataset_non_index.csv,naaccr_tnm_edition_num,naaccr_tnm_edition_num,false,279,151,0.541219,11,mixed_string,Tumor Registry TNM Edition Number,data/raw/AACR GENIE Biopharma Collaborative Public/Data Releases/PANC/1.0-public/【变量描述表格】GENIE-BPC-PANC-v1.0-public-Variable-Synopsis.xlsx::Variable Synopsis,待确认,,,false
data/raw/AACR GENIE Biopharma Collaborative Public/Data Releases/PANC/1.0-public/clinical_data/cancer_level_dataset_non_index.csv,ca_dmets_yn,ca_dmets_yn,false,279,266,0.953405,<5,mixed_string,Presence of Distant Metastasis at the Time of Cancer Diagnosis (Stage IV Diagnoses),data/raw/AACR GENIE Biopharma Collaborative Public/Data Releases/PANC/1.0-public/【变量描述表格】GENIE-BPC-PANC-v1.0-public-Variable-Synopsis.xlsx::Variable Synopsis,diagnosis_or_disease_status,,,false
data/raw/AACR GENIE Biopharma Collaborative Public/Data Releases/PANC/1.0-public/clinical_data/cancer_level_dataset_non_index.csv,ca_first_dmets1,ca_first_dmets1,false,279,275,0.985663,<5,string,Sites of Distant Metastases at Cancer Diagnosis 1 (Stage IV Diagnoses),data/raw/AACR GENIE Biopharma Collaborative Public/Data Releases/PANC/1.0-public/【变量描述表格】GENIE-BPC-PANC-v1.0-public-Variable-Synopsis.xlsx::Variable Synopsis,diagnosis_or_disease_status,,,false
data/raw/AACR GENIE Biopharma Collaborative Public/Data Releases/PANC/1.0-public/clinical_data/cancer_level_dataset_non_index.csv,ca_first_dmets2,ca_first_dmets2,false,279,277,0.992832,<5,string,Sites of Distant Metastases at Cancer Diagnosis 2,data/raw/AACR GENIE Biopharma Collaborative Public/Data Releases/PANC/1.0-public/【变量描述表格】GENIE-BPC-PANC-v1.0-public-Variable-Synopsis.xlsx::Variable Synopsis,diagnosis_or_disease_status,,,false
data/raw/AACR GENIE Biopharma Collaborative Public/Data Releases/PANC/1.0-public/clinical_data/cancer_level_dataset_non_index.csv,ca_first_dmets3,ca_first_dmets3,false,279,278,0.996416,<5,string,Sites of Distant Metastases at Cancer Diagnosis 3,data/raw/AACR GENIE Biopharma Collaborative Public/Data Releases/PANC/1.0-public/【变量描述表格】GENIE-BPC-PANC-v1.0-public-Variable-Synopsis.xlsx::Variable Synopsis,diagnosis_or_disease_status,,,false
data/raw/AACR GENIE Biopharma Collaborative Public/Data Releases/PANC/1.0-public/clinical_data/cancer_level_dataset_non_index.csv,ca_first_dmets4,ca_first_dmets4,false,279,279,1.0,0,empty_or_unknown,Sites of Distant Metastases at Cancer Diagnosis 4,data/raw/AACR GENIE Biopharma Collaborative Public/Data Releases/PANC/1.0-public/【变量描述表格】GENIE-BPC-PANC-v1.0-public-Variable-Synopsis.xlsx::Variable Synopsis,diagnosis_or_disease_status,,,false
data/raw/AACR GENIE Biopharma Collaborative Public/Data Releases/PANC/1.0-public/clinical_data/cancer_level_dataset_non_index.csv,ca_first_dmets5,ca_first_dmets5,false,279,279,1.0,0,empty_or_unknown,Sites of Distant Metastases at Cancer Diagnosis 5,data/raw/AACR GENIE Biopharma Collaborative Public/Data Releases/PANC/1.0-public/【变量描述表格】GENIE-BPC-PANC-v1.0-public-Variable-Synopsis.xlsx::Variable Synopsis,diagnosis_or_disease_status,,,false
data/raw/AACR GENIE Biopharma Collaborative Public/Data Releases/PANC/1.0-public/clinical_data/cancer_level_dataset_non_index.csv,ca_first_dmets6,ca_first_dmets6,false,279,279,1.0,0,empty_or_unknown,Sites of Distant Metastases at Cancer Diagnosis 6,data/raw/AACR GENIE Biopharma Collaborative Public/Data Releases/PANC/1.0-public/【变量描述表格】GENIE-BPC-PANC-v1.0-public-Variable-Synopsis.xlsx::Variable Synopsis,diagnosis_or_disease_status,,,false
data/raw/AACR GENIE Biopharma Collaborative Public/Data Releases/PANC/1.0-public/clinical_data/cancer_level_dataset_non_index.csv,ca_first_dmets7,ca_first_dmets7,false,279,279,1.0,0,empty_or_unknown,Sites of Distant Metastases at Cancer Diagnosis 7,data/raw/AACR GENIE Biopharma Collaborative Public/Data Releases/PANC/1.0-public/【变量描述表格】GENIE-BPC-PANC-v1.0-public-Variable-Synopsis.xlsx::Variable Synopsis,diagnosis_or_disease_status,,,false
data/raw/AACR GENIE Biopharma Collaborative Public/Data Releases/PANC/1.0-public/clinical_data/cancer_level_dataset_non_index.csv,ca_first_dmets8,ca_first_dmets8,false,279,279,1.0,0,empty_or_unknown,Sites of Distant Metastases at Cancer Diagnosis 8,data/raw/AACR GENIE Biopharma Collaborative Public/Data Releases/PANC/1.0-public/【变量描述表格】GENIE-BPC-PANC-v1.0-public-Variable-Synopsis.xlsx::Variable Synopsis,diagnosis_or_disease_status,,,false
data/raw/AACR GENIE Biopharma Collaborative Public/Data Releases/PANC/1.0-public/clinical_data/cancer_level_dataset_non_index.csv,ca_first_dmets9,ca_first_dmets9,false,279,279,1.0,0,empty_or_unknown,Sites of Distant Metastases at Cancer Diagnosis 9,data/raw/AACR GENIE Biopharma Collaborative Public/Data Releases/PANC/1.0-public/【变量描述表格】GENIE-BPC-PANC-v1.0-public-Variable-Synopsis.xlsx::Variable Synopsis,diagnosis_or_disease_status,,,false
data/raw/AACR GENIE Biopharma Collaborative Public/Data Releases/PANC/1.0-public/clinical_data/cancer_level_dataset_non_index.csv,ca_first_dmets10,ca_first_dmets10,false,279,279,1.0,0,empty_or_unknown,Sites of Distant Metastases at Cancer Diagnosis 10,data/raw/AACR GENIE Biopharma Collaborative Public/Data Releases/PANC/1.0-public/【变量描述表格】GENIE-BPC-PANC-v1.0-public-Variable-Synopsis.xlsx::Variable Synopsis,diagnosis_or_disease_status,,,false
data/raw/AACR GENIE Biopharma Collaborative Public/Data Releases/PANC/1.0-public/clinical_data/cancer_level_dataset_non_index.csv,ca_bca_er,ca_bca_er,false,279,227,0.81362,<5,string,Breast Cancer: ER Summary Status,data/raw/AACR GENIE Biopharma Collaborative Public/Data Releases/PANC/1.0-public/【变量描述表格】GENIE-BPC-PANC-v1.0-public-Variable-Synopsis.xlsx::Variable Synopsis,diagnosis_or_disease_status,,,false
data/raw/AACR GENIE Biopharma Collaborative Public/Data Releases/PANC/1.0-public/clinical_data/cancer_level_dataset_non_index.csv,ca_bca_pr,ca_bca_pr,false,279,227,0.81362,<5,string,Breast Cancer: PR Summary Status,data/raw/AACR GENIE Biopharma Collaborative Public/Data Releases/PANC/1.0-public/【变量描述表格】GENIE-BPC-PANC-v1.0-public-Variable-Synopsis.xlsx::Variable Synopsis,diagnosis_or_disease_status,,,false
data/raw/AACR GENIE Biopharma Collaborative Public/Data Releases/PANC/1.0-public/clinical_data/cancer_level_dataset_non_index.csv,ca_bca_her2ihc_val,ca_bca_her2ihc_val,false,279,227,0.81362,<5,string,Breast Cancer: HER2 ImmunoHistoChemistry (IHC) Lab Value,data/raw/AACR GENIE Biopharma Collaborative Public/Data Releases/PANC/1.0-public/【变量描述表格】GENIE-BPC-PANC-v1.0-public-Variable-Synopsis.xlsx::Variable Synopsis,diagnosis_or_disease_status,,,false
data/raw/AACR GENIE Biopharma Collaborative Public/Data Releases/PANC/1.0-public/clinical_data/cancer_level_dataset_non_index.csv,ca_bca_her2ihc_intp,ca_bca_her2ihc_intp,false,279,227,0.81362,<5,string,Breast Cancer: HER2 ImmunoHistoChemistry (IHC) Lab Interpretation,data/raw/AACR GENIE Biopharma Collaborative Public/Data Releases/PANC/1.0-public/【变量描述表格】GENIE-BPC-PANC-v1.0-public-Variable-Synopsis.xlsx::Variable Synopsis,diagnosis_or_disease_status,relative_date_or_event_interval; confirm event meaning in data dictionary,,false
data/raw/AACR GENIE Biopharma Collaborative Public/Data Releases/PANC/1.0-public/clinical_data/cancer_level_dataset_non_index.csv,ca_bca_her_summ,ca_bca_her_summ,false,279,228,0.817204,<5,string,Breast Cancer: HER2 Summary Result,data/raw/AACR GENIE Biopharma Collaborative Public/Data Releases/PANC/1.0-public/【变量描述表格】GENIE-BPC-PANC-v1.0-public-Variable-Synopsis.xlsx::Variable Synopsis,diagnosis_or_disease_status,,,false
data/raw/AACR GENIE Biopharma Collaborative Public/Data Releases/PANC/1.0-public/clinical_data/cancer_level_dataset_non_index.csv,ca_bca_oncotypedx,ca_bca_oncotypedx,false,279,222,0.795699,5,mixed_string,Breast Cancer: Oncotype DX Recurrence Score-Invasive,data/raw/AACR GENIE Biopharma Collaborative Public/Data Releases/PANC/1.0-public/【变量描述表格】GENIE-BPC-PANC-v1.0-public-Variable-Synopsis.xlsx::Variable Synopsis,diagnosis_or_disease_status,,,false
data/raw/AACR GENIE Biopharma Collaborative Public/Data Releases/PANC/1.0-public/clinical_data/cancer_level_dataset_non_index.csv,ca_bca_mgene,ca_bca_mgene,false,279,279,1.0,0,empty_or_unknown,Breast Cancer: Multigene Signature Method,data/raw/AACR GENIE Biopharma Collaborative Public/Data Releases/PANC/1.0-public/【变量描述表格】GENIE-BPC-PANC-v1.0-public-Variable-Synopsis.xlsx::Variable Synopsis,genomic,,,false
data/raw/AACR GENIE Biopharma Collaborative Public/Data Releases/PANC/1.0-public/clinical_data/cancer_level_dataset_non_index.csv,ca_bca_mgeneresult,ca_bca_mgeneresult,false,279,229,0.820789,<5,string,Breast Cancer: Multigene Signature Results,data/raw/AACR GENIE Biopharma Collaborative Public/Data Releases/PANC/1.0-public/【变量描述表格】GENIE-BPC-PANC-v1.0-public-Variable-Synopsis.xlsx::Variable Synopsis,genomic,,,false
data/raw/AACR GENIE Biopharma Collaborative Public/Data Releases/PANC/1.0-public/clinical_data/cancer_level_dataset_non_index.csv,ca_bca_herish,ca_bca_herish,false,279,221,0.792115,<5,string,Breast Cancer: HER2 In Situ Hybridization (ISH) Summary,data/raw/AACR GENIE Biopharma Collaborative Public/Data Releases/PANC/1.0-public/【变量描述表格】GENIE-BPC-PANC-v1.0-public-Variable-Synopsis.xlsx::Variable Synopsis,diagnosis_or_disease_status,,,false
data/raw/AACR GENIE Biopharma Collaborative Public/Data Releases/PANC/1.0-public/clinical_data/cancer_level_dataset_non_index.csv,bca_subtype,bca_subtype,false,279,254,0.910394,<5,string,Breast Cancer Subtype,data/raw/AACR GENIE Biopharma Collaborative Public/Data Releases/PANC/1.0-public/【变量描述表格】GENIE-BPC-PANC-v1.0-public-Variable-Synopsis.xlsx::Variable Synopsis,待确认,,,false
data/raw/AACR GENIE Biopharma Collaborative Public/Data Releases/PANC/1.0-public/clinical_data/cancer_level_dataset_non_index.csv,ca_crc_td,ca_crc_td,false,279,267,0.956989,<5,mixed_string,Colorectal Cancer: Tumor Deposits,data/raw/AACR GENIE Biopharma Collaborative Public/Data Releases/PANC/1.0-public/【变量描述表格】GENIE-BPC-PANC-v1.0-public-Variable-Synopsis.xlsx::Variable Synopsis,diagnosis_or_disease_status,,,false
data/raw/AACR GENIE Biopharma Collaborative Public/Data Releases/PANC/1.0-public/clinical_data/cancer_level_dataset_non_index.csv,crc_td,crc_td,false,279,267,0.956989,<5,mixed_string,Colorectal Cancer: Tumor Deposits,data/raw/AACR GENIE Biopharma Collaborative Public/Data Releases/PANC/1.0-public/【变量描述表格】GENIE-BPC-PANC-v1.0-public-Variable-Synopsis.xlsx::Variable Synopsis,待确认,,,false
data/raw/AACR GENIE Biopharma Collaborative Public/Data Releases/PANC/1.0-public/clinical_data/cancer_level_dataset_non_index.csv,ca_crc_crm,ca_crc_crm,false,279,268,0.960573,<5,mixed_string,Colorectal Cancer: Circumferential Radial Margin,data/raw/AACR GENIE Biopharma Collaborative Public/Data Releases/PANC/1.0-public/【变量描述表格】GENIE-BPC-PANC-v1.0-public-Variable-Synopsis.xlsx::Variable Synopsis,diagnosis_or_disease_status,,,false
data/raw/AACR GENIE Biopharma Collaborative Public/Data Releases/PANC/1.0-public/clinical_data/cancer_level_dataset_non_index.csv,ca_crc_peri_inv,ca_crc_peri_inv,false,279,272,0.97491,<5,string,Colorectal Cancer: Perineural Invasion,data/raw/AACR GENIE Biopharma Collaborative Public/Data Releases/PANC/1.0-public/【变量描述表格】GENIE-BPC-PANC-v1.0-public-Variable-Synopsis.xlsx::Variable Synopsis,diagnosis_or_disease_status,,,false
data/raw/AACR GENIE Biopharma Collaborative Public/Data Releases/PANC/1.0-public/clinical_data/cancer_level_dataset_non_index.csv,ca_pros_clin_gpattern2,ca_pros_clin_gpattern2,false,279,235,0.842294,8,string,Prostate Cancer: Gleason Patterns Clinical,data/raw/AACR GENIE Biopharma Collaborative Public/Data Releases/PANC/1.0-public/【变量描述表格】GENIE-BPC-PANC-v1.0-public-Variable-Synopsis.xlsx::Variable Synopsis,diagnosis_or_disease_status,,potential_future_or_outcome_field; exclude from t0 inputs unless time-aligned,false
data/raw/AACR GENIE Biopharma Collaborative Public/Data Releases/PANC/1.0-public/clinical_data/cancer_level_dataset_non_index.csv,ca_pros_clin_gscore,ca_pros_clin_gscore,false,279,237,0.849462,6,string,Prostate Cancer: Gleason Score Clinical,data/raw/AACR GENIE Biopharma Collaborative Public/Data Releases/PANC/1.0-public/【变量描述表格】GENIE-BPC-PANC-v1.0-public-Variable-Synopsis.xlsx::Variable Synopsis,diagnosis_or_disease_status,,potential_future_or_outcome_field; exclude from t0 inputs unless time-aligned,false
data/raw/AACR GENIE Biopharma Collaborative Public/Data Releases/PANC/1.0-public/clinical_data/cancer_level_dataset_non_index.csv,ca_pros_path_gpattern2,ca_pros_path_gpattern2,false,279,235,0.842294,7,string,Prostate Cancer: Gleason Patterns Pathological,data/raw/AACR GENIE Biopharma Collaborative Public/Data Releases/PANC/1.0-public/【变量描述表格】GENIE-BPC-PANC-v1.0-public-Variable-Synopsis.xlsx::Variable Synopsis,diagnosis_or_disease_status,,potential_future_or_outcome_field; exclude from t0 inputs unless time-aligned,false
data/raw/AACR GENIE Biopharma Collaborative Public/Data Releases/PANC/1.0-public/clinical_data/cancer_level_dataset_non_index.csv,ca_pros_path_gscore,ca_pros_path_gscore,false,279,237,0.849462,5,string,Prostate Cancer: Gleason Score Pathological,data/raw/AACR GENIE Biopharma Collaborative Public/Data Releases/PANC/1.0-public/【变量描述表格】GENIE-BPC-PANC-v1.0-public-Variable-Synopsis.xlsx::Variable Synopsis,diagnosis_or_disease_status,,potential_future_or_outcome_field; exclude from t0 inputs unless time-aligned,false
data/raw/AACR GENIE Biopharma Collaborative Public/Data Releases/PANC/1.0-public/clinical_data/cancer_level_dataset_non_index.csv,ca_pros_path_gtert,ca_pros_path_gtert,false,279,238,0.853047,<5,string,Prostate Cancer: Gleason Tertiary Pattern,data/raw/AACR GENIE Biopharma Collaborative Public/Data Releases/PANC/1.0-public/【变量描述表格】GENIE-BPC-PANC-v1.0-public-Variable-Synopsis.xlsx::Variable Synopsis,diagnosis_or_disease_status,,potential_future_or_outcome_field; exclude from t0 inputs unless time-aligned,false
data/raw/AACR GENIE Biopharma Collaborative Public/Data Releases/PANC/1.0-public/clinical_data/cancer_level_dataset_non_index.csv,ca_pros_num_corespos,ca_pros_num_corespos,false,279,235,0.842294,10,mixed_string,Prostate Cancer: Number of Cores Positive,data/raw/AACR GENIE Biopharma Collaborative Public/Data Releases/PANC/1.0-public/【变量描述表格】GENIE-BPC-PANC-v1.0-public-Variable-Synopsis.xlsx::Variable Synopsis,diagnosis_or_disease_status,,potential_future_or_outcome_field; exclude from t0 inputs unless time-aligned,false
data/raw/AACR GENIE Biopharma Collaborative Public/Data Releases/PANC/1.0-public/clinical_data/cancer_level_dataset_non_index.csv,ca_pros_num_cores,ca_pros_num_cores,false,279,235,0.842294,14,mixed_string,Prostate Cancer: Number of Cores Examined,data/raw/AACR GENIE Biopharma Collaborative Public/Data Releases/PANC/1.0-public/【变量描述表格】GENIE-BPC-PANC-v1.0-public-Variable-Synopsis.xlsx::Variable Synopsis,diagnosis_or_disease_status,,potential_future_or_outcome_field; exclude from t0 inputs unless time-aligned,false
data/raw/AACR GENIE Biopharma Collaborative Public/Data Releases/PANC/1.0-public/clinical_data/cancer_level_dataset_non_index.csv,ca_cigarette,ca_cigarette,false,279,263,0.942652,5,string,Cigarette Use at Time of Diagnosis,data/raw/AACR GENIE Biopharma Collaborative Public/Data Releases/PANC/1.0-public/【变量描述表格】GENIE-BPC-PANC-v1.0-public-Variable-Synopsis.xlsx::Variable Synopsis,diagnosis_or_disease_status,,,false
data/raw/AACR GENIE Biopharma Collaborative Public/Data Releases/PANC/1.0-public/clinical_data/cancer_level_dataset_non_index.csv,ca_lung_sep_tumor,ca_lung_sep_tumor,false,279,263,0.942652,<5,string,Non-Small Cell Lung Cancer: Separate Tumor Nodules,data/raw/AACR GENIE Biopharma Collaborative Public/Data Releases/PANC/1.0-public/【变量描述表格】GENIE-BPC-PANC-v1.0-public-Variable-Synopsis.xlsx::Variable Synopsis,diagnosis_or_disease_status,,,false
data/raw/AACR GENIE Biopharma Collaborative Public/Data Releases/PANC/1.0-public/clinical_data/cancer_level_dataset_non_index.csv,ca_lung_pl_el_inv,ca_lung_pl_el_inv,false,279,263,0.942652,<5,string,Non-Small Cell Lung Cancer: Pleural/Elastic Layer Invasion (PL),data/raw/AACR GENIE Biopharma Collaborative Public/Data Releases/PANC/1.0-public/【变量描述表格】GENIE-BPC-PANC-v1.0-public-Variable-Synopsis.xlsx::Variable Synopsis,diagnosis_or_disease_status,,,false
data/raw/AACR GENIE Biopharma Collaborative Public/Data Releases/PANC/1.0-public/clinical_data/cancer_level_dataset_non_index.csv,ca_n_regimens,ca_n_regimens,false,279,0,0.0,9,mixed_integer,Number of Regimens Associated with the Cancer Diagnosis,data/raw/AACR GENIE Biopharma Collaborative Public/Data Releases/PANC/1.0-public/【变量描述表格】GENIE-BPC-PANC-v1.0-public-Variable-Synopsis.xlsx::Variable Synopsis,treatment,,,false
data/raw/AACR GENIE Biopharma Collaborative Public/Data Releases/PANC/1.0-public/clinical_data/cancer_level_dataset_non_index.csv,os_dx_status,os_dx_status,false,279,0,0.0,<5,boolean,Overall Survival from Diagnosis: Status Indicator,data/raw/AACR GENIE Biopharma Collaborative Public/Data Releases/PANC/1.0-public/【变量描述表格】GENIE-BPC-PANC-v1.0-public-Variable-Synopsis.xlsx::Variable Synopsis,outcome,relative_date_or_event_interval; confirm event meaning in data dictionary,potential_future_or_outcome_field; exclude from t0 inputs unless time-aligned,false
data/raw/AACR GENIE Biopharma Collaborative Public/Data Releases/PANC/1.0-public/clinical_data/cancer_level_dataset_non_index.csv,tt_os_dx_days,tt_os_dx_days,false,279,0,0.0,271,integer,Overall Survival from Diagnosis (Days),data/raw/AACR GENIE Biopharma Collaborative Public/Data Releases/PANC/1.0-public/【变量描述表格】GENIE-BPC-PANC-v1.0-public-Variable-Synopsis.xlsx::Variable Synopsis,outcome,relative_date_or_event_interval; confirm event meaning in data dictionary,potential_future_or_outcome_field; exclude from t0 inputs unless time-aligned,false
data/raw/AACR GENIE Biopharma Collaborative Public/Data Releases/PANC/1.0-public/clinical_data/cancer_level_dataset_non_index.csv,tt_os_dx_mos,tt_os_dx_mos,false,279,0,0.0,271,float,Overall Survival from Diagnosis (Months),data/raw/AACR GENIE Biopharma Collaborative Public/Data Releases/PANC/1.0-public/【变量描述表格】GENIE-BPC-PANC-v1.0-public-Variable-Synopsis.xlsx::Variable Synopsis,outcome,relative_date_or_event_interval; confirm event meaning in data dictionary,potential_future_or_outcome_field; exclude from t0 inputs unless time-aligned,false
data/raw/AACR GENIE Biopharma Collaborative Public/Data Releases/PANC/1.0-public/clinical_data/cancer_level_dataset_non_index.csv,tt_os_dx_yrs,tt_os_dx_yrs,false,279,0,0.0,271,float,Overall Survival from Diagnosis (Years),data/raw/AACR GENIE Biopharma Collaborative Public/Data Releases/PANC/1.0-public/【变量描述表格】GENIE-BPC-PANC-v1.0-public-Variable-Synopsis.xlsx::Variable Synopsis,outcome,relative_date_or_event_interval; confirm event meaning in data dictionary,potential_future_or_outcome_field; exclude from t0 inputs unless time-aligned,false
data/raw/AACR GENIE Biopharma Collaborative Public/Data Releases/PANC/1.0-public/clinical_data/cancer_level_dataset_non_index.csv,os_adv_status,os_adv_status,false,279,279,1.0,0,empty_or_unknown,Overall Survival from Advanced Disease: Status Indicator,data/raw/AACR GENIE Biopharma Collaborative Public/Data Releases/PANC/1.0-public/【变量描述表格】GENIE-BPC-PANC-v1.0-public-Variable-Synopsis.xlsx::Variable Synopsis,outcome,,potential_future_or_outcome_field; exclude from t0 inputs unless time-aligned,false
data/raw/AACR GENIE Biopharma Collaborative Public/Data Releases/PANC/1.0-public/clinical_data/cancer_level_dataset_non_index.csv,tt_os_adv_days,tt_os_adv_days,false,279,279,1.0,0,empty_or_unknown,Overall Survival from Advanced Disease (Days),data/raw/AACR GENIE Biopharma Collaborative Public/Data Releases/PANC/1.0-public/【变量描述表格】GENIE-BPC-PANC-v1.0-public-Variable-Synopsis.xlsx::Variable Synopsis,outcome,relative_date_or_event_interval; confirm event meaning in data dictionary,potential_future_or_outcome_field; exclude from t0 inputs unless time-aligned,false
data/raw/AACR GENIE Biopharma Collaborative Public/Data Releases/PANC/1.0-public/clinical_data/cancer_level_dataset_non_index.csv,tt_os_adv_mos,tt_os_adv_mos,false,279,279,1.0,0,empty_or_unknown,Overall Survival from Advanced Disease (Months),data/raw/AACR GENIE Biopharma Collaborative Public/Data Releases/PANC/1.0-public/【变量描述表格】GENIE-BPC-PANC-v1.0-public-Variable-Synopsis.xlsx::Variable Synopsis,outcome,relative_date_or_event_interval; confirm event meaning in data dictionary,potential_future_or_outcome_field; exclude from t0 inputs unless time-aligned,false
data/raw/AACR GENIE Biopharma Collaborative Public/Data Releases/PANC/1.0-public/clinical_data/cancer_level_dataset_non_index.csv,tt_os_adv_yrs,tt_os_adv_yrs,false,279,279,1.0,0,empty_or_unknown,Overall Survival from Advanced Disease (Years),data/raw/AACR GENIE Biopharma Collaborative Public/Data Releases/PANC/1.0-public/【变量描述表格】GENIE-BPC-PANC-v1.0-public-Variable-Synopsis.xlsx::Variable Synopsis,outcome,relative_date_or_event_interval; confirm event meaning in data dictionary,potential_future_or_outcome_field; exclude from t0 inputs unless time-aligned,false
data/raw/AACR GENIE Biopharma Collaborative Public/Data Releases/PANC/1.0-public/clinical_data/cancer_panel_test_level_dataset.csv,cohort,cohort,false,1130,0,0.0,<5,string,BPC Project Cohort,data/raw/AACR GENIE Biopharma Collaborative Public/Data Releases/PANC/1.0-public/【变量描述表格】GENIE-BPC-PANC-v1.0-public-Variable-Synopsis.xlsx::Variable Synopsis,source_or_version,,,false
data/raw/AACR GENIE Biopharma Collaborative Public/Data Releases/PANC/1.0-public/clinical_data/cancer_panel_test_level_dataset.csv,record_id,record_id,false,1130,0,0.0,1109,string,Record ID,data/raw/AACR GENIE Biopharma Collaborative Public/Data Releases/PANC/1.0-public/【变量描述表格】GENIE-BPC-PANC-v1.0-public-Variable-Synopsis.xlsx::Variable Synopsis,patient_key_or_patient_level,,,false
data/raw/AACR GENIE Biopharma Collaborative Public/Data Releases/PANC/1.0-public/clinical_data/cancer_panel_test_level_dataset.csv,institution,institution,false,1130,0,0.0,<5,string,Institution,data/raw/AACR GENIE Biopharma Collaborative Public/Data Releases/PANC/1.0-public/【变量描述表格】GENIE-BPC-PANC-v1.0-public-Variable-Synopsis.xlsx::Variable Synopsis,source_or_version,,,false
data/raw/AACR GENIE Biopharma Collaborative Public/Data Releases/PANC/1.0-public/clinical_data/cancer_panel_test_level_dataset.csv,cpt_number,cpt_number,false,1130,0,0.0,<5,mixed_integer,Cancer Panel Test (Next Generation Sequencing) Number,data/raw/AACR GENIE Biopharma Collaborative Public/Data Releases/PANC/1.0-public/【变量描述表格】GENIE-BPC-PANC-v1.0-public-Variable-Synopsis.xlsx::Variable Synopsis,待确认,,,false
data/raw/AACR GENIE Biopharma Collaborative Public/Data Releases/PANC/1.0-public/clinical_data/cancer_panel_test_level_dataset.csv,ca_seq,ca_seq,false,1130,0,0.0,5,mixed_integer,Cancer Diagnosis Number Associated with NGS Test,data/raw/AACR GENIE Biopharma Collaborative Public/Data Releases/PANC/1.0-public/【变量描述表格】GENIE-BPC-PANC-v1.0-public-Variable-Synopsis.xlsx::Variable Synopsis,diagnosis_or_disease_status,,,false
data/raw/AACR GENIE Biopharma Collaborative Public/Data Releases/PANC/1.0-public/clinical_data/cancer_panel_test_level_dataset.csv,cpt_n_ca_seq,cpt_n_ca_seq,false,1130,0,0.0,<5,boolean,Number of Cancer Diagnoses Associated with NGS Test,data/raw/AACR GENIE Biopharma Collaborative Public/Data Releases/PANC/1.0-public/【变量描述表格】GENIE-BPC-PANC-v1.0-public-Variable-Synopsis.xlsx::Variable Synopsis,待确认,,,false
data/raw/AACR GENIE Biopharma Collaborative Public/Data Releases/PANC/1.0-public/clinical_data/cancer_panel_test_level_dataset.csv,cpt_order_int,cpt_order_int,false,1130,72,0.063717,1021,integer,Time (Days) from Date of Birth to NGS Order Date,data/raw/AACR GENIE Biopharma Collaborative Public/Data Releases/PANC/1.0-public/【变量描述表格】GENIE-BPC-PANC-v1.0-public-Variable-Synopsis.xlsx::Variable Synopsis,date_or_relative_time,relative_date_or_event_interval; confirm event meaning in data dictionary,,false
data/raw/AACR GENIE Biopharma Collaborative Public/Data Releases/PANC/1.0-public/clinical_data/cancer_panel_test_level_dataset.csv,cpt_seq_date,cpt_seq_date,false,1130,<5,0.00177,6,integer,Year of Next Generation Sequencing,data/raw/AACR GENIE Biopharma Collaborative Public/Data Releases/PANC/1.0-public/【变量描述表格】GENIE-BPC-PANC-v1.0-public-Variable-Synopsis.xlsx::Variable Synopsis,date_or_relative_time,relative_date_or_event_interval; confirm event meaning in data dictionary,,false
data/raw/AACR GENIE Biopharma Collaborative Public/Data Releases/PANC/1.0-public/clinical_data/cancer_panel_test_level_dataset.csv,dob_cpt_report_days,dob_cpt_report_days,false,1130,0,0.0,1072,integer,Derived Time (Days) from Date of Birth to NGS Report,data/raw/AACR GENIE Biopharma Collaborative Public/Data Releases/PANC/1.0-public/【变量描述表格】GENIE-BPC-PANC-v1.0-public-Variable-Synopsis.xlsx::Variable Synopsis,date_or_relative_time,relative_date_or_event_interval; confirm event meaning in data dictionary,,false
data/raw/AACR GENIE Biopharma Collaborative Public/Data Releases/PANC/1.0-public/clinical_data/cancer_panel_test_level_dataset.csv,dob_cpt_report_mos,dob_cpt_report_mos,false,1130,0,0.0,1072,float,Derived Time (Months) from Date of Birth to NGS Report,data/raw/AACR GENIE Biopharma Collaborative Public/Data Releases/PANC/1.0-public/【变量描述表格】GENIE-BPC-PANC-v1.0-public-Variable-Synopsis.xlsx::Variable Synopsis,date_or_relative_time,relative_date_or_event_interval; confirm event meaning in data dictionary,,false
data/raw/AACR GENIE Biopharma Collaborative Public/Data Releases/PANC/1.0-public/clinical_data/cancer_panel_test_level_dataset.csv,dob_cpt_report_yrs,dob_cpt_report_yrs,false,1130,0,0.0,1072,float,Derived Time (Years) from Date of Birth to NGS Report,data/raw/AACR GENIE Biopharma Collaborative Public/Data Releases/PANC/1.0-public/【变量描述表格】GENIE-BPC-PANC-v1.0-public-Variable-Synopsis.xlsx::Variable Synopsis,date_or_relative_time,relative_date_or_event_interval; confirm event meaning in data dictionary,,false
data/raw/AACR GENIE Biopharma Collaborative Public/Data Releases/PANC/1.0-public/clinical_data/cancer_panel_test_level_dataset.csv,cpt_report_post_death,cpt_report_post_death,false,1130,0,0.0,<5,boolean,NGS Test Report Returned On or After Date of Death,data/raw/AACR GENIE Biopharma Collaborative Public/Data Releases/PANC/1.0-public/【变量描述表格】GENIE-BPC-PANC-v1.0-public-Variable-Synopsis.xlsx::Variable Synopsis,outcome,relative_date_or_event_interval; confirm event meaning in data dictionary,potential_future_or_outcome_field; exclude from t0 inputs unless time-aligned,false
data/raw/AACR GENIE Biopharma Collaborative Public/Data Releases/PANC/1.0-public/clinical_data/cancer_panel_test_level_dataset.csv,cpt_report_post_last_alive,cpt_report_post_last_alive,false,1130,893,0.790265,<5,boolean,NGS Test Report Returned On or After Date Patient Last Known Alive,data/raw/AACR GENIE Biopharma Collaborative Public/Data Releases/PANC/1.0-public/【变量描述表格】GENIE-BPC-PANC-v1.0-public-Variable-Synopsis.xlsx::Variable Synopsis,outcome,relative_date_or_event_interval; confirm event meaning in data dictionary,potential_future_or_outcome_field; exclude from t0 inputs unless time-aligned,false
data/raw/AACR GENIE Biopharma Collaborative Public/Data Releases/PANC/1.0-public/clinical_data/cancer_panel_test_level_dataset.csv,dx_cpt_rep_days,dx_cpt_rep_days,false,1130,0,0.0,526,integer,Time (Days) from Diagnosis to NGS Report,data/raw/AACR GENIE Biopharma Collaborative Public/Data Releases/PANC/1.0-public/【变量描述表格】GENIE-BPC-PANC-v1.0-public-Variable-Synopsis.xlsx::Variable Synopsis,date_or_relative_time,relative_date_or_event_interval; confirm event meaning in data dictionary,,false
data/raw/AACR GENIE Biopharma Collaborative Public/Data Releases/PANC/1.0-public/clinical_data/cancer_panel_test_level_dataset.csv,dx_cpt_rep_mos,dx_cpt_rep_mos,false,1130,0,0.0,526,float,Time (Months) from Diagnosis to NGS Report,data/raw/AACR GENIE Biopharma Collaborative Public/Data Releases/PANC/1.0-public/【变量描述表格】GENIE-BPC-PANC-v1.0-public-Variable-Synopsis.xlsx::Variable Synopsis,date_or_relative_time,relative_date_or_event_interval; confirm event meaning in data dictionary,,false
data/raw/AACR GENIE Biopharma Collaborative Public/Data Releases/PANC/1.0-public/clinical_data/cancer_panel_test_level_dataset.csv,dx_cpt_rep_yrs,dx_cpt_rep_yrs,false,1130,0,0.0,526,float,Time (Years) from Diagnosis to NGS Report,data/raw/AACR GENIE Biopharma Collaborative Public/Data Releases/PANC/1.0-public/【变量描述表格】GENIE-BPC-PANC-v1.0-public-Variable-Synopsis.xlsx::Variable Synopsis,date_or_relative_time,relative_date_or_event_interval; confirm event meaning in data dictionary,,false
data/raw/AACR GENIE Biopharma Collaborative Public/Data Releases/PANC/1.0-public/clinical_data/cancer_panel_test_level_dataset.csv,dx_path_proc_cpt_days,dx_path_proc_cpt_days,false,1130,0,0.0,250,mixed_integer,Time (Days) from Diagnosis to Pathology Procedure Corresponding to the NGS Report,data/raw/AACR GENIE Biopharma Collaborative Public/Data Releases/PANC/1.0-public/【变量描述表格】GENIE-BPC-PANC-v1.0-public-Variable-Synopsis.xlsx::Variable Synopsis,date_or_relative_time,relative_date_or_event_interval; confirm event meaning in data dictionary,,false
data/raw/AACR GENIE Biopharma Collaborative Public/Data Releases/PANC/1.0-public/clinical_data/cancer_panel_test_level_dataset.csv,dx_path_proc_cpt_mos,dx_path_proc_cpt_mos,false,1130,0,0.0,250,mixed_float,Time (Months) from Diagnosis to Pathology Procedure Corresponding to the NGS Report,data/raw/AACR GENIE Biopharma Collaborative Public/Data Releases/PANC/1.0-public/【变量描述表格】GENIE-BPC-PANC-v1.0-public-Variable-Synopsis.xlsx::Variable Synopsis,date_or_relative_time,relative_date_or_event_interval; confirm event meaning in data dictionary,,false
data/raw/AACR GENIE Biopharma Collaborative Public/Data Releases/PANC/1.0-public/clinical_data/cancer_panel_test_level_dataset.csv,dx_path_proc_cpt_yrs,dx_path_proc_cpt_yrs,false,1130,0,0.0,250,mixed_float,Time (Years) from Diagnosis to Pathology Procedure Corresponding to the NGS Report,data/raw/AACR GENIE Biopharma Collaborative Public/Data Releases/PANC/1.0-public/【变量描述表格】GENIE-BPC-PANC-v1.0-public-Variable-Synopsis.xlsx::Variable Synopsis,date_or_relative_time,relative_date_or_event_interval; confirm event meaning in data dictionary,,false
data/raw/AACR GENIE Biopharma Collaborative Public/Data Releases/PANC/1.0-public/clinical_data/cancer_panel_test_level_dataset.csv,path_proc_cpt_rep_days,path_proc_cpt_rep_days,false,1130,0,0.0,434,integer,Time (days) from pathology procedure to NGS report date,data/raw/AACR GENIE Biopharma Collaborative Public/Data Releases/PANC/1.0-public/【变量描述表格】GENIE-BPC-PANC-v1.0-public-Variable-Synopsis.xlsx::Variable Synopsis,date_or_relative_time,relative_date_or_event_interval; confirm event meaning in data dictionary,,false
data/raw/AACR GENIE Biopharma Collaborative Public/Data Releases/PANC/1.0-public/clinical_data/cancer_panel_test_level_dataset.csv,path_proc_cpt_rep_mos,path_proc_cpt_rep_mos,false,1130,0,0.0,434,float,Time (months) from pathology procedure to NGS report date,data/raw/AACR GENIE Biopharma Collaborative Public/Data Releases/PANC/1.0-public/【变量描述表格】GENIE-BPC-PANC-v1.0-public-Variable-Synopsis.xlsx::Variable Synopsis,date_or_relative_time,relative_date_or_event_interval; confirm event meaning in data dictionary,,false
data/raw/AACR GENIE Biopharma Collaborative Public/Data Releases/PANC/1.0-public/clinical_data/cancer_panel_test_level_dataset.csv,path_proc_cpt_rep_yrs,path_proc_cpt_rep_yrs,false,1130,0,0.0,434,float,Time (years) from pathology procedure to NGS report date,data/raw/AACR GENIE Biopharma Collaborative Public/Data Releases/PANC/1.0-public/【变量描述表格】GENIE-BPC-PANC-v1.0-public-Variable-Synopsis.xlsx::Variable Synopsis,date_or_relative_time,relative_date_or_event_interval; confirm event meaning in data dictionary,,false
data/raw/AACR GENIE Biopharma Collaborative Public/Data Releases/PANC/1.0-public/clinical_data/cancer_panel_test_level_dataset.csv,path_proc_number,path_proc_number,false,1130,0,0.0,8,mixed_integer,Pathology Procedure Number of NGS Specimen,data/raw/AACR GENIE Biopharma Collaborative Public/Data Releases/PANC/1.0-public/【变量描述表格】GENIE-BPC-PANC-v1.0-public-Variable-Synopsis.xlsx::Variable Synopsis,待确认,,,false
data/raw/AACR GENIE Biopharma Collaborative Public/Data Releases/PANC/1.0-public/clinical_data/cancer_panel_test_level_dataset.csv,path_rep_number,path_rep_number,false,1130,0,0.0,5,mixed_integer,Pathology Report Number of NGS Specimen,data/raw/AACR GENIE Biopharma Collaborative Public/Data Releases/PANC/1.0-public/【变量描述表格】GENIE-BPC-PANC-v1.0-public-Variable-Synopsis.xlsx::Variable Synopsis,待确认,,,false
data/raw/AACR GENIE Biopharma Collaborative Public/Data Releases/PANC/1.0-public/clinical_data/cancer_panel_test_level_dataset.csv,cpt_genie_sample_id,cpt_genie_sample_id,false,1130,0,0.0,1130,string,GENIE Sample ID,data/raw/AACR GENIE Biopharma Collaborative Public/Data Releases/PANC/1.0-public/【变量描述表格】GENIE-BPC-PANC-v1.0-public-Variable-Synopsis.xlsx::Variable Synopsis,sample_or_ngs_key,,,true
data/raw/AACR GENIE Biopharma Collaborative Public/Data Releases/PANC/1.0-public/clinical_data/cancer_panel_test_level_dataset.csv,cpt_oncotree_code,cpt_oncotree_code,false,1130,0,0.0,<5,string,NGS Specimen OncoTree Diagnosis Code,data/raw/AACR GENIE Biopharma Collaborative Public/Data Releases/PANC/1.0-public/【变量描述表格】GENIE-BPC-PANC-v1.0-public-Variable-Synopsis.xlsx::Variable Synopsis,待确认,,,false
data/raw/AACR GENIE Biopharma Collaborative Public/Data Releases/PANC/1.0-public/clinical_data/cancer_panel_test_level_dataset.csv,sample_type,sample_type,false,1130,<5,0.00354,<5,string,Specimen Sample Type,data/raw/AACR GENIE Biopharma Collaborative Public/Data Releases/PANC/1.0-public/【变量描述表格】GENIE-BPC-PANC-v1.0-public-Variable-Synopsis.xlsx::Variable Synopsis,sample_or_ngs_key,,,false
data/raw/AACR GENIE Biopharma Collaborative Public/Data Releases/PANC/1.0-public/clinical_data/cancer_panel_test_level_dataset.csv,cpt_seq_assay_id,cpt_seq_assay_id,false,1130,0,0.0,15,string,Sequencing Assay ID,data/raw/AACR GENIE Biopharma Collaborative Public/Data Releases/PANC/1.0-public/【变量描述表格】GENIE-BPC-PANC-v1.0-public-Variable-Synopsis.xlsx::Variable Synopsis,待确认,,,false
data/raw/AACR GENIE Biopharma Collaborative Public/Data Releases/PANC/1.0-public/clinical_data/cancer_panel_test_level_dataset.csv,release_version,release_version,false,1130,0,0.0,<5,string,Release Version Number,data/raw/AACR GENIE Biopharma Collaborative Public/Data Releases/PANC/1.0-public/【变量描述表格】GENIE-BPC-PANC-v1.0-public-Variable-Synopsis.xlsx::Variable Synopsis,source_or_version,,,false
data/raw/AACR GENIE Biopharma Collaborative Public/Data Releases/PANC/1.0-public/clinical_data/imaging_level_dataset.csv,cohort,cohort,false,14520,0,0.0,<5,string,BPC Project Cohort,data/raw/AACR GENIE Biopharma Collaborative Public/Data Releases/PANC/1.0-public/【变量描述表格】GENIE-BPC-PANC-v1.0-public-Variable-Synopsis.xlsx::Variable Synopsis,source_or_version,,,false
data/raw/AACR GENIE Biopharma Collaborative Public/Data Releases/PANC/1.0-public/clinical_data/imaging_level_dataset.csv,record_id,record_id,false,14520,0,0.0,1094,string,Record ID,data/raw/AACR GENIE Biopharma Collaborative Public/Data Releases/PANC/1.0-public/【变量描述表格】GENIE-BPC-PANC-v1.0-public-Variable-Synopsis.xlsx::Variable Synopsis,patient_key_or_patient_level,,,false
data/raw/AACR GENIE Biopharma Collaborative Public/Data Releases/PANC/1.0-public/clinical_data/imaging_level_dataset.csv,institution,institution,false,14520,0,0.0,<5,string,Institution,data/raw/AACR GENIE Biopharma Collaborative Public/Data Releases/PANC/1.0-public/【变量描述表格】GENIE-BPC-PANC-v1.0-public-Variable-Synopsis.xlsx::Variable Synopsis,source_or_version,,,false
data/raw/AACR GENIE Biopharma Collaborative Public/Data Releases/PANC/1.0-public/clinical_data/imaging_level_dataset.csv,scan_number,scan_number,false,14520,0,0.0,105,mixed_integer,Imaging Report Number,data/raw/AACR GENIE Biopharma Collaborative Public/Data Releases/PANC/1.0-public/【变量描述表格】GENIE-BPC-PANC-v1.0-public-Variable-Synopsis.xlsx::Variable Synopsis,待确认,,,false
data/raw/AACR GENIE Biopharma Collaborative Public/Data Releases/PANC/1.0-public/clinical_data/imaging_level_dataset.csv,image_scan_int,image_scan_int,false,14520,0,0.0,8082,integer,Time (Days) from Date of Birth to Imaging Date,data/raw/AACR GENIE Biopharma Collaborative Public/Data Releases/PANC/1.0-public/【变量描述表格】GENIE-BPC-PANC-v1.0-public-Variable-Synopsis.xlsx::Variable Synopsis,date_or_relative_time,relative_date_or_event_interval; confirm event meaning in data dictionary,,false
data/raw/AACR GENIE Biopharma Collaborative Public/Data Releases/PANC/1.0-public/clinical_data/imaging_level_dataset.csv,dx_scan_days,dx_scan_days,false,14520,0,0.0,2302,mixed_integer,Time (Days) from First BPC Project Cancer to Imaging Date,data/raw/AACR GENIE Biopharma Collaborative Public/Data Releases/PANC/1.0-public/【变量描述表格】GENIE-BPC-PANC-v1.0-public-Variable-Synopsis.xlsx::Variable Synopsis,date_or_relative_time,relative_date_or_event_interval; confirm event meaning in data dictionary,,false
data/raw/AACR GENIE Biopharma Collaborative Public/Data Releases/PANC/1.0-public/clinical_data/imaging_level_dataset.csv,dx_scan_mos,dx_scan_mos,false,14520,0,0.0,2302,mixed_float,Time (Months from First BPC Project Cancer to Imaging Date,data/raw/AACR GENIE Biopharma Collaborative Public/Data Releases/PANC/1.0-public/【变量描述表格】GENIE-BPC-PANC-v1.0-public-Variable-Synopsis.xlsx::Variable Synopsis,date_or_relative_time,relative_date_or_event_interval; confirm event meaning in data dictionary,,false
data/raw/AACR GENIE Biopharma Collaborative Public/Data Releases/PANC/1.0-public/clinical_data/imaging_level_dataset.csv,dx_scan_yrs,dx_scan_yrs,false,14520,0,0.0,2302,mixed_float,Time (Years) from First BPC Project Cancer to Imaging Date,data/raw/AACR GENIE Biopharma Collaborative Public/Data Releases/PANC/1.0-public/【变量描述表格】GENIE-BPC-PANC-v1.0-public-Variable-Synopsis.xlsx::Variable Synopsis,date_or_relative_time,relative_date_or_event_interval; confirm event meaning in data dictionary,,false
data/raw/AACR GENIE Biopharma Collaborative Public/Data Releases/PANC/1.0-public/clinical_data/imaging_level_dataset.csv,image_ref_scan_int,image_ref_scan_int,false,14520,6301,0.433953,5496,integer,Time (Days) from Date of Birth to Reference Imaging Date,data/raw/AACR GENIE Biopharma Collaborative Public/Data Releases/PANC/1.0-public/【变量描述表格】GENIE-BPC-PANC-v1.0-public-Variable-Synopsis.xlsx::Variable Synopsis,date_or_relative_time,relative_date_or_event_interval; confirm event meaning in data dictionary,,false
data/raw/AACR GENIE Biopharma Collaborative Public/Data Releases/PANC/1.0-public/clinical_data/imaging_level_dataset.csv,dx_ref_scan_days,dx_ref_scan_days,false,14520,6301,0.433953,2037,mixed_integer,Time (Days) from First BPC Project Cancer to Reference Imaging Date,data/raw/AACR GENIE Biopharma Collaborative Public/Data Releases/PANC/1.0-public/【变量描述表格】GENIE-BPC-PANC-v1.0-public-Variable-Synopsis.xlsx::Variable Synopsis,date_or_relative_time,relative_date_or_event_interval; confirm event meaning in data dictionary,,false
data/raw/AACR GENIE Biopharma Collaborative Public/Data Releases/PANC/1.0-public/clinical_data/imaging_level_dataset.csv,dx_ref_scan_mos,dx_ref_scan_mos,false,14520,6301,0.433953,2037,mixed_float,Time (Months) from First BPC Project Cancer to Reference Imaging Date,data/raw/AACR GENIE Biopharma Collaborative Public/Data Releases/PANC/1.0-public/【变量描述表格】GENIE-BPC-PANC-v1.0-public-Variable-Synopsis.xlsx::Variable Synopsis,date_or_relative_time,relative_date_or_event_interval; confirm event meaning in data dictionary,,false
data/raw/AACR GENIE Biopharma Collaborative Public/Data Releases/PANC/1.0-public/clinical_data/imaging_level_dataset.csv,dx_ref_scan_yrs,dx_ref_scan_yrs,false,14520,6301,0.433953,2037,mixed_float,Time (Years) from First BPC Project Cancer to Reference Imaging Date,data/raw/AACR GENIE Biopharma Collaborative Public/Data Releases/PANC/1.0-public/【变量描述表格】GENIE-BPC-PANC-v1.0-public-Variable-Synopsis.xlsx::Variable Synopsis,date_or_relative_time,relative_date_or_event_interval; confirm event meaning in data dictionary,,false
data/raw/AACR GENIE Biopharma Collaborative Public/Data Releases/PANC/1.0-public/clinical_data/imaging_level_dataset.csv,image_inst_perf,image_inst_perf,false,14520,0,0.0,<5,string,Institution Where Scan was Performed,data/raw/AACR GENIE Biopharma Collaborative Public/Data Releases/PANC/1.0-public/【变量描述表格】GENIE-BPC-PANC-v1.0-public-Variable-Synopsis.xlsx::Variable Synopsis,待确认,,,false
data/raw/AACR GENIE Biopharma Collaborative Public/Data Releases/PANC/1.0-public/clinical_data/imaging_level_dataset.csv,image_inst_inter,image_inst_inter,false,14520,10812,0.744628,<5,string,Institution Where Image was Interpreted,data/raw/AACR GENIE Biopharma Collaborative Public/Data Releases/PANC/1.0-public/【变量描述表格】GENIE-BPC-PANC-v1.0-public-Variable-Synopsis.xlsx::Variable Synopsis,date_or_relative_time,relative_date_or_event_interval; confirm event meaning in data dictionary,,false
data/raw/AACR GENIE Biopharma Collaborative Public/Data Releases/PANC/1.0-public/clinical_data/imaging_level_dataset.csv,image_scan_type,image_scan_type,false,14520,0,0.0,6,string,Imaging Scan Type,data/raw/AACR GENIE Biopharma Collaborative Public/Data Releases/PANC/1.0-public/【变量描述表格】GENIE-BPC-PANC-v1.0-public-Variable-Synopsis.xlsx::Variable Synopsis,待确认,,,false
data/raw/AACR GENIE Biopharma Collaborative Public/Data Releases/PANC/1.0-public/clinical_data/imaging_level_dataset.csv,image_scansite___1,image_scansite___1,false,14520,13742,0.946419,<5,string,Imaging Site: Brain/Head,data/raw/AACR GENIE Biopharma Collaborative Public/Data Releases/PANC/1.0-public/【变量描述表格】GENIE-BPC-PANC-v1.0-public-Variable-Synopsis.xlsx::Variable Synopsis,待确认,,,false
data/raw/AACR GENIE Biopharma Collaborative Public/Data Releases/PANC/1.0-public/clinical_data/imaging_level_dataset.csv,image_scansite___2,image_scansite___2,false,14520,14249,0.981336,<5,string,Imaging Site: Spine,data/raw/AACR GENIE Biopharma Collaborative Public/Data Releases/PANC/1.0-public/【变量描述表格】GENIE-BPC-PANC-v1.0-public-Variable-Synopsis.xlsx::Variable Synopsis,待确认,,,false
data/raw/AACR GENIE Biopharma Collaborative Public/Data Releases/PANC/1.0-public/clinical_data/imaging_level_dataset.csv,image_scansite___3,image_scansite___3,false,14520,14417,0.992906,<5,string,Imaging Site: Neck,data/raw/AACR GENIE Biopharma Collaborative Public/Data Releases/PANC/1.0-public/【变量描述表格】GENIE-BPC-PANC-v1.0-public-Variable-Synopsis.xlsx::Variable Synopsis,待确认,,,false
data/raw/AACR GENIE Biopharma Collaborative Public/Data Releases/PANC/1.0-public/clinical_data/imaging_level_dataset.csv,image_scansite___4,image_scansite___4,false,14520,6592,0.453994,<5,string,Imaging Site: Chest,data/raw/AACR GENIE Biopharma Collaborative Public/Data Releases/PANC/1.0-public/【变量描述表格】GENIE-BPC-PANC-v1.0-public-Variable-Synopsis.xlsx::Variable Synopsis,待确认,,,false
data/raw/AACR GENIE Biopharma Collaborative Public/Data Releases/PANC/1.0-public/clinical_data/imaging_level_dataset.csv,image_scansite___5,image_scansite___5,false,14520,4332,0.298347,<5,string,Imaging Site: Abdomen,data/raw/AACR GENIE Biopharma Collaborative Public/Data Releases/PANC/1.0-public/【变量描述表格】GENIE-BPC-PANC-v1.0-public-Variable-Synopsis.xlsx::Variable Synopsis,待确认,,,false
data/raw/AACR GENIE Biopharma Collaborative Public/Data Releases/PANC/1.0-public/clinical_data/imaging_level_dataset.csv,image_scansite___6,image_scansite___6,false,14520,5518,0.380028,<5,string,Imaging Site: Pelvis,data/raw/AACR GENIE Biopharma Collaborative Public/Data Releases/PANC/1.0-public/【变量描述表格】GENIE-BPC-PANC-v1.0-public-Variable-Synopsis.xlsx::Variable Synopsis,待确认,,,false
data/raw/AACR GENIE Biopharma Collaborative Public/Data Releases/PANC/1.0-public/clinical_data/imaging_level_dataset.csv,image_scansite___7,image_scansite___7,false,14520,14449,0.99511,<5,string,Imaging Site: Extremity,data/raw/AACR GENIE Biopharma Collaborative Public/Data Releases/PANC/1.0-public/【变量描述表格】GENIE-BPC-PANC-v1.0-public-Variable-Synopsis.xlsx::Variable Synopsis,待确认,,,false
data/raw/AACR GENIE Biopharma Collaborative Public/Data Releases/PANC/1.0-public/clinical_data/imaging_level_dataset.csv,image_scansite___8,image_scansite___8,false,14520,13892,0.956749,<5,string,Imaging Site: Full body,data/raw/AACR GENIE Biopharma Collaborative Public/Data Releases/PANC/1.0-public/【变量描述表格】GENIE-BPC-PANC-v1.0-public-Variable-Synopsis.xlsx::Variable Synopsis,待确认,,,false
data/raw/AACR GENIE Biopharma Collaborative Public/Data Releases/PANC/1.0-public/clinical_data/imaging_level_dataset.csv,scan_sites,scan_sites,false,14520,0,0.0,27,string,Imaging Sites,data/raw/AACR GENIE Biopharma Collaborative Public/Data Releases/PANC/1.0-public/【变量描述表格】GENIE-BPC-PANC-v1.0-public-Variable-Synopsis.xlsx::Variable Synopsis,待确认,,,false
data/raw/AACR GENIE Biopharma Collaborative Public/Data Releases/PANC/1.0-public/clinical_data/imaging_level_dataset.csv,image_ca,image_ca,false,14520,0,0.0,<5,string,Radiologist Assessment of any Evidence of Cancer on this Imaging Report,data/raw/AACR GENIE Biopharma Collaborative Public/Data Releases/PANC/1.0-public/【变量描述表格】GENIE-BPC-PANC-v1.0-public-Variable-Synopsis.xlsx::Variable Synopsis,待确认,,,false
data/raw/AACR GENIE Biopharma Collaborative Public/Data Releases/PANC/1.0-public/clinical_data/imaging_level_dataset.csv,image_overall,image_overall,false,14520,5502,0.378926,5,string,Radiologist Assessment of Change in Cancer Status,data/raw/AACR GENIE Biopharma Collaborative Public/Data Releases/PANC/1.0-public/【变量描述表格】GENIE-BPC-PANC-v1.0-public-Variable-Synopsis.xlsx::Variable Synopsis,待确认,,,false
data/raw/AACR GENIE Biopharma Collaborative Public/Data Releases/PANC/1.0-public/clinical_data/imaging_level_dataset.csv,image_casite1,image_casite1,false,14520,5745,0.395661,93,string,Location of cancer based on the imaging report (ICD-O-3 code; 1),data/raw/AACR GENIE Biopharma Collaborative Public/Data Releases/PANC/1.0-public/【变量描述表格】GENIE-BPC-PANC-v1.0-public-Variable-Synopsis.xlsx::Variable Synopsis,待确认,,,false
data/raw/AACR GENIE Biopharma Collaborative Public/Data Releases/PANC/1.0-public/clinical_data/imaging_level_dataset.csv,image_casite2,image_casite2,false,14520,9442,0.650275,99,string,Location of cancer based on the imaging report (ICD-O-3 code; 2),data/raw/AACR GENIE Biopharma Collaborative Public/Data Releases/PANC/1.0-public/【变量描述表格】GENIE-BPC-PANC-v1.0-public-Variable-Synopsis.xlsx::Variable Synopsis,待确认,,,false
data/raw/AACR GENIE Biopharma Collaborative Public/Data Releases/PANC/1.0-public/clinical_data/imaging_level_dataset.csv,image_casite3,image_casite3,false,14520,12224,0.841873,89,string,Location of cancer based on the imaging report (ICD-O-3 code; 3),data/raw/AACR GENIE Biopharma Collaborative Public/Data Releases/PANC/1.0-public/【变量描述表格】GENIE-BPC-PANC-v1.0-public-Variable-Synopsis.xlsx::Variable Synopsis,待确认,,,false
data/raw/AACR GENIE Biopharma Collaborative Public/Data Releases/PANC/1.0-public/clinical_data/imaging_level_dataset.csv,image_casite4,image_casite4,false,14520,13549,0.933127,75,string,Location of cancer based on the imaging report (ICD-O-3 code; 4),data/raw/AACR GENIE Biopharma Collaborative Public/Data Releases/PANC/1.0-public/【变量描述表格】GENIE-BPC-PANC-v1.0-public-Variable-Synopsis.xlsx::Variable Synopsis,待确认,,,false
data/raw/AACR GENIE Biopharma Collaborative Public/Data Releases/PANC/1.0-public/clinical_data/imaging_level_dataset.csv,image_casite5,image_casite5,false,14520,14167,0.975689,57,string,Location of cancer based on the imaging report (ICD-O-3 code; 5),data/raw/AACR GENIE Biopharma Collaborative Public/Data Releases/PANC/1.0-public/【变量描述表格】GENIE-BPC-PANC-v1.0-public-Variable-Synopsis.xlsx::Variable Synopsis,待确认,,,false
data/raw/AACR GENIE Biopharma Collaborative Public/Data Releases/PANC/1.0-public/clinical_data/imaging_level_dataset.csv,image_casite6,image_casite6,false,14520,14389,0.990978,38,string,Location of cancer based on the imaging report (ICD-O-3 code; 6),data/raw/AACR GENIE Biopharma Collaborative Public/Data Releases/PANC/1.0-public/【变量描述表格】GENIE-BPC-PANC-v1.0-public-Variable-Synopsis.xlsx::Variable Synopsis,待确认,,,false
data/raw/AACR GENIE Biopharma Collaborative Public/Data Releases/PANC/1.0-public/clinical_data/imaging_level_dataset.csv,image_casite7,image_casite7,false,14520,14476,0.99697,25,string,Location of cancer based on the imaging report (ICD-O-3 code; 7),data/raw/AACR GENIE Biopharma Collaborative Public/Data Releases/PANC/1.0-public/【变量描述表格】GENIE-BPC-PANC-v1.0-public-Variable-Synopsis.xlsx::Variable Synopsis,待确认,,,false
data/raw/AACR GENIE Biopharma Collaborative Public/Data Releases/PANC/1.0-public/clinical_data/imaging_level_dataset.csv,image_casite8,image_casite8,false,14520,14502,0.99876,13,string,Location of cancer based on the imaging report (ICD-O-3 code; 8),data/raw/AACR GENIE Biopharma Collaborative Public/Data Releases/PANC/1.0-public/【变量描述表格】GENIE-BPC-PANC-v1.0-public-Variable-Synopsis.xlsx::Variable Synopsis,待确认,,,false
data/raw/AACR GENIE Biopharma Collaborative Public/Data Releases/PANC/1.0-public/clinical_data/imaging_level_dataset.csv,image_casite9,image_casite9,false,14520,14512,0.999449,7,string,Location of cancer based on the imaging report (ICD-O-3 code; 9),data/raw/AACR GENIE Biopharma Collaborative Public/Data Releases/PANC/1.0-public/【变量描述表格】GENIE-BPC-PANC-v1.0-public-Variable-Synopsis.xlsx::Variable Synopsis,待确认,,,false
data/raw/AACR GENIE Biopharma Collaborative Public/Data Releases/PANC/1.0-public/clinical_data/imaging_level_dataset.csv,image_casite10,image_casite10,false,14520,14518,0.999862,<5,string,Location of cancer based on the imaging report (ICD-O-3 code; 10),data/raw/AACR GENIE Biopharma Collaborative Public/Data Releases/PANC/1.0-public/【变量描述表格】GENIE-BPC-PANC-v1.0-public-Variable-Synopsis.xlsx::Variable Synopsis,待确认,,,false
data/raw/AACR GENIE Biopharma Collaborative Public/Data Releases/PANC/1.0-public/clinical_data/imaging_level_dataset.csv,image_casite11,image_casite11,false,14520,14520,1.0,0,empty_or_unknown,Location of cancer based on the imaging report (ICD-O-3 code; 11),data/raw/AACR GENIE Biopharma Collaborative Public/Data Releases/PANC/1.0-public/【变量描述表格】GENIE-BPC-PANC-v1.0-public-Variable-Synopsis.xlsx::Variable Synopsis,待确认,,,false
data/raw/AACR GENIE Biopharma Collaborative Public/Data Releases/PANC/1.0-public/clinical_data/imaging_level_dataset.csv,image_casite12,image_casite12,false,14520,14520,1.0,0,empty_or_unknown,Location of cancer based on the imaging report (ICD-O-3 code; 12),data/raw/AACR GENIE Biopharma Collaborative Public/Data Releases/PANC/1.0-public/【变量描述表格】GENIE-BPC-PANC-v1.0-public-Variable-Synopsis.xlsx::Variable Synopsis,待确认,,,false
data/raw/AACR GENIE Biopharma Collaborative Public/Data Releases/PANC/1.0-public/clinical_data/imaging_level_dataset.csv,image_casite13,image_casite13,false,14520,14520,1.0,0,empty_or_unknown,Location of cancer based on the imaging report (ICD-O-3 code; 13),data/raw/AACR GENIE Biopharma Collaborative Public/Data Releases/PANC/1.0-public/【变量描述表格】GENIE-BPC-PANC-v1.0-public-Variable-Synopsis.xlsx::Variable Synopsis,待确认,,,false
data/raw/AACR GENIE Biopharma Collaborative Public/Data Releases/PANC/1.0-public/clinical_data/imaging_level_dataset.csv,image_casite14,image_casite14,false,14520,14520,1.0,0,empty_or_unknown,Location of cancer based on the imaging report (ICD-O-3 code; 14),data/raw/AACR GENIE Biopharma Collaborative Public/Data Releases/PANC/1.0-public/【变量描述表格】GENIE-BPC-PANC-v1.0-public-Variable-Synopsis.xlsx::Variable Synopsis,待确认,,,false
data/raw/AACR GENIE Biopharma Collaborative Public/Data Releases/PANC/1.0-public/clinical_data/imaging_level_dataset.csv,image_casite15,image_casite15,false,14520,14520,1.0,0,empty_or_unknown,Location of cancer based on the imaging report (ICD-O-3 code; 15),data/raw/AACR GENIE Biopharma Collaborative Public/Data Releases/PANC/1.0-public/【变量描述表格】GENIE-BPC-PANC-v1.0-public-Variable-Synopsis.xlsx::Variable Synopsis,待确认,,,false
data/raw/AACR GENIE Biopharma Collaborative Public/Data Releases/PANC/1.0-public/clinical_data/imaging_level_dataset.csv,release_version,release_version,false,14520,0,0.0,<5,string,Release Version Number,data/raw/AACR GENIE Biopharma Collaborative Public/Data Releases/PANC/1.0-public/【变量描述表格】GENIE-BPC-PANC-v1.0-public-Variable-Synopsis.xlsx::Variable Synopsis,source_or_version,,,false
data/raw/AACR GENIE Biopharma Collaborative Public/Data Releases/PANC/1.0-public/clinical_data/manifest.csv,ID,ID,false,10,0,0.0,10,string,待确认,,待确认,,,true
data/raw/AACR GENIE Biopharma Collaborative Public/Data Releases/PANC/1.0-public/clinical_data/manifest.csv,name,name,false,10,0,0.0,10,string,待确认,,待确认,,,false
data/raw/AACR GENIE Biopharma Collaborative Public/Data Releases/PANC/1.0-public/clinical_data/manifest.csv,versionNumber,versionNumber,false,10,0,0.0,<5,boolean,待确认,,待确认,,,false
data/raw/AACR GENIE Biopharma Collaborative Public/Data Releases/PANC/1.0-public/clinical_data/manifest.csv,contentType,contentType,false,10,0,0.0,<5,string,待确认,,待确认,,,false
data/raw/AACR GENIE Biopharma Collaborative Public/Data Releases/PANC/1.0-public/clinical_data/manifest.csv,dataFileSizeBytes,dataFileSizeBytes,false,10,0,0.0,10,integer,待确认,,待确认,,,false
data/raw/AACR GENIE Biopharma Collaborative Public/Data Releases/PANC/1.0-public/clinical_data/manifest.csv,createdBy,createdBy,false,10,0,0.0,<5,integer,待确认,,待确认,,,false
data/raw/AACR GENIE Biopharma Collaborative Public/Data Releases/PANC/1.0-public/clinical_data/manifest.csv,createdOn,createdOn,false,10,0,0.0,10,integer,待确认,,待确认,,,false
data/raw/AACR GENIE Biopharma Collaborative Public/Data Releases/PANC/1.0-public/clinical_data/manifest.csv,modifiedBy,modifiedBy,false,10,0,0.0,<5,integer,待确认,,待确认,,,false
data/raw/AACR GENIE Biopharma Collaborative Public/Data Releases/PANC/1.0-public/clinical_data/manifest.csv,modifiedOn,modifiedOn,false,10,0,0.0,10,integer,待确认,,待确认,,,false
data/raw/AACR GENIE Biopharma Collaborative Public/Data Releases/PANC/1.0-public/clinical_data/manifest.csv,parentId,parentId,false,10,0,0.0,<5,string,待确认,,待确认,,,false
data/raw/AACR GENIE Biopharma Collaborative Public/Data Releases/PANC/1.0-public/clinical_data/manifest.csv,synapseURL,synapseURL,false,10,0,0.0,10,string,待确认,,待确认,,,false
data/raw/AACR GENIE Biopharma Collaborative Public/Data Releases/PANC/1.0-public/clinical_data/manifest.csv,dataFileMD5Hex,dataFileMD5Hex,false,10,0,0.0,10,string,待确认,,待确认,,,false
data/raw/AACR GENIE Biopharma Collaborative Public/Data Releases/PANC/1.0-public/clinical_data/manifest.csv,cohort,cohort,false,10,0,0.0,<5,string,BPC Project Cohort,data/raw/AACR GENIE Biopharma Collaborative Public/Data Releases/PANC/1.0-public/【变量描述表格】GENIE-BPC-PANC-v1.0-public-Variable-Synopsis.xlsx::Variable Synopsis,source_or_version,,,false
data/raw/AACR GENIE Biopharma Collaborative Public/Data Releases/PANC/1.0-public/clinical_data/manifest.csv,consortium,consortium,false,10,0,0.0,<5,string,待确认,,待确认,,,false
data/raw/AACR GENIE Biopharma Collaborative Public/Data Releases/PANC/1.0-public/clinical_data/manifest.csv,dataType,dataType,false,10,0,0.0,10,string,待确认,,待确认,,,false
data/raw/AACR GENIE Biopharma Collaborative Public/Data Releases/PANC/1.0-public/clinical_data/manifest.csv,project,project,false,10,0,0.0,<5,string,待确认,,待确认,,,false
data/raw/AACR GENIE Biopharma Collaborative Public/Data Releases/PANC/1.0-public/clinical_data/manifest.csv,species,species,false,10,0,0.0,<5,string,待确认,,待确认,,,false
data/raw/AACR GENIE Biopharma Collaborative Public/Data Releases/PANC/1.0-public/clinical_data/manifest.csv,version,version,false,10,0,0.0,<5,string,待确认,,待确认,,,false
data/raw/AACR GENIE Biopharma Collaborative Public/Data Releases/PANC/1.0-public/clinical_data/med_onc_note_level_dataset.csv,cohort,cohort,false,15870,0,0.0,<5,string,BPC Project Cohort,data/raw/AACR GENIE Biopharma Collaborative Public/Data Releases/PANC/1.0-public/【变量描述表格】GENIE-BPC-PANC-v1.0-public-Variable-Synopsis.xlsx::Variable Synopsis,source_or_version,,,false
data/raw/AACR GENIE Biopharma Collaborative Public/Data Releases/PANC/1.0-public/clinical_data/med_onc_note_level_dataset.csv,record_id,record_id,false,15870,0,0.0,1100,string,Record ID,data/raw/AACR GENIE Biopharma Collaborative Public/Data Releases/PANC/1.0-public/【变量描述表格】GENIE-BPC-PANC-v1.0-public-Variable-Synopsis.xlsx::Variable Synopsis,patient_key_or_patient_level,,,false
data/raw/AACR GENIE Biopharma Collaborative Public/Data Releases/PANC/1.0-public/clinical_data/med_onc_note_level_dataset.csv,institution,institution,false,15870,0,0.0,<5,string,Institution,data/raw/AACR GENIE Biopharma Collaborative Public/Data Releases/PANC/1.0-public/【变量描述表格】GENIE-BPC-PANC-v1.0-public-Variable-Synopsis.xlsx::Variable Synopsis,source_or_version,,,false
data/raw/AACR GENIE Biopharma Collaborative Public/Data Releases/PANC/1.0-public/clinical_data/med_onc_note_level_dataset.csv,md_visit_number,md_visit_number,false,15870,0,0.0,87,mixed_integer,Medical Oncologist Visit Identifier,data/raw/AACR GENIE Biopharma Collaborative Public/Data Releases/PANC/1.0-public/【变量描述表格】GENIE-BPC-PANC-v1.0-public-Variable-Synopsis.xlsx::Variable Synopsis,待确认,,,false
data/raw/AACR GENIE Biopharma Collaborative Public/Data Releases/PANC/1.0-public/clinical_data/med_onc_note_level_dataset.csv,md_onc_visit_int,md_onc_visit_int,false,15870,0,0.0,9288,integer,Time (Days) from Date of Birth to Medical Oncologist Visit,data/raw/AACR GENIE Biopharma Collaborative Public/Data Releases/PANC/1.0-public/【变量描述表格】GENIE-BPC-PANC-v1.0-public-Variable-Synopsis.xlsx::Variable Synopsis,date_or_relative_time,relative_date_or_event_interval; confirm event meaning in data dictionary,,false
data/raw/AACR GENIE Biopharma Collaborative Public/Data Releases/PANC/1.0-public/clinical_data/med_onc_note_level_dataset.csv,dx_md_visit_days,dx_md_visit_days,false,15870,0,0.0,2440,mixed_integer,Time (Days) from First BPC Project Cancer to Medical Oncologist Visit,data/raw/AACR GENIE Biopharma Collaborative Public/Data Releases/PANC/1.0-public/【变量描述表格】GENIE-BPC-PANC-v1.0-public-Variable-Synopsis.xlsx::Variable Synopsis,date_or_relative_time,relative_date_or_event_interval; confirm event meaning in data dictionary,,false
data/raw/AACR GENIE Biopharma Collaborative Public/Data Releases/PANC/1.0-public/clinical_data/med_onc_note_level_dataset.csv,dx_md_visit_mos,dx_md_visit_mos,false,15870,0,0.0,2440,mixed_float,Time (Months) from First BPC Project Cancer to Medical Oncologist Visit,data/raw/AACR GENIE Biopharma Collaborative Public/Data Releases/PANC/1.0-public/【变量描述表格】GENIE-BPC-PANC-v1.0-public-Variable-Synopsis.xlsx::Variable Synopsis,date_or_relative_time,relative_date_or_event_interval; confirm event meaning in data dictionary,,false
data/raw/AACR GENIE Biopharma Collaborative Public/Data Releases/PANC/1.0-public/clinical_data/med_onc_note_level_dataset.csv,dx_md_visit_yrs,dx_md_visit_yrs,false,15870,0,0.0,2440,mixed_float,Time (Years) from First BPC Project Cancer to Medical Oncologist Visit,data/raw/AACR GENIE Biopharma Collaborative Public/Data Releases/PANC/1.0-public/【变量描述表格】GENIE-BPC-PANC-v1.0-public-Variable-Synopsis.xlsx::Variable Synopsis,date_or_relative_time,relative_date_or_event_interval; confirm event meaning in data dictionary,,false
data/raw/AACR GENIE Biopharma Collaborative Public/Data Releases/PANC/1.0-public/clinical_data/med_onc_note_level_dataset.csv,md_inst,md_inst,false,15870,0,0.0,<5,string,Institution Where Medical Oncology Visit Occurred,data/raw/AACR GENIE Biopharma Collaborative Public/Data Releases/PANC/1.0-public/【变量描述表格】GENIE-BPC-PANC-v1.0-public-Variable-Synopsis.xlsx::Variable Synopsis,待确认,,,false
data/raw/AACR GENIE Biopharma Collaborative Public/Data Releases/PANC/1.0-public/clinical_data/med_onc_note_level_dataset.csv,md_type_ca_cur,md_type_ca_cur,false,15870,0,0.0,<5,string,Cancer Diagnosis Assessed by Medical Oncologist,data/raw/AACR GENIE Biopharma Collaborative Public/Data Releases/PANC/1.0-public/【变量描述表格】GENIE-BPC-PANC-v1.0-public-Variable-Synopsis.xlsx::Variable Synopsis,待确认,,,false
data/raw/AACR GENIE Biopharma Collaborative Public/Data Releases/PANC/1.0-public/clinical_data/med_onc_note_level_dataset.csv,md_ca,md_ca,false,15870,0,0.0,<5,string,Medical Oncologist Assessment of Evidence of Cancer,data/raw/AACR GENIE Biopharma Collaborative Public/Data Releases/PANC/1.0-public/【变量描述表格】GENIE-BPC-PANC-v1.0-public-Variable-Synopsis.xlsx::Variable Synopsis,待确认,,,false
data/raw/AACR GENIE Biopharma Collaborative Public/Data Releases/PANC/1.0-public/clinical_data/med_onc_note_level_dataset.csv,md_ca_status,md_ca_status,false,15870,3529,0.222369,5,string,Medical Oncologist Assessment of Change in Cancer Status,data/raw/AACR GENIE Biopharma Collaborative Public/Data Releases/PANC/1.0-public/【变量描述表格】GENIE-BPC-PANC-v1.0-public-Variable-Synopsis.xlsx::Variable Synopsis,待确认,,,false
data/raw/AACR GENIE Biopharma Collaborative Public/Data Releases/PANC/1.0-public/clinical_data/med_onc_note_level_dataset.csv,release_version,release_version,false,15870,0,0.0,<5,string,Release Version Number,data/raw/AACR GENIE Biopharma Collaborative Public/Data Releases/PANC/1.0-public/【变量描述表格】GENIE-BPC-PANC-v1.0-public-Variable-Synopsis.xlsx::Variable Synopsis,source_or_version,,,false
data/raw/AACR GENIE Biopharma Collaborative Public/Data Releases/PANC/1.0-public/clinical_data/pathology_report_level_dataset.csv,cohort,cohort,false,3532,0,0.0,<5,string,BPC Project Cohort,data/raw/AACR GENIE Biopharma Collaborative Public/Data Releases/PANC/1.0-public/【变量描述表格】GENIE-BPC-PANC-v1.0-public-Variable-Synopsis.xlsx::Variable Synopsis,source_or_version,,,false
data/raw/AACR GENIE Biopharma Collaborative Public/Data Releases/PANC/1.0-public/clinical_data/pathology_report_level_dataset.csv,record_id,record_id,false,3532,0,0.0,1109,string,Record ID,data/raw/AACR GENIE Biopharma Collaborative Public/Data Releases/PANC/1.0-public/【变量描述表格】GENIE-BPC-PANC-v1.0-public-Variable-Synopsis.xlsx::Variable Synopsis,patient_key_or_patient_level,,,false
data/raw/AACR GENIE Biopharma Collaborative Public/Data Releases/PANC/1.0-public/clinical_data/pathology_report_level_dataset.csv,institution,institution,false,3532,0,0.0,<5,string,Institution,data/raw/AACR GENIE Biopharma Collaborative Public/Data Releases/PANC/1.0-public/【变量描述表格】GENIE-BPC-PANC-v1.0-public-Variable-Synopsis.xlsx::Variable Synopsis,source_or_version,,,false
data/raw/AACR GENIE Biopharma Collaborative Public/Data Releases/PANC/1.0-public/clinical_data/pathology_report_level_dataset.csv,path_proc_number,path_proc_number,false,3532,0,0.0,54,mixed_integer,Pathology Procedure Number of NGS Specimen,data/raw/AACR GENIE Biopharma Collaborative Public/Data Releases/PANC/1.0-public/【变量描述表格】GENIE-BPC-PANC-v1.0-public-Variable-Synopsis.xlsx::Variable Synopsis,待确认,,,false
data/raw/AACR GENIE Biopharma Collaborative Public/Data Releases/PANC/1.0-public/clinical_data/pathology_report_level_dataset.csv,path_rep_number,path_rep_number,false,3532,0,0.0,5,mixed_integer,Pathology Report Number of NGS Specimen,data/raw/AACR GENIE Biopharma Collaborative Public/Data Releases/PANC/1.0-public/【变量描述表格】GENIE-BPC-PANC-v1.0-public-Variable-Synopsis.xlsx::Variable Synopsis,待确认,,,false
data/raw/AACR GENIE Biopharma Collaborative Public/Data Releases/PANC/1.0-public/clinical_data/pathology_report_level_dataset.csv,path_proc_inst,path_proc_inst,false,3532,0,0.0,<5,string,Institution Where Procedure Was Performed,data/raw/AACR GENIE Biopharma Collaborative Public/Data Releases/PANC/1.0-public/【变量描述表格】GENIE-BPC-PANC-v1.0-public-Variable-Synopsis.xlsx::Variable Synopsis,待确认,,,false
data/raw/AACR GENIE Biopharma Collaborative Public/Data Releases/PANC/1.0-public/clinical_data/pathology_report_level_dataset.csv,path_rep_inst,path_rep_inst,false,3532,0,0.0,<5,string,Institution Where Pathology was Reviewed,data/raw/AACR GENIE Biopharma Collaborative Public/Data Releases/PANC/1.0-public/【变量描述表格】GENIE-BPC-PANC-v1.0-public-Variable-Synopsis.xlsx::Variable Synopsis,待确认,,,false
data/raw/AACR GENIE Biopharma Collaborative Public/Data Releases/PANC/1.0-public/clinical_data/pathology_report_level_dataset.csv,path_proc_int,path_proc_int,false,3532,0,0.0,2578,integer,Time (Days) from Date of Birth to Pathology Procedure Date,data/raw/AACR GENIE Biopharma Collaborative Public/Data Releases/PANC/1.0-public/【变量描述表格】GENIE-BPC-PANC-v1.0-public-Variable-Synopsis.xlsx::Variable Synopsis,date_or_relative_time,relative_date_or_event_interval; confirm event meaning in data dictionary,,false
data/raw/AACR GENIE Biopharma Collaborative Public/Data Releases/PANC/1.0-public/clinical_data/pathology_report_level_dataset.csv,dx_path_proc_days,dx_path_proc_days,false,3532,0,0.0,915,mixed_integer,Time (Days) from First BPC Project Cancer to Pathology Procedure Date,data/raw/AACR GENIE Biopharma Collaborative Public/Data Releases/PANC/1.0-public/【变量描述表格】GENIE-BPC-PANC-v1.0-public-Variable-Synopsis.xlsx::Variable Synopsis,date_or_relative_time,relative_date_or_event_interval; confirm event meaning in data dictionary,,false
data/raw/AACR GENIE Biopharma Collaborative Public/Data Releases/PANC/1.0-public/clinical_data/pathology_report_level_dataset.csv,dx_path_proc_mos,dx_path_proc_mos,false,3532,0,0.0,915,mixed_float,Time (Months) from First BPC Project Cancer to Pathology Procedure Date,data/raw/AACR GENIE Biopharma Collaborative Public/Data Releases/PANC/1.0-public/【变量描述表格】GENIE-BPC-PANC-v1.0-public-Variable-Synopsis.xlsx::Variable Synopsis,date_or_relative_time,relative_date_or_event_interval; confirm event meaning in data dictionary,,false
data/raw/AACR GENIE Biopharma Collaborative Public/Data Releases/PANC/1.0-public/clinical_data/pathology_report_level_dataset.csv,dx_path_proc_yrs,dx_path_proc_yrs,false,3532,0,0.0,915,mixed_float,Time (Years) from First BPC Project Cancer to Pathology Procedure Date,data/raw/AACR GENIE Biopharma Collaborative Public/Data Releases/PANC/1.0-public/【变量描述表格】GENIE-BPC-PANC-v1.0-public-Variable-Synopsis.xlsx::Variable Synopsis,date_or_relative_time,relative_date_or_event_interval; confirm event meaning in data dictionary,,false
data/raw/AACR GENIE Biopharma Collaborative Public/Data Releases/PANC/1.0-public/clinical_data/pathology_report_level_dataset.csv,path_proc_type,path_proc_type,false,3532,0,0.0,<5,string,Pathology Type,data/raw/AACR GENIE Biopharma Collaborative Public/Data Releases/PANC/1.0-public/【变量描述表格】GENIE-BPC-PANC-v1.0-public-Variable-Synopsis.xlsx::Variable Synopsis,待确认,,,false
data/raw/AACR GENIE Biopharma Collaborative Public/Data Releases/PANC/1.0-public/clinical_data/pathology_report_level_dataset.csv,path_proc,path_proc,false,3532,1503,0.425538,<5,string,Pathology Procedure,data/raw/AACR GENIE Biopharma Collaborative Public/Data Releases/PANC/1.0-public/【变量描述表格】GENIE-BPC-PANC-v1.0-public-Variable-Synopsis.xlsx::Variable Synopsis,待确认,,,false
data/raw/AACR GENIE Biopharma Collaborative Public/Data Releases/PANC/1.0-public/clinical_data/pathology_report_level_dataset.csv,path_num_spec,path_num_spec,false,3532,0,0.0,18,mixed_integer,Number of Specimens Included in the Pathology Report,data/raw/AACR GENIE Biopharma Collaborative Public/Data Releases/PANC/1.0-public/【变量描述表格】GENIE-BPC-PANC-v1.0-public-Variable-Synopsis.xlsx::Variable Synopsis,待确认,,,false
data/raw/AACR GENIE Biopharma Collaborative Public/Data Releases/PANC/1.0-public/clinical_data/pathology_report_level_dataset.csv,path_insitu_any,path_insitu_any,false,3532,0,0.0,<5,boolean,In Situ Cancer Found in at Least One Specimen in the Pathology Report,data/raw/AACR GENIE Biopharma Collaborative Public/Data Releases/PANC/1.0-public/【变量描述表格】GENIE-BPC-PANC-v1.0-public-Variable-Synopsis.xlsx::Variable Synopsis,待确认,,,false
data/raw/AACR GENIE Biopharma Collaborative Public/Data Releases/PANC/1.0-public/clinical_data/pathology_report_level_dataset.csv,n_specimen_insitu,n_specimen_insitu,false,3532,0,0.0,5,mixed_integer,Number of Specimens with In Situ Cancer in Pathology Report,data/raw/AACR GENIE Biopharma Collaborative Public/Data Releases/PANC/1.0-public/【变量描述表格】GENIE-BPC-PANC-v1.0-public-Variable-Synopsis.xlsx::Variable Synopsis,待确认,,,false
data/raw/AACR GENIE Biopharma Collaborative Public/Data Releases/PANC/1.0-public/clinical_data/pathology_report_level_dataset.csv,path_ca_inv_any,path_ca_inv_any,false,3532,0,0.0,<5,boolean,Invasive Cancer Found in at Least One Specimen in the Pathology Report,data/raw/AACR GENIE Biopharma Collaborative Public/Data Releases/PANC/1.0-public/【变量描述表格】GENIE-BPC-PANC-v1.0-public-Variable-Synopsis.xlsx::Variable Synopsis,待确认,,,false
data/raw/AACR GENIE Biopharma Collaborative Public/Data Releases/PANC/1.0-public/clinical_data/pathology_report_level_dataset.csv,n_specimen_inv,n_specimen_inv,false,3532,0,0.0,12,mixed_integer,Number of Specimens with Invasive Cancer in Pathology Report,data/raw/AACR GENIE Biopharma Collaborative Public/Data Releases/PANC/1.0-public/【变量描述表格】GENIE-BPC-PANC-v1.0-public-Variable-Synopsis.xlsx::Variable Synopsis,待确认,,,false
data/raw/AACR GENIE Biopharma Collaborative Public/Data Releases/PANC/1.0-public/clinical_data/pathology_report_level_dataset.csv,msi_testing,msi_testing,false,3532,0,0.0,<5,boolean,Any Microsatellite Instability (MSI) Testing Reported on Pathology Report,data/raw/AACR GENIE Biopharma Collaborative Public/Data Releases/PANC/1.0-public/【变量描述表格】GENIE-BPC-PANC-v1.0-public-Variable-Synopsis.xlsx::Variable Synopsis,待确认,,,false
data/raw/AACR GENIE Biopharma Collaborative Public/Data Releases/PANC/1.0-public/clinical_data/pathology_report_level_dataset.csv,msi_yn,msi_yn,false,3532,896,0.253681,<5,boolean,"Microsatellite Instability (MSI) Testing Using Polymerase Chain Reaction (PCR) Reported, 1",data/raw/AACR GENIE Biopharma Collaborative Public/Data Releases/PANC/1.0-public/【变量描述表格】GENIE-BPC-PANC-v1.0-public-Variable-Synopsis.xlsx::Variable Synopsis,待确认,,,false
data/raw/AACR GENIE Biopharma Collaborative Public/Data Releases/PANC/1.0-public/clinical_data/pathology_report_level_dataset.csv,msi_prepaint,msi_prepaint,false,3532,3512,0.994337,20,integer,"Time (Days) from Date of Birth to Microsatellite Instability (MSI) Testing Report Date, 1",data/raw/AACR GENIE Biopharma Collaborative Public/Data Releases/PANC/1.0-public/【变量描述表格】GENIE-BPC-PANC-v1.0-public-Variable-Synopsis.xlsx::Variable Synopsis,待确认,,,false
data/raw/AACR GENIE Biopharma Collaborative Public/Data Releases/PANC/1.0-public/clinical_data/pathology_report_level_dataset.csv,msi_result,msi_result,false,3532,3510,0.993771,<5,string,"Microsatellite Instability (MSI) Result, 1",data/raw/AACR GENIE Biopharma Collaborative Public/Data Releases/PANC/1.0-public/【变量描述表格】GENIE-BPC-PANC-v1.0-public-Variable-Synopsis.xlsx::Variable Synopsis,待确认,,,false
data/raw/AACR GENIE Biopharma Collaborative Public/Data Releases/PANC/1.0-public/clinical_data/pathology_report_level_dataset.csv,msi_high_any,msi_high_any,false,3532,3510,0.993771,<5,boolean,Any MSI-H test result,data/raw/AACR GENIE Biopharma Collaborative Public/Data Releases/PANC/1.0-public/【变量描述表格】GENIE-BPC-PANC-v1.0-public-Variable-Synopsis.xlsx::Variable Synopsis,待确认,,,false
data/raw/AACR GENIE Biopharma Collaborative Public/Data Releases/PANC/1.0-public/clinical_data/pathology_report_level_dataset.csv,msi_high,msi_high,false,3532,3531,0.999717,<5,string,"Microsatellite Instability (MSI) – H: High Details, 1",data/raw/AACR GENIE Biopharma Collaborative Public/Data Releases/PANC/1.0-public/【变量描述表格】GENIE-BPC-PANC-v1.0-public-Variable-Synopsis.xlsx::Variable Synopsis,待确认,,,false
data/raw/AACR GENIE Biopharma Collaborative Public/Data Releases/PANC/1.0-public/clinical_data/pathology_report_level_dataset.csv,msi_low,msi_low,false,3532,3531,0.999717,<5,string,"Microsatellite Instability (MSI) – L: Low Details, 1",data/raw/AACR GENIE Biopharma Collaborative Public/Data Releases/PANC/1.0-public/【变量描述表格】GENIE-BPC-PANC-v1.0-public-Variable-Synopsis.xlsx::Variable Synopsis,待确认,,,false
data/raw/AACR GENIE Biopharma Collaborative Public/Data Releases/PANC/1.0-public/clinical_data/pathology_report_level_dataset.csv,mmr_testing,mmr_testing,false,3532,0,0.0,<5,boolean,Any Mismatch Repair (MMR) Testing Reported on Pathology Report,data/raw/AACR GENIE Biopharma Collaborative Public/Data Releases/PANC/1.0-public/【变量描述表格】GENIE-BPC-PANC-v1.0-public-Variable-Synopsis.xlsx::Variable Synopsis,待确认,,,false
data/raw/AACR GENIE Biopharma Collaborative Public/Data Releases/PANC/1.0-public/clinical_data/pathology_report_level_dataset.csv,mmr_yn,mmr_yn,false,3532,895,0.253398,<5,boolean,"Mismatch Repair (MMR) or Expression/Presence of MH1, or MSH2 or MSH6 or PMS2 Testing, 1",data/raw/AACR GENIE Biopharma Collaborative Public/Data Releases/PANC/1.0-public/【变量描述表格】GENIE-BPC-PANC-v1.0-public-Variable-Synopsis.xlsx::Variable Synopsis,待确认,,,false
data/raw/AACR GENIE Biopharma Collaborative Public/Data Releases/PANC/1.0-public/clinical_data/pathology_report_level_dataset.csv,mmr_prepaint,mmr_prepaint,false,3532,3468,0.98188,63,integer,"Mismatch Repair (MMR): Time (Days) from Date of Birth to MMR Testing Report Date, 1",data/raw/AACR GENIE Biopharma Collaborative Public/Data Releases/PANC/1.0-public/【变量描述表格】GENIE-BPC-PANC-v1.0-public-Variable-Synopsis.xlsx::Variable Synopsis,待确认,,,false
data/raw/AACR GENIE Biopharma Collaborative Public/Data Releases/PANC/1.0-public/clinical_data/pathology_report_level_dataset.csv,mmr_result,mmr_result,false,3532,3451,0.977067,<5,string,"Mismatch Repair (MMR): Overall Interpretation, 1",data/raw/AACR GENIE Biopharma Collaborative Public/Data Releases/PANC/1.0-public/【变量描述表格】GENIE-BPC-PANC-v1.0-public-Variable-Synopsis.xlsx::Variable Synopsis,待确认,,,false
data/raw/AACR GENIE Biopharma Collaborative Public/Data Releases/PANC/1.0-public/clinical_data/pathology_report_level_dataset.csv,mmrp_det,mmrp_det,false,3532,3465,0.981031,<5,string,"Mismatch Repair Proficient (MMR-P): Report Details, 1",data/raw/AACR GENIE Biopharma Collaborative Public/Data Releases/PANC/1.0-public/【变量描述表格】GENIE-BPC-PANC-v1.0-public-Variable-Synopsis.xlsx::Variable Synopsis,待确认,,,false
data/raw/AACR GENIE Biopharma Collaborative Public/Data Releases/PANC/1.0-public/clinical_data/pathology_report_level_dataset.csv,mmrd_det,mmrd_det,false,3532,3525,0.998018,<5,string,"Mismatch Repair Deficient (MMR-D): Report Details, 1",data/raw/AACR GENIE Biopharma Collaborative Public/Data Releases/PANC/1.0-public/【变量描述表格】GENIE-BPC-PANC-v1.0-public-Variable-Synopsis.xlsx::Variable Synopsis,待确认,,,false
data/raw/AACR GENIE Biopharma Collaborative Public/Data Releases/PANC/1.0-public/clinical_data/pathology_report_level_dataset.csv,release_version,release_version,false,3532,0,0.0,<5,string,Release Version Number,data/raw/AACR GENIE Biopharma Collaborative Public/Data Releases/PANC/1.0-public/【变量描述表格】GENIE-BPC-PANC-v1.0-public-Variable-Synopsis.xlsx::Variable Synopsis,source_or_version,,,false
data/raw/AACR GENIE Biopharma Collaborative Public/Data Releases/PANC/1.0-public/clinical_data/pathology_report_level_dataset.csv,<redacted>,<redacted_dynamic_sample_columns:295>,true,3532,0,0.0,,empty_or_unknown,suppressed_to_avoid_sample_or_patient_identifier_disclosure,,sample_level_dynamic_matrix_columns,,,false
data/raw/AACR GENIE Biopharma Collaborative Public/Data Releases/PANC/1.0-public/clinical_data/patient_level_dataset.csv,cohort,cohort,false,1109,0,0.0,<5,string,BPC Project Cohort,data/raw/AACR GENIE Biopharma Collaborative Public/Data Releases/PANC/1.0-public/【变量描述表格】GENIE-BPC-PANC-v1.0-public-Variable-Synopsis.xlsx::Variable Synopsis,source_or_version,,,false
data/raw/AACR GENIE Biopharma Collaborative Public/Data Releases/PANC/1.0-public/clinical_data/patient_level_dataset.csv,record_id,record_id,false,1109,0,0.0,1109,string,Record ID,data/raw/AACR GENIE Biopharma Collaborative Public/Data Releases/PANC/1.0-public/【变量描述表格】GENIE-BPC-PANC-v1.0-public-Variable-Synopsis.xlsx::Variable Synopsis,patient_key_or_patient_level,,,true
data/raw/AACR GENIE Biopharma Collaborative Public/Data Releases/PANC/1.0-public/clinical_data/patient_level_dataset.csv,institution,institution,false,1109,0,0.0,<5,string,Institution,data/raw/AACR GENIE Biopharma Collaborative Public/Data Releases/PANC/1.0-public/【变量描述表格】GENIE-BPC-PANC-v1.0-public-Variable-Synopsis.xlsx::Variable Synopsis,source_or_version,,,false
data/raw/AACR GENIE Biopharma Collaborative Public/Data Releases/PANC/1.0-public/clinical_data/patient_level_dataset.csv,redacted,redacted,false,1109,0,0.0,<5,boolean,Patient has any Redacted Time Interval Data to Comply with Health Insurance Portability and Accountability Act (HIPAA),data/raw/AACR GENIE Biopharma Collaborative Public/Data Releases/PANC/1.0-public/【变量描述表格】GENIE-BPC-PANC-v1.0-public-Variable-Synopsis.xlsx::Variable Synopsis,待确认,,,false
data/raw/AACR GENIE Biopharma Collaborative Public/Data Releases/PANC/1.0-public/clinical_data/patient_level_dataset.csv,birth_year,birth_year,false,1109,0,0.0,60,integer,Year of Birth,data/raw/AACR GENIE Biopharma Collaborative Public/Data Releases/PANC/1.0-public/【变量描述表格】GENIE-BPC-PANC-v1.0-public-Variable-Synopsis.xlsx::Variable Synopsis,待确认,,,false
data/raw/AACR GENIE Biopharma Collaborative Public/Data Releases/PANC/1.0-public/clinical_data/patient_level_dataset.csv,naaccr_ethnicity_code,naaccr_ethnicity_code,false,1109,0,0.0,<5,string,Ethnicity: Spanish/Hispanic Origin,data/raw/AACR GENIE Biopharma Collaborative Public/Data Releases/PANC/1.0-public/【变量描述表格】GENIE-BPC-PANC-v1.0-public-Variable-Synopsis.xlsx::Variable Synopsis,待确认,,,false
data/raw/AACR GENIE Biopharma Collaborative Public/Data Releases/PANC/1.0-public/clinical_data/patient_level_dataset.csv,naaccr_race_code_primary,naaccr_race_code_primary,false,1109,0,0.0,6,string,Race (Primary),data/raw/AACR GENIE Biopharma Collaborative Public/Data Releases/PANC/1.0-public/【变量描述表格】GENIE-BPC-PANC-v1.0-public-Variable-Synopsis.xlsx::Variable Synopsis,待确认,,,false
data/raw/AACR GENIE Biopharma Collaborative Public/Data Releases/PANC/1.0-public/clinical_data/patient_level_dataset.csv,naaccr_race_code_secondary,naaccr_race_code_secondary,false,1109,1045,0.94229,<5,string,Race (Secondary),data/raw/AACR GENIE Biopharma Collaborative Public/Data Releases/PANC/1.0-public/【变量描述表格】GENIE-BPC-PANC-v1.0-public-Variable-Synopsis.xlsx::Variable Synopsis,待确认,,,false
data/raw/AACR GENIE Biopharma Collaborative Public/Data Releases/PANC/1.0-public/clinical_data/patient_level_dataset.csv,naaccr_race_code_tertiary,naaccr_race_code_tertiary,false,1109,1045,0.94229,<5,string,Race (Tertiary),data/raw/AACR GENIE Biopharma Collaborative Public/Data Releases/PANC/1.0-public/【变量描述表格】GENIE-BPC-PANC-v1.0-public-Variable-Synopsis.xlsx::Variable Synopsis,待确认,,,false
data/raw/AACR GENIE Biopharma Collaborative Public/Data Releases/PANC/1.0-public/clinical_data/patient_level_dataset.csv,naaccr_sex_code,naaccr_sex_code,false,1109,0,0.0,<5,string,Sex,data/raw/AACR GENIE Biopharma Collaborative Public/Data Releases/PANC/1.0-public/【变量描述表格】GENIE-BPC-PANC-v1.0-public-Variable-Synopsis.xlsx::Variable Synopsis,待确认,,,false
data/raw/AACR GENIE Biopharma Collaborative Public/Data Releases/PANC/1.0-public/clinical_data/patient_level_dataset.csv,last_oncvisit_int,last_oncvisit_int,false,1109,35,0.03156,1033,integer,Time (Days) from Date of Birth to Date of Last Oncology Visit to Internal Institution,data/raw/AACR GENIE Biopharma Collaborative Public/Data Releases/PANC/1.0-public/【变量描述表格】GENIE-BPC-PANC-v1.0-public-Variable-Synopsis.xlsx::Variable Synopsis,date_or_relative_time,relative_date_or_event_interval; confirm event meaning in data dictionary,potential_future_or_outcome_field; exclude from t0 inputs unless time-aligned,false
data/raw/AACR GENIE Biopharma Collaborative Public/Data Releases/PANC/1.0-public/clinical_data/patient_level_dataset.csv,last_alive_int,last_alive_int,false,1109,0,0.0,1065,integer,Time (Days) from Date of Birth to Date Last Known Alive,data/raw/AACR GENIE Biopharma Collaborative Public/Data Releases/PANC/1.0-public/【变量描述表格】GENIE-BPC-PANC-v1.0-public-Variable-Synopsis.xlsx::Variable Synopsis,outcome,relative_date_or_event_interval; confirm event meaning in data dictionary,potential_future_or_outcome_field; exclude from t0 inputs unless time-aligned,false
data/raw/AACR GENIE Biopharma Collaborative Public/Data Releases/PANC/1.0-public/clinical_data/patient_level_dataset.csv,last_anyvisit_int,last_anyvisit_int,false,1109,122,0.110009,955,integer,Time (Days) from Date of Birth to Date of Last Known Non-Oncology Visit to Internal Institution,data/raw/AACR GENIE Biopharma Collaborative Public/Data Releases/PANC/1.0-public/【变量描述表格】GENIE-BPC-PANC-v1.0-public-Variable-Synopsis.xlsx::Variable Synopsis,date_or_relative_time,relative_date_or_event_interval; confirm event meaning in data dictionary,,false
data/raw/AACR GENIE Biopharma Collaborative Public/Data Releases/PANC/1.0-public/clinical_data/patient_level_dataset.csv,enroll_hospice_int,enroll_hospice_int,false,1109,853,0.769161,252,integer,Time (Days) from Date of Birth to Enrollment in Hospice Care,data/raw/AACR GENIE Biopharma Collaborative Public/Data Releases/PANC/1.0-public/【变量描述表格】GENIE-BPC-PANC-v1.0-public-Variable-Synopsis.xlsx::Variable Synopsis,date_or_relative_time,relative_date_or_event_interval; confirm event meaning in data dictionary,,false
data/raw/AACR GENIE Biopharma Collaborative Public/Data Releases/PANC/1.0-public/clinical_data/patient_level_dataset.csv,dob_lastalive_int,dob_lastalive_int,false,1109,0,0.0,1065,integer,Time (Days) from Date of Birth to Last Known Alive Date,data/raw/AACR GENIE Biopharma Collaborative Public/Data Releases/PANC/1.0-public/【变量描述表格】GENIE-BPC-PANC-v1.0-public-Variable-Synopsis.xlsx::Variable Synopsis,date_or_relative_time,relative_date_or_event_interval; confirm event meaning in data dictionary,,false
data/raw/AACR GENIE Biopharma Collaborative Public/Data Releases/PANC/1.0-public/clinical_data/patient_level_dataset.csv,dob_lastalive_int_mos,dob_lastalive_int_mos,false,1109,0,0.0,1065,float,Time (Months) from Date of Birth to Last Known Alive Date,data/raw/AACR GENIE Biopharma Collaborative Public/Data Releases/PANC/1.0-public/【变量描述表格】GENIE-BPC-PANC-v1.0-public-Variable-Synopsis.xlsx::Variable Synopsis,date_or_relative_time,relative_date_or_event_interval; confirm event meaning in data dictionary,,false
data/raw/AACR GENIE Biopharma Collaborative Public/Data Releases/PANC/1.0-public/clinical_data/patient_level_dataset.csv,dob_lastalive_int_yrs,dob_lastalive_int_yrs,false,1109,0,0.0,1065,float,Time (Years) from date of birth to last known alive date,data/raw/AACR GENIE Biopharma Collaborative Public/Data Releases/PANC/1.0-public/【变量描述表格】GENIE-BPC-PANC-v1.0-public-Variable-Synopsis.xlsx::Variable Synopsis,date_or_relative_time,relative_date_or_event_interval; confirm event meaning in data dictionary,,false
data/raw/AACR GENIE Biopharma Collaborative Public/Data Releases/PANC/1.0-public/clinical_data/patient_level_dataset.csv,age_last_fu_yrs,age_last_fu_yrs,false,1109,0,0.0,57,integer,Age (Years) at Last Known Alive Date,data/raw/AACR GENIE Biopharma Collaborative Public/Data Releases/PANC/1.0-public/【变量描述表格】GENIE-BPC-PANC-v1.0-public-Variable-Synopsis.xlsx::Variable Synopsis,date_or_relative_time,relative_date_or_event_interval; confirm event meaning in data dictionary,potential_future_or_outcome_field; exclude from t0 inputs unless time-aligned,false
data/raw/AACR GENIE Biopharma Collaborative Public/Data Releases/PANC/1.0-public/clinical_data/patient_level_dataset.csv,hybrid_death_int,hybrid_death_int,false,1109,230,0.207394,847,integer,Time (Days) from Date of Birth to Death,data/raw/AACR GENIE Biopharma Collaborative Public/Data Releases/PANC/1.0-public/【变量描述表格】GENIE-BPC-PANC-v1.0-public-Variable-Synopsis.xlsx::Variable Synopsis,outcome,relative_date_or_event_interval; confirm event meaning in data dictionary,potential_future_or_outcome_field; exclude from t0 inputs unless time-aligned,false
data/raw/AACR GENIE Biopharma Collaborative Public/Data Releases/PANC/1.0-public/clinical_data/patient_level_dataset.csv,age_death_yrs,age_death_yrs,false,1109,230,0.207394,55,integer,Age (Years) at Death Date,data/raw/AACR GENIE Biopharma Collaborative Public/Data Releases/PANC/1.0-public/【变量描述表格】GENIE-BPC-PANC-v1.0-public-Variable-Synopsis.xlsx::Variable Synopsis,outcome,relative_date_or_event_interval; confirm event meaning in data dictionary,potential_future_or_outcome_field; exclude from t0 inputs unless time-aligned,false
data/raw/AACR GENIE Biopharma Collaborative Public/Data Releases/PANC/1.0-public/clinical_data/patient_level_dataset.csv,hybrid_death_source,hybrid_death_source,false,1109,232,0.209197,<5,string,Source of Vital Status Information,data/raw/AACR GENIE Biopharma Collaborative Public/Data Releases/PANC/1.0-public/【变量描述表格】GENIE-BPC-PANC-v1.0-public-Variable-Synopsis.xlsx::Variable Synopsis,outcome,,potential_future_or_outcome_field; exclude from t0 inputs unless time-aligned,false
data/raw/AACR GENIE Biopharma Collaborative Public/Data Releases/PANC/1.0-public/clinical_data/patient_level_dataset.csv,n_cancers,n_cancers,false,1109,0,0.0,5,mixed_integer,"Number of Cancers, Any Type",data/raw/AACR GENIE Biopharma Collaborative Public/Data Releases/PANC/1.0-public/【变量描述表格】GENIE-BPC-PANC-v1.0-public-Variable-Synopsis.xlsx::Variable Synopsis,待确认,,,false
data/raw/AACR GENIE Biopharma Collaborative Public/Data Releases/PANC/1.0-public/clinical_data/patient_level_dataset.csv,n_cancers_index,n_cancers_index,false,1109,0,0.0,<5,mixed_integer,Number of BPC Project Cancers (Index Cancers),data/raw/AACR GENIE Biopharma Collaborative Public/Data Releases/PANC/1.0-public/【变量描述表格】GENIE-BPC-PANC-v1.0-public-Variable-Synopsis.xlsx::Variable Synopsis,待确认,,,false
data/raw/AACR GENIE Biopharma Collaborative Public/Data Releases/PANC/1.0-public/clinical_data/patient_level_dataset.csv,n_regimens_pt,n_regimens_pt,false,1109,0,0.0,14,mixed_integer,Number of Cancer-Directed Regimens Curated,data/raw/AACR GENIE Biopharma Collaborative Public/Data Releases/PANC/1.0-public/【变量描述表格】GENIE-BPC-PANC-v1.0-public-Variable-Synopsis.xlsx::Variable Synopsis,treatment,,,false
data/raw/AACR GENIE Biopharma Collaborative Public/Data Releases/PANC/1.0-public/clinical_data/patient_level_dataset.csv,n_imaging_reports_pt,n_imaging_reports_pt,false,1109,0,0.0,63,mixed_integer,Number of Imaging Reports,data/raw/AACR GENIE Biopharma Collaborative Public/Data Releases/PANC/1.0-public/【变量描述表格】GENIE-BPC-PANC-v1.0-public-Variable-Synopsis.xlsx::Variable Synopsis,date_or_relative_time,relative_date_or_event_interval; confirm event meaning in data dictionary,,false
data/raw/AACR GENIE Biopharma Collaborative Public/Data Releases/PANC/1.0-public/clinical_data/patient_level_dataset.csv,n_scans_ct_pt,n_scans_ct_pt,false,1109,0,0.0,53,mixed_integer,Number of CT Scans,data/raw/AACR GENIE Biopharma Collaborative Public/Data Releases/PANC/1.0-public/【变量描述表格】GENIE-BPC-PANC-v1.0-public-Variable-Synopsis.xlsx::Variable Synopsis,待确认,,,false
data/raw/AACR GENIE Biopharma Collaborative Public/Data Releases/PANC/1.0-public/clinical_data/patient_level_dataset.csv,n_scans_mri_pt,n_scans_mri_pt,false,1109,0,0.0,23,mixed_integer,Number of MRIs,data/raw/AACR GENIE Biopharma Collaborative Public/Data Releases/PANC/1.0-public/【变量描述表格】GENIE-BPC-PANC-v1.0-public-Variable-Synopsis.xlsx::Variable Synopsis,待确认,,,false
data/raw/AACR GENIE Biopharma Collaborative Public/Data Releases/PANC/1.0-public/clinical_data/patient_level_dataset.csv,n_scans_pet_ct_pt,n_scans_pet_ct_pt,false,1109,0,0.0,12,mixed_integer,Number of PET or PET-CT Scans,data/raw/AACR GENIE Biopharma Collaborative Public/Data Releases/PANC/1.0-public/【变量描述表格】GENIE-BPC-PANC-v1.0-public-Variable-Synopsis.xlsx::Variable Synopsis,待确认,,,false
data/raw/AACR GENIE Biopharma Collaborative Public/Data Releases/PANC/1.0-public/clinical_data/patient_level_dataset.csv,n_scans_mammog_pt,n_scans_mammog_pt,false,1109,0,0.0,5,mixed_integer,Number of Mammograms (Breast Cancer Only),data/raw/AACR GENIE Biopharma Collaborative Public/Data Releases/PANC/1.0-public/【变量描述表格】GENIE-BPC-PANC-v1.0-public-Variable-Synopsis.xlsx::Variable Synopsis,待确认,,,false
data/raw/AACR GENIE Biopharma Collaborative Public/Data Releases/PANC/1.0-public/clinical_data/patient_level_dataset.csv,n_scans_bone_pt,n_scans_bone_pt,false,1109,0,0.0,<5,mixed_integer,Number of Bone Scans,data/raw/AACR GENIE Biopharma Collaborative Public/Data Releases/PANC/1.0-public/【变量描述表格】GENIE-BPC-PANC-v1.0-public-Variable-Synopsis.xlsx::Variable Synopsis,待确认,,,false
data/raw/AACR GENIE Biopharma Collaborative Public/Data Releases/PANC/1.0-public/clinical_data/patient_level_dataset.csv,n_scans_other_pt,n_scans_other_pt,false,1109,0,0.0,<5,mixed_integer,Number of Other Scans,data/raw/AACR GENIE Biopharma Collaborative Public/Data Releases/PANC/1.0-public/【变量描述表格】GENIE-BPC-PANC-v1.0-public-Variable-Synopsis.xlsx::Variable Synopsis,待确认,,,false
data/raw/AACR GENIE Biopharma Collaborative Public/Data Releases/PANC/1.0-public/clinical_data/patient_level_dataset.csv,n_path_reports_pt,n_path_reports_pt,false,1109,0,0.0,18,mixed_integer,Number of Pathology Reports,data/raw/AACR GENIE Biopharma Collaborative Public/Data Releases/PANC/1.0-public/【变量描述表格】GENIE-BPC-PANC-v1.0-public-Variable-Synopsis.xlsx::Variable Synopsis,date_or_relative_time,relative_date_or_event_interval; confirm event meaning in data dictionary,,false
data/raw/AACR GENIE Biopharma Collaborative Public/Data Releases/PANC/1.0-public/clinical_data/patient_level_dataset.csv,n_md_notes_pt,n_md_notes_pt,false,1109,0,0.0,66,mixed_integer,Number of Medical Oncologist Assessments Curated,data/raw/AACR GENIE Biopharma Collaborative Public/Data Releases/PANC/1.0-public/【变量描述表格】GENIE-BPC-PANC-v1.0-public-Variable-Synopsis.xlsx::Variable Synopsis,待确认,,,false
data/raw/AACR GENIE Biopharma Collaborative Public/Data Releases/PANC/1.0-public/clinical_data/patient_level_dataset.csv,n_tm_pt,n_tm_pt,false,1109,0,0.0,91,mixed_integer,Number of Tumor Marker Results,data/raw/AACR GENIE Biopharma Collaborative Public/Data Releases/PANC/1.0-public/【变量描述表格】GENIE-BPC-PANC-v1.0-public-Variable-Synopsis.xlsx::Variable Synopsis,待确认,,,false
data/raw/AACR GENIE Biopharma Collaborative Public/Data Releases/PANC/1.0-public/clinical_data/patient_level_dataset.csv,n_tm_afp_pt,n_tm_afp_pt,false,1109,0,0.0,<5,boolean,Number of Tumor Marker AFP Results,data/raw/AACR GENIE Biopharma Collaborative Public/Data Releases/PANC/1.0-public/【变量描述表格】GENIE-BPC-PANC-v1.0-public-Variable-Synopsis.xlsx::Variable Synopsis,待确认,,,false
data/raw/AACR GENIE Biopharma Collaborative Public/Data Releases/PANC/1.0-public/clinical_data/patient_level_dataset.csv,n_tm_bh_cg_pt,n_tm_bh_cg_pt,false,1109,0,0.0,<5,boolean,Number of Tumor Marker BhCG Results,data/raw/AACR GENIE Biopharma Collaborative Public/Data Releases/PANC/1.0-public/【变量描述表格】GENIE-BPC-PANC-v1.0-public-Variable-Synopsis.xlsx::Variable Synopsis,待确认,,,false
data/raw/AACR GENIE Biopharma Collaborative Public/Data Releases/PANC/1.0-public/clinical_data/patient_level_dataset.csv,n_tm_ca125_pt,n_tm_ca125_pt,false,1109,0,0.0,<5,boolean,Number of Tumor Marker CA125 Results,data/raw/AACR GENIE Biopharma Collaborative Public/Data Releases/PANC/1.0-public/【变量描述表格】GENIE-BPC-PANC-v1.0-public-Variable-Synopsis.xlsx::Variable Synopsis,待确认,,,false
data/raw/AACR GENIE Biopharma Collaborative Public/Data Releases/PANC/1.0-public/clinical_data/patient_level_dataset.csv,n_tm_ca15_3_pt,n_tm_ca15_3_pt,false,1109,0,0.0,<5,boolean,Number of Tumor Marker CA15-3 Results,data/raw/AACR GENIE Biopharma Collaborative Public/Data Releases/PANC/1.0-public/【变量描述表格】GENIE-BPC-PANC-v1.0-public-Variable-Synopsis.xlsx::Variable Synopsis,待确认,,,false
data/raw/AACR GENIE Biopharma Collaborative Public/Data Releases/PANC/1.0-public/clinical_data/patient_level_dataset.csv,n_tm_ca19_9_pt,n_tm_ca19_9_pt,false,1109,0,0.0,72,mixed_integer,Number of Tumor Marker CA19-9 Results,data/raw/AACR GENIE Biopharma Collaborative Public/Data Releases/PANC/1.0-public/【变量描述表格】GENIE-BPC-PANC-v1.0-public-Variable-Synopsis.xlsx::Variable Synopsis,待确认,,,false
data/raw/AACR GENIE Biopharma Collaborative Public/Data Releases/PANC/1.0-public/clinical_data/patient_level_dataset.csv,n_tm_ca2729_pt,n_tm_ca2729_pt,false,1109,0,0.0,<5,boolean,Number of Tumor Marker CA2729 Results,data/raw/AACR GENIE Biopharma Collaborative Public/Data Releases/PANC/1.0-public/【变量描述表格】GENIE-BPC-PANC-v1.0-public-Variable-Synopsis.xlsx::Variable Synopsis,待确认,,,false
data/raw/AACR GENIE Biopharma Collaborative Public/Data Releases/PANC/1.0-public/clinical_data/patient_level_dataset.csv,n_tm_calcitonin_pt,n_tm_calcitonin_pt,false,1109,0,0.0,<5,boolean,Number of Tumor Marker Calcitonin Results,data/raw/AACR GENIE Biopharma Collaborative Public/Data Releases/PANC/1.0-public/【变量描述表格】GENIE-BPC-PANC-v1.0-public-Variable-Synopsis.xlsx::Variable Synopsis,待确认,,,false
data/raw/AACR GENIE Biopharma Collaborative Public/Data Releases/PANC/1.0-public/clinical_data/patient_level_dataset.csv,n_tm_cea_pt,n_tm_cea_pt,false,1109,0,0.0,51,mixed_integer,Number of Tumor Marker CEA Results,data/raw/AACR GENIE Biopharma Collaborative Public/Data Releases/PANC/1.0-public/【变量描述表格】GENIE-BPC-PANC-v1.0-public-Variable-Synopsis.xlsx::Variable Synopsis,待确认,,,false
data/raw/AACR GENIE Biopharma Collaborative Public/Data Releases/PANC/1.0-public/clinical_data/patient_level_dataset.csv,n_tm_chromogranin_a_pt,n_tm_chromogranin_a_pt,false,1109,0,0.0,<5,boolean,Number of Tumor Marker Chromogranin A Results,data/raw/AACR GENIE Biopharma Collaborative Public/Data Releases/PANC/1.0-public/【变量描述表格】GENIE-BPC-PANC-v1.0-public-Variable-Synopsis.xlsx::Variable Synopsis,待确认,,,false
data/raw/AACR GENIE Biopharma Collaborative Public/Data Releases/PANC/1.0-public/clinical_data/patient_level_dataset.csv,n_tm_ldh_pt,n_tm_ldh_pt,false,1109,0,0.0,<5,boolean,Number of Tumor Marker LDH Results,data/raw/AACR GENIE Biopharma Collaborative Public/Data Releases/PANC/1.0-public/【变量描述表格】GENIE-BPC-PANC-v1.0-public-Variable-Synopsis.xlsx::Variable Synopsis,待确认,,,false
data/raw/AACR GENIE Biopharma Collaborative Public/Data Releases/PANC/1.0-public/clinical_data/patient_level_dataset.csv,n_tm_psa_pt,n_tm_psa_pt,false,1109,0,0.0,<5,boolean,Number of Tumor Marker PSA Results,data/raw/AACR GENIE Biopharma Collaborative Public/Data Releases/PANC/1.0-public/【变量描述表格】GENIE-BPC-PANC-v1.0-public-Variable-Synopsis.xlsx::Variable Synopsis,待确认,,,false
data/raw/AACR GENIE Biopharma Collaborative Public/Data Releases/PANC/1.0-public/clinical_data/patient_level_dataset.csv,n_tm_nse_pt,n_tm_nse_pt,false,1109,0,0.0,<5,boolean,Number of Tumor Marker NSE Results,data/raw/AACR GENIE Biopharma Collaborative Public/Data Releases/PANC/1.0-public/【变量描述表格】GENIE-BPC-PANC-v1.0-public-Variable-Synopsis.xlsx::Variable Synopsis,待确认,,,false
data/raw/AACR GENIE Biopharma Collaborative Public/Data Releases/PANC/1.0-public/clinical_data/patient_level_dataset.csv,n_tm_testosterone_pt,n_tm_testosterone_pt,false,1109,0,0.0,<5,boolean,Number of Tumor Marker Testosterone Results,data/raw/AACR GENIE Biopharma Collaborative Public/Data Releases/PANC/1.0-public/【变量描述表格】GENIE-BPC-PANC-v1.0-public-Variable-Synopsis.xlsx::Variable Synopsis,待确认,,,false
data/raw/AACR GENIE Biopharma Collaborative Public/Data Releases/PANC/1.0-public/clinical_data/patient_level_dataset.csv,n_tm_thyroglobulin_pt,n_tm_thyroglobulin_pt,false,1109,0,0.0,<5,boolean,Number of Tumor Marker Thyroglobulin Results,data/raw/AACR GENIE Biopharma Collaborative Public/Data Releases/PANC/1.0-public/【变量描述表格】GENIE-BPC-PANC-v1.0-public-Variable-Synopsis.xlsx::Variable Synopsis,待确认,,,false
data/raw/AACR GENIE Biopharma Collaborative Public/Data Releases/PANC/1.0-public/clinical_data/patient_level_dataset.csv,n_cpt_pt,n_cpt_pt,false,1109,0,0.0,<5,mixed_integer,Number of Eligible Cancer Panel Tests Curated,data/raw/AACR GENIE Biopharma Collaborative Public/Data Releases/PANC/1.0-public/【变量描述表格】GENIE-BPC-PANC-v1.0-public-Variable-Synopsis.xlsx::Variable Synopsis,待确认,,,false
data/raw/AACR GENIE Biopharma Collaborative Public/Data Releases/PANC/1.0-public/clinical_data/patient_level_dataset.csv,n_rt_pt,n_rt_pt,false,1109,0,0.0,8,mixed_integer,Number of Radiation Therapies Curated,data/raw/AACR GENIE Biopharma Collaborative Public/Data Releases/PANC/1.0-public/【变量描述表格】GENIE-BPC-PANC-v1.0-public-Variable-Synopsis.xlsx::Variable Synopsis,待确认,,,false
data/raw/AACR GENIE Biopharma Collaborative Public/Data Releases/PANC/1.0-public/clinical_data/patient_level_dataset.csv,release_version,release_version,false,1109,0,0.0,<5,string,Release Version Number,data/raw/AACR GENIE Biopharma Collaborative Public/Data Releases/PANC/1.0-public/【变量描述表格】GENIE-BPC-PANC-v1.0-public-Variable-Synopsis.xlsx::Variable Synopsis,source_or_version,,,false
data/raw/AACR GENIE Biopharma Collaborative Public/Data Releases/PANC/1.0-public/clinical_data/regimen_cancer_level_dataset.csv,cohort,cohort,false,3153,0,0.0,<5,string,BPC Project Cohort,data/raw/AACR GENIE Biopharma Collaborative Public/Data Releases/PANC/1.0-public/【变量描述表格】GENIE-BPC-PANC-v1.0-public-Variable-Synopsis.xlsx::Variable Synopsis,source_or_version,,,false
data/raw/AACR GENIE Biopharma Collaborative Public/Data Releases/PANC/1.0-public/clinical_data/regimen_cancer_level_dataset.csv,record_id,record_id,false,3153,0,0.0,1037,string,Record ID,data/raw/AACR GENIE Biopharma Collaborative Public/Data Releases/PANC/1.0-public/【变量描述表格】GENIE-BPC-PANC-v1.0-public-Variable-Synopsis.xlsx::Variable Synopsis,patient_key_or_patient_level,,,false
data/raw/AACR GENIE Biopharma Collaborative Public/Data Releases/PANC/1.0-public/clinical_data/regimen_cancer_level_dataset.csv,institution,institution,false,3153,0,0.0,<5,string,Institution,data/raw/AACR GENIE Biopharma Collaborative Public/Data Releases/PANC/1.0-public/【变量描述表格】GENIE-BPC-PANC-v1.0-public-Variable-Synopsis.xlsx::Variable Synopsis,source_or_version,,,false
data/raw/AACR GENIE Biopharma Collaborative Public/Data Releases/PANC/1.0-public/clinical_data/regimen_cancer_level_dataset.csv,ca_seq,ca_seq,false,3153,0,0.0,5,mixed_integer,Cancer Diagnosis Number Associated with NGS Test,data/raw/AACR GENIE Biopharma Collaborative Public/Data Releases/PANC/1.0-public/【变量描述表格】GENIE-BPC-PANC-v1.0-public-Variable-Synopsis.xlsx::Variable Synopsis,diagnosis_or_disease_status,,,false
data/raw/AACR GENIE Biopharma Collaborative Public/Data Releases/PANC/1.0-public/clinical_data/regimen_cancer_level_dataset.csv,regimen_number,regimen_number,false,3153,0,0.0,15,mixed_integer,Regimen Number,data/raw/AACR GENIE Biopharma Collaborative Public/Data Releases/PANC/1.0-public/【变量描述表格】GENIE-BPC-PANC-v1.0-public-Variable-Synopsis.xlsx::Variable Synopsis,treatment,,,false
data/raw/AACR GENIE Biopharma Collaborative Public/Data Releases/PANC/1.0-public/clinical_data/regimen_cancer_level_dataset.csv,regimen_number_within_cancer,regimen_number_within_cancer,false,3153,0,0.0,15,mixed_integer,Regimen Number Within Cancer Diagnosis,data/raw/AACR GENIE Biopharma Collaborative Public/Data Releases/PANC/1.0-public/【变量描述表格】GENIE-BPC-PANC-v1.0-public-Variable-Synopsis.xlsx::Variable Synopsis,treatment,,,false
data/raw/AACR GENIE Biopharma Collaborative Public/Data Releases/PANC/1.0-public/clinical_data/regimen_cancer_level_dataset.csv,redcap_ca_index,redcap_ca_index,false,3153,0,0.0,<5,boolean,BPC Project (Index) Cancer Indicator,data/raw/AACR GENIE Biopharma Collaborative Public/Data Releases/PANC/1.0-public/【变量描述表格】GENIE-BPC-PANC-v1.0-public-Variable-Synopsis.xlsx::Variable Synopsis,待确认,,,false
data/raw/AACR GENIE Biopharma Collaborative Public/Data Releases/PANC/1.0-public/clinical_data/regimen_cancer_level_dataset.csv,drugs_num,drugs_num,false,3153,0,0.0,5,mixed_integer,Number of Cancer-Directed Drugs in a Regimen,data/raw/AACR GENIE Biopharma Collaborative Public/Data Releases/PANC/1.0-public/【变量描述表格】GENIE-BPC-PANC-v1.0-public-Variable-Synopsis.xlsx::Variable Synopsis,treatment,,,false
data/raw/AACR GENIE Biopharma Collaborative Public/Data Releases/PANC/1.0-public/clinical_data/regimen_cancer_level_dataset.csv,drugs_inst,drugs_inst,false,3153,0,0.0,<5,string,Institution That Administered/Ordered Regimen,data/raw/AACR GENIE Biopharma Collaborative Public/Data Releases/PANC/1.0-public/【变量描述表格】GENIE-BPC-PANC-v1.0-public-Variable-Synopsis.xlsx::Variable Synopsis,treatment,,,false
data/raw/AACR GENIE Biopharma Collaborative Public/Data Releases/PANC/1.0-public/clinical_data/regimen_cancer_level_dataset.csv,drugs_firstinst,drugs_firstinst,false,3153,3083,0.977799,<5,string,Institution That First Ordered the Regimen,data/raw/AACR GENIE Biopharma Collaborative Public/Data Releases/PANC/1.0-public/【变量描述表格】GENIE-BPC-PANC-v1.0-public-Variable-Synopsis.xlsx::Variable Synopsis,treatment,,,false
data/raw/AACR GENIE Biopharma Collaborative Public/Data Releases/PANC/1.0-public/clinical_data/regimen_cancer_level_dataset.csv,drugs_ct_yn,drugs_ct_yn,false,3153,0,0.0,<5,boolean,Regimen Was Part of a Clinical Trial,data/raw/AACR GENIE Biopharma Collaborative Public/Data Releases/PANC/1.0-public/【变量描述表格】GENIE-BPC-PANC-v1.0-public-Variable-Synopsis.xlsx::Variable Synopsis,treatment,,,false
data/raw/AACR GENIE Biopharma Collaborative Public/Data Releases/PANC/1.0-public/clinical_data/regimen_cancer_level_dataset.csv,drugs_dc_ynu,drugs_dc_ynu,false,3153,0,0.0,<5,mixed_string,Regimen Discontinuation Status,data/raw/AACR GENIE Biopharma Collaborative Public/Data Releases/PANC/1.0-public/【变量描述表格】GENIE-BPC-PANC-v1.0-public-Variable-Synopsis.xlsx::Variable Synopsis,treatment,,,false
data/raw/AACR GENIE Biopharma Collaborative Public/Data Releases/PANC/1.0-public/clinical_data/regimen_cancer_level_dataset.csv,regimen_drugs,regimen_drugs,false,3153,0,0.0,188,string,Names of Drugs in Regimen,data/raw/AACR GENIE Biopharma Collaborative Public/Data Releases/PANC/1.0-public/【变量描述表格】GENIE-BPC-PANC-v1.0-public-Variable-Synopsis.xlsx::Variable Synopsis,treatment,,,false
data/raw/AACR GENIE Biopharma Collaborative Public/Data Releases/PANC/1.0-public/clinical_data/regimen_cancer_level_dataset.csv,drugs_drug_1,drugs_drug_1,false,3153,0,0.0,70,string,"Name of Cancer-Directed Drug in Regimen, Drug 1",data/raw/AACR GENIE Biopharma Collaborative Public/Data Releases/PANC/1.0-public/【变量描述表格】GENIE-BPC-PANC-v1.0-public-Variable-Synopsis.xlsx::Variable Synopsis,treatment,,,false
data/raw/AACR GENIE Biopharma Collaborative Public/Data Releases/PANC/1.0-public/clinical_data/regimen_cancer_level_dataset.csv,drugs_drug_2,drugs_drug_2,false,3153,781,0.247701,50,string,"Name of Cancer-Directed Drug in Regimen, Drug 2",data/raw/AACR GENIE Biopharma Collaborative Public/Data Releases/PANC/1.0-public/【变量描述表格】GENIE-BPC-PANC-v1.0-public-Variable-Synopsis.xlsx::Variable Synopsis,treatment,,,false
data/raw/AACR GENIE Biopharma Collaborative Public/Data Releases/PANC/1.0-public/clinical_data/regimen_cancer_level_dataset.csv,drugs_drug_3,drugs_drug_3,false,3153,1862,0.590549,23,string,"Name of Cancer-Directed Drug in Regimen, Drug 3",data/raw/AACR GENIE Biopharma Collaborative Public/Data Releases/PANC/1.0-public/【变量描述表格】GENIE-BPC-PANC-v1.0-public-Variable-Synopsis.xlsx::Variable Synopsis,treatment,,,false
data/raw/AACR GENIE Biopharma Collaborative Public/Data Releases/PANC/1.0-public/clinical_data/regimen_cancer_level_dataset.csv,drugs_drug_4,drugs_drug_4,false,3153,2389,0.757691,17,string,"Name of Cancer-Directed Drug in Regimen, Drug 4",data/raw/AACR GENIE Biopharma Collaborative Public/Data Releases/PANC/1.0-public/【变量描述表格】GENIE-BPC-PANC-v1.0-public-Variable-Synopsis.xlsx::Variable Synopsis,treatment,,,false
data/raw/AACR GENIE Biopharma Collaborative Public/Data Releases/PANC/1.0-public/clinical_data/regimen_cancer_level_dataset.csv,drugs_drug_5,drugs_drug_5,false,3153,3147,0.998097,5,string,"Name of Cancer-Directed Drug in Regimen, Drug 5",data/raw/AACR GENIE Biopharma Collaborative Public/Data Releases/PANC/1.0-public/【变量描述表格】GENIE-BPC-PANC-v1.0-public-Variable-Synopsis.xlsx::Variable Synopsis,treatment,,,false
data/raw/AACR GENIE Biopharma Collaborative Public/Data Releases/PANC/1.0-public/clinical_data/regimen_cancer_level_dataset.csv,drugs_startdt_int_1,drugs_startdt_int_1,false,3153,0,0.0,2808,integer,Time (Days) from date of birth to start of drug 1,data/raw/AACR GENIE Biopharma Collaborative Public/Data Releases/PANC/1.0-public/【变量描述表格】GENIE-BPC-PANC-v1.0-public-Variable-Synopsis.xlsx::Variable Synopsis,treatment,relative_date_or_event_interval; confirm event meaning in data dictionary,,false
data/raw/AACR GENIE Biopharma Collaborative Public/Data Releases/PANC/1.0-public/clinical_data/regimen_cancer_level_dataset.csv,drugs_startdt_int_2,drugs_startdt_int_2,false,3153,781,0.247701,2158,integer,Time (Days) from date of birth to start of drug 2,data/raw/AACR GENIE Biopharma Collaborative Public/Data Releases/PANC/1.0-public/【变量描述表格】GENIE-BPC-PANC-v1.0-public-Variable-Synopsis.xlsx::Variable Synopsis,treatment,relative_date_or_event_interval; confirm event meaning in data dictionary,,false
data/raw/AACR GENIE Biopharma Collaborative Public/Data Releases/PANC/1.0-public/clinical_data/regimen_cancer_level_dataset.csv,drugs_startdt_int_3,drugs_startdt_int_3,false,3153,1862,0.590549,1220,integer,Time (Days) from date of birth to start of drug 3,data/raw/AACR GENIE Biopharma Collaborative Public/Data Releases/PANC/1.0-public/【变量描述表格】GENIE-BPC-PANC-v1.0-public-Variable-Synopsis.xlsx::Variable Synopsis,treatment,relative_date_or_event_interval; confirm event meaning in data dictionary,,false
data/raw/AACR GENIE Biopharma Collaborative Public/Data Releases/PANC/1.0-public/clinical_data/regimen_cancer_level_dataset.csv,drugs_startdt_int_4,drugs_startdt_int_4,false,3153,2389,0.757691,735,integer,Time (Days) from date of birth to start of drug 4,data/raw/AACR GENIE Biopharma Collaborative Public/Data Releases/PANC/1.0-public/【变量描述表格】GENIE-BPC-PANC-v1.0-public-Variable-Synopsis.xlsx::Variable Synopsis,treatment,relative_date_or_event_interval; confirm event meaning in data dictionary,,false
data/raw/AACR GENIE Biopharma Collaborative Public/Data Releases/PANC/1.0-public/clinical_data/regimen_cancer_level_dataset.csv,drugs_startdt_int_5,drugs_startdt_int_5,false,3153,3147,0.998097,6,integer,Time (Days) from date of birth to start of drug 5,data/raw/AACR GENIE Biopharma Collaborative Public/Data Releases/PANC/1.0-public/【变量描述表格】GENIE-BPC-PANC-v1.0-public-Variable-Synopsis.xlsx::Variable Synopsis,treatment,relative_date_or_event_interval; confirm event meaning in data dictionary,,false
data/raw/AACR GENIE Biopharma Collaborative Public/Data Releases/PANC/1.0-public/clinical_data/regimen_cancer_level_dataset.csv,dx_drug_start_int_1,dx_drug_start_int_1,false,3153,0,0.0,1149,mixed_integer,"Time (Days) from Cancer Diagnosis to Start of Cancer-Directed Drug in Regimen, Drug 1",data/raw/AACR GENIE Biopharma Collaborative Public/Data Releases/PANC/1.0-public/【变量描述表格】GENIE-BPC-PANC-v1.0-public-Variable-Synopsis.xlsx::Variable Synopsis,treatment,relative_date_or_event_interval; confirm event meaning in data dictionary,,false
data/raw/AACR GENIE Biopharma Collaborative Public/Data Releases/PANC/1.0-public/clinical_data/regimen_cancer_level_dataset.csv,dx_drug_start_int_2,dx_drug_start_int_2,false,3153,781,0.247701,968,mixed_integer,"Time (Days) from Cancer Diagnosis to Start of Cancer-Directed Drug in Regimen, Drug 2",data/raw/AACR GENIE Biopharma Collaborative Public/Data Releases/PANC/1.0-public/【变量描述表格】GENIE-BPC-PANC-v1.0-public-Variable-Synopsis.xlsx::Variable Synopsis,treatment,relative_date_or_event_interval; confirm event meaning in data dictionary,,false
data/raw/AACR GENIE Biopharma Collaborative Public/Data Releases/PANC/1.0-public/clinical_data/regimen_cancer_level_dataset.csv,dx_drug_start_int_3,dx_drug_start_int_3,false,3153,1862,0.590549,615,mixed_integer,"Time (Days) from Cancer Diagnosis to Start of Cancer-Directed Drug in Regimen, Drug 3",data/raw/AACR GENIE Biopharma Collaborative Public/Data Releases/PANC/1.0-public/【变量描述表格】GENIE-BPC-PANC-v1.0-public-Variable-Synopsis.xlsx::Variable Synopsis,treatment,relative_date_or_event_interval; confirm event meaning in data dictionary,,false
data/raw/AACR GENIE Biopharma Collaborative Public/Data Releases/PANC/1.0-public/clinical_data/regimen_cancer_level_dataset.csv,dx_drug_start_int_4,dx_drug_start_int_4,false,3153,2389,0.757691,329,mixed_integer,"Time (Days) from Cancer Diagnosis to Start of Cancer-Directed Drug in Regimen, Drug 4",data/raw/AACR GENIE Biopharma Collaborative Public/Data Releases/PANC/1.0-public/【变量描述表格】GENIE-BPC-PANC-v1.0-public-Variable-Synopsis.xlsx::Variable Synopsis,treatment,relative_date_or_event_interval; confirm event meaning in data dictionary,,false
data/raw/AACR GENIE Biopharma Collaborative Public/Data Releases/PANC/1.0-public/clinical_data/regimen_cancer_level_dataset.csv,dx_drug_start_int_5,dx_drug_start_int_5,false,3153,3147,0.998097,6,integer,"Time (Days) from Cancer Diagnosis to Start of Cancer-Directed Drug in Regimen, Drug 5",data/raw/AACR GENIE Biopharma Collaborative Public/Data Releases/PANC/1.0-public/【变量描述表格】GENIE-BPC-PANC-v1.0-public-Variable-Synopsis.xlsx::Variable Synopsis,treatment,relative_date_or_event_interval; confirm event meaning in data dictionary,,false
data/raw/AACR GENIE Biopharma Collaborative Public/Data Releases/PANC/1.0-public/clinical_data/regimen_cancer_level_dataset.csv,dx_drug_start_int_mos_1,dx_drug_start_int_mos_1,false,3153,0,0.0,1149,mixed_float,Time (Months) from associated cancer diagnosis to start of drug 1,data/raw/AACR GENIE Biopharma Collaborative Public/Data Releases/PANC/1.0-public/【变量描述表格】GENIE-BPC-PANC-v1.0-public-Variable-Synopsis.xlsx::Variable Synopsis,treatment,relative_date_or_event_interval; confirm event meaning in data dictionary,potential_future_or_outcome_field; exclude from t0 inputs unless time-aligned,false
data/raw/AACR GENIE Biopharma Collaborative Public/Data Releases/PANC/1.0-public/clinical_data/regimen_cancer_level_dataset.csv,dx_drug_start_int_mos_2,dx_drug_start_int_mos_2,false,3153,781,0.247701,968,mixed_float,Time (Months) from associated cancer diagnosis to start of drug 2,data/raw/AACR GENIE Biopharma Collaborative Public/Data Releases/PANC/1.0-public/【变量描述表格】GENIE-BPC-PANC-v1.0-public-Variable-Synopsis.xlsx::Variable Synopsis,treatment,relative_date_or_event_interval; confirm event meaning in data dictionary,potential_future_or_outcome_field; exclude from t0 inputs unless time-aligned,false
data/raw/AACR GENIE Biopharma Collaborative Public/Data Releases/PANC/1.0-public/clinical_data/regimen_cancer_level_dataset.csv,dx_drug_start_int_mos_3,dx_drug_start_int_mos_3,false,3153,1862,0.590549,615,mixed_float,Time (Months) from associated cancer diagnosis to start of drug 3,data/raw/AACR GENIE Biopharma Collaborative Public/Data Releases/PANC/1.0-public/【变量描述表格】GENIE-BPC-PANC-v1.0-public-Variable-Synopsis.xlsx::Variable Synopsis,treatment,relative_date_or_event_interval; confirm event meaning in data dictionary,potential_future_or_outcome_field; exclude from t0 inputs unless time-aligned,false
data/raw/AACR GENIE Biopharma Collaborative Public/Data Releases/PANC/1.0-public/clinical_data/regimen_cancer_level_dataset.csv,dx_drug_start_int_mos_4,dx_drug_start_int_mos_4,false,3153,2389,0.757691,329,mixed_float,Time (Months) from associated cancer diagnosis to start of drug 4,data/raw/AACR GENIE Biopharma Collaborative Public/Data Releases/PANC/1.0-public/【变量描述表格】GENIE-BPC-PANC-v1.0-public-Variable-Synopsis.xlsx::Variable Synopsis,treatment,relative_date_or_event_interval; confirm event meaning in data dictionary,potential_future_or_outcome_field; exclude from t0 inputs unless time-aligned,false
data/raw/AACR GENIE Biopharma Collaborative Public/Data Releases/PANC/1.0-public/clinical_data/regimen_cancer_level_dataset.csv,dx_drug_start_int_mos_5,dx_drug_start_int_mos_5,false,3153,3147,0.998097,6,float,Time (Months) from associated cancer diagnosis to start of drug 5,data/raw/AACR GENIE Biopharma Collaborative Public/Data Releases/PANC/1.0-public/【变量描述表格】GENIE-BPC-PANC-v1.0-public-Variable-Synopsis.xlsx::Variable Synopsis,treatment,relative_date_or_event_interval; confirm event meaning in data dictionary,potential_future_or_outcome_field; exclude from t0 inputs unless time-aligned,false
data/raw/AACR GENIE Biopharma Collaborative Public/Data Releases/PANC/1.0-public/clinical_data/regimen_cancer_level_dataset.csv,dx_drug_end_int_1,dx_drug_end_int_1,false,3153,281,0.089121,1177,integer,Time (Days) from associated cancer diagnosis to end of drug 1,data/raw/AACR GENIE Biopharma Collaborative Public/Data Releases/PANC/1.0-public/【变量描述表格】GENIE-BPC-PANC-v1.0-public-Variable-Synopsis.xlsx::Variable Synopsis,treatment,relative_date_or_event_interval; confirm event meaning in data dictionary,potential_future_or_outcome_field; exclude from t0 inputs unless time-aligned,false
data/raw/AACR GENIE Biopharma Collaborative Public/Data Releases/PANC/1.0-public/clinical_data/regimen_cancer_level_dataset.csv,dx_drug_end_int_2,dx_drug_end_int_2,false,3153,975,0.309229,1017,integer,Time (Days) from associated cancer diagnosis to end of drug 2,data/raw/AACR GENIE Biopharma Collaborative Public/Data Releases/PANC/1.0-public/【变量描述表格】GENIE-BPC-PANC-v1.0-public-Variable-Synopsis.xlsx::Variable Synopsis,treatment,relative_date_or_event_interval; confirm event meaning in data dictionary,potential_future_or_outcome_field; exclude from t0 inputs unless time-aligned,false
data/raw/AACR GENIE Biopharma Collaborative Public/Data Releases/PANC/1.0-public/clinical_data/regimen_cancer_level_dataset.csv,dx_drug_end_int_3,dx_drug_end_int_3,false,3153,1974,0.62607,691,integer,Time (Days) from associated cancer diagnosis to end of drug 3,data/raw/AACR GENIE Biopharma Collaborative Public/Data Releases/PANC/1.0-public/【变量描述表格】GENIE-BPC-PANC-v1.0-public-Variable-Synopsis.xlsx::Variable Synopsis,treatment,relative_date_or_event_interval; confirm event meaning in data dictionary,potential_future_or_outcome_field; exclude from t0 inputs unless time-aligned,false
data/raw/AACR GENIE Biopharma Collaborative Public/Data Releases/PANC/1.0-public/clinical_data/regimen_cancer_level_dataset.csv,dx_drug_end_int_4,dx_drug_end_int_4,false,3153,2427,0.769743,436,integer,Time (Days) from associated cancer diagnosis to end of drug 4,data/raw/AACR GENIE Biopharma Collaborative Public/Data Releases/PANC/1.0-public/【变量描述表格】GENIE-BPC-PANC-v1.0-public-Variable-Synopsis.xlsx::Variable Synopsis,treatment,relative_date_or_event_interval; confirm event meaning in data dictionary,potential_future_or_outcome_field; exclude from t0 inputs unless time-aligned,false
data/raw/AACR GENIE Biopharma Collaborative Public/Data Releases/PANC/1.0-public/clinical_data/regimen_cancer_level_dataset.csv,dx_drug_end_int_5,dx_drug_end_int_5,false,3153,3151,0.999366,<5,integer,Time (Days) from associated cancer diagnosis to end of drug 5,data/raw/AACR GENIE Biopharma Collaborative Public/Data Releases/PANC/1.0-public/【变量描述表格】GENIE-BPC-PANC-v1.0-public-Variable-Synopsis.xlsx::Variable Synopsis,treatment,relative_date_or_event_interval; confirm event meaning in data dictionary,potential_future_or_outcome_field; exclude from t0 inputs unless time-aligned,false
data/raw/AACR GENIE Biopharma Collaborative Public/Data Releases/PANC/1.0-public/clinical_data/regimen_cancer_level_dataset.csv,dx_drug_end_int_mos_1,dx_drug_end_int_mos_1,false,3153,281,0.089121,1177,float,Time (Months) from associated cancer diagnosis to end of drug 1,data/raw/AACR GENIE Biopharma Collaborative Public/Data Releases/PANC/1.0-public/【变量描述表格】GENIE-BPC-PANC-v1.0-public-Variable-Synopsis.xlsx::Variable Synopsis,treatment,relative_date_or_event_interval; confirm event meaning in data dictionary,potential_future_or_outcome_field; exclude from t0 inputs unless time-aligned,false
data/raw/AACR GENIE Biopharma Collaborative Public/Data Releases/PANC/1.0-public/clinical_data/regimen_cancer_level_dataset.csv,dx_drug_end_int_mos_2,dx_drug_end_int_mos_2,false,3153,975,0.309229,1017,float,Time (Months) from associated cancer diagnosis to end of drug 2,data/raw/AACR GENIE Biopharma Collaborative Public/Data Releases/PANC/1.0-public/【变量描述表格】GENIE-BPC-PANC-v1.0-public-Variable-Synopsis.xlsx::Variable Synopsis,treatment,relative_date_or_event_interval; confirm event meaning in data dictionary,potential_future_or_outcome_field; exclude from t0 inputs unless time-aligned,false
data/raw/AACR GENIE Biopharma Collaborative Public/Data Releases/PANC/1.0-public/clinical_data/regimen_cancer_level_dataset.csv,dx_drug_end_int_mos_3,dx_drug_end_int_mos_3,false,3153,1974,0.62607,691,float,Time (Months) from associated cancer diagnosis to end of drug 3,data/raw/AACR GENIE Biopharma Collaborative Public/Data Releases/PANC/1.0-public/【变量描述表格】GENIE-BPC-PANC-v1.0-public-Variable-Synopsis.xlsx::Variable Synopsis,treatment,relative_date_or_event_interval; confirm event meaning in data dictionary,potential_future_or_outcome_field; exclude from t0 inputs unless time-aligned,false
data/raw/AACR GENIE Biopharma Collaborative Public/Data Releases/PANC/1.0-public/clinical_data/regimen_cancer_level_dataset.csv,dx_drug_end_int_mos_4,dx_drug_end_int_mos_4,false,3153,2427,0.769743,436,float,Time (Months) from associated cancer diagnosis to end of drug 4,data/raw/AACR GENIE Biopharma Collaborative Public/Data Releases/PANC/1.0-public/【变量描述表格】GENIE-BPC-PANC-v1.0-public-Variable-Synopsis.xlsx::Variable Synopsis,treatment,relative_date_or_event_interval; confirm event meaning in data dictionary,potential_future_or_outcome_field; exclude from t0 inputs unless time-aligned,false
data/raw/AACR GENIE Biopharma Collaborative Public/Data Releases/PANC/1.0-public/clinical_data/regimen_cancer_level_dataset.csv,dx_drug_end_int_mos_5,dx_drug_end_int_mos_5,false,3153,3151,0.999366,<5,float,Time (Months) from associated cancer diagnosis to end of drug 5,data/raw/AACR GENIE Biopharma Collaborative Public/Data Releases/PANC/1.0-public/【变量描述表格】GENIE-BPC-PANC-v1.0-public-Variable-Synopsis.xlsx::Variable Synopsis,treatment,relative_date_or_event_interval; confirm event meaning in data dictionary,potential_future_or_outcome_field; exclude from t0 inputs unless time-aligned,false
data/raw/AACR GENIE Biopharma Collaborative Public/Data Releases/PANC/1.0-public/clinical_data/regimen_cancer_level_dataset.csv,dx_drug_end_or_lastadm_int_1,dx_drug_end_or_lastadm_int_1,false,3153,172,0.054551,1221,integer,Time (Days) from Associated Cancer Diagnosis to End Date or Last Known Administration Date of Drug 1,data/raw/AACR GENIE Biopharma Collaborative Public/Data Releases/PANC/1.0-public/【变量描述表格】GENIE-BPC-PANC-v1.0-public-Variable-Synopsis.xlsx::Variable Synopsis,treatment,relative_date_or_event_interval; confirm event meaning in data dictionary,potential_future_or_outcome_field; exclude from t0 inputs unless time-aligned,false
data/raw/AACR GENIE Biopharma Collaborative Public/Data Releases/PANC/1.0-public/clinical_data/regimen_cancer_level_dataset.csv,dx_drug_end_or_lastadm_int_2,dx_drug_end_or_lastadm_int_2,false,3153,889,0.281954,1051,integer,Time (Days) from Associated Cancer Diagnosis to End Date or Last Known Administration Date of Drug 2,data/raw/AACR GENIE Biopharma Collaborative Public/Data Releases/PANC/1.0-public/【变量描述表格】GENIE-BPC-PANC-v1.0-public-Variable-Synopsis.xlsx::Variable Synopsis,treatment,relative_date_or_event_interval; confirm event meaning in data dictionary,potential_future_or_outcome_field; exclude from t0 inputs unless time-aligned,false
data/raw/AACR GENIE Biopharma Collaborative Public/Data Releases/PANC/1.0-public/clinical_data/regimen_cancer_level_dataset.csv,dx_drug_end_or_lastadm_int_3,dx_drug_end_or_lastadm_int_3,false,3153,1926,0.610847,711,integer,Time (Days) from Associated Cancer Diagnosis to End Date or Last Known Administration Date of Drug 3,data/raw/AACR GENIE Biopharma Collaborative Public/Data Releases/PANC/1.0-public/【变量描述表格】GENIE-BPC-PANC-v1.0-public-Variable-Synopsis.xlsx::Variable Synopsis,treatment,relative_date_or_event_interval; confirm event meaning in data dictionary,potential_future_or_outcome_field; exclude from t0 inputs unless time-aligned,false
data/raw/AACR GENIE Biopharma Collaborative Public/Data Releases/PANC/1.0-public/clinical_data/regimen_cancer_level_dataset.csv,dx_drug_end_or_lastadm_int_4,dx_drug_end_or_lastadm_int_4,false,3153,2400,0.76118,450,integer,Time (Days) from Associated Cancer Diagnosis to End Date or Last Known Administration Date of Drug 4,data/raw/AACR GENIE Biopharma Collaborative Public/Data Releases/PANC/1.0-public/【变量描述表格】GENIE-BPC-PANC-v1.0-public-Variable-Synopsis.xlsx::Variable Synopsis,treatment,relative_date_or_event_interval; confirm event meaning in data dictionary,potential_future_or_outcome_field; exclude from t0 inputs unless time-aligned,false
data/raw/AACR GENIE Biopharma Collaborative Public/Data Releases/PANC/1.0-public/clinical_data/regimen_cancer_level_dataset.csv,dx_drug_end_or_lastadm_int_5,dx_drug_end_or_lastadm_int_5,false,3153,3149,0.998731,<5,integer,Time (Days) from Associated Cancer Diagnosis to End Date or Last Known Administration Date of Drug 5,data/raw/AACR GENIE Biopharma Collaborative Public/Data Releases/PANC/1.0-public/【变量描述表格】GENIE-BPC-PANC-v1.0-public-Variable-Synopsis.xlsx::Variable Synopsis,treatment,relative_date_or_event_interval; confirm event meaning in data dictionary,potential_future_or_outcome_field; exclude from t0 inputs unless time-aligned,false
data/raw/AACR GENIE Biopharma Collaborative Public/Data Releases/PANC/1.0-public/clinical_data/regimen_cancer_level_dataset.csv,dx_reg_start_int,dx_reg_start_int,false,3153,0,0.0,1145,mixed_integer,Time (Days) from Associated Cancer Diagnosis to Start of Cancer-Directed Regimen,data/raw/AACR GENIE Biopharma Collaborative Public/Data Releases/PANC/1.0-public/【变量描述表格】GENIE-BPC-PANC-v1.0-public-Variable-Synopsis.xlsx::Variable Synopsis,date_or_relative_time,relative_date_or_event_interval; confirm event meaning in data dictionary,,false
data/raw/AACR GENIE Biopharma Collaborative Public/Data Releases/PANC/1.0-public/clinical_data/regimen_cancer_level_dataset.csv,dx_reg_start_int_mos,dx_reg_start_int_mos,false,3153,0,0.0,1145,mixed_float,Time (Months) from Associated Cancer Diagnosis to Start of Cancer-Directed Regimen,data/raw/AACR GENIE Biopharma Collaborative Public/Data Releases/PANC/1.0-public/【变量描述表格】GENIE-BPC-PANC-v1.0-public-Variable-Synopsis.xlsx::Variable Synopsis,date_or_relative_time,relative_date_or_event_interval; confirm event meaning in data dictionary,,false
data/raw/AACR GENIE Biopharma Collaborative Public/Data Releases/PANC/1.0-public/clinical_data/regimen_cancer_level_dataset.csv,dx_reg_start_int_yrs,dx_reg_start_int_yrs,false,3153,0,0.0,1145,mixed_float,Time (Years) from Associated Cancer Diagnosis to Start of Cancer-Directed Regimen,data/raw/AACR GENIE Biopharma Collaborative Public/Data Releases/PANC/1.0-public/【变量描述表格】GENIE-BPC-PANC-v1.0-public-Variable-Synopsis.xlsx::Variable Synopsis,date_or_relative_time,relative_date_or_event_interval; confirm event meaning in data dictionary,,false
data/raw/AACR GENIE Biopharma Collaborative Public/Data Releases/PANC/1.0-public/clinical_data/regimen_cancer_level_dataset.csv,dx_reg_end_any_int,dx_reg_end_any_int,false,3153,361,0.114494,1157,integer,Time (Days) from Associated Cancer Diagnosis to End of First Drug Discontinued in Cancer-Directed Regimen,data/raw/AACR GENIE Biopharma Collaborative Public/Data Releases/PANC/1.0-public/【变量描述表格】GENIE-BPC-PANC-v1.0-public-Variable-Synopsis.xlsx::Variable Synopsis,date_or_relative_time,relative_date_or_event_interval; confirm event meaning in data dictionary,potential_future_or_outcome_field; exclude from t0 inputs unless time-aligned,false
data/raw/AACR GENIE Biopharma Collaborative Public/Data Releases/PANC/1.0-public/clinical_data/regimen_cancer_level_dataset.csv,dx_reg_end_any_int_mos,dx_reg_end_any_int_mos,false,3153,361,0.114494,1157,float,Time (Months) from Associated Cancer Diagnosis to End of First Drug Discontinued in Cancer-Directed Regimen,data/raw/AACR GENIE Biopharma Collaborative Public/Data Releases/PANC/1.0-public/【变量描述表格】GENIE-BPC-PANC-v1.0-public-Variable-Synopsis.xlsx::Variable Synopsis,date_or_relative_time,relative_date_or_event_interval; confirm event meaning in data dictionary,potential_future_or_outcome_field; exclude from t0 inputs unless time-aligned,false
data/raw/AACR GENIE Biopharma Collaborative Public/Data Releases/PANC/1.0-public/clinical_data/regimen_cancer_level_dataset.csv,dx_reg_end_any_int_yrs,dx_reg_end_any_int_yrs,false,3153,361,0.114494,1157,float,Time (Years) from Associated Cancer Diagnosis to End of First Drug Discontinued in Cancer-Directed Regimen,data/raw/AACR GENIE Biopharma Collaborative Public/Data Releases/PANC/1.0-public/【变量描述表格】GENIE-BPC-PANC-v1.0-public-Variable-Synopsis.xlsx::Variable Synopsis,date_or_relative_time,relative_date_or_event_interval; confirm event meaning in data dictionary,potential_future_or_outcome_field; exclude from t0 inputs unless time-aligned,false
data/raw/AACR GENIE Biopharma Collaborative Public/Data Releases/PANC/1.0-public/clinical_data/regimen_cancer_level_dataset.csv,dx_reg_end_all_int,dx_reg_end_all_int,false,3153,361,0.114494,1170,integer,Time (Days) from Associated Cancer Diagnosis to End of All Drugs in Cancer-Directed Regimen,data/raw/AACR GENIE Biopharma Collaborative Public/Data Releases/PANC/1.0-public/【变量描述表格】GENIE-BPC-PANC-v1.0-public-Variable-Synopsis.xlsx::Variable Synopsis,date_or_relative_time,relative_date_or_event_interval; confirm event meaning in data dictionary,potential_future_or_outcome_field; exclude from t0 inputs unless time-aligned,false
data/raw/AACR GENIE Biopharma Collaborative Public/Data Releases/PANC/1.0-public/clinical_data/regimen_cancer_level_dataset.csv,dx_reg_end_all_int_mos,dx_reg_end_all_int_mos,false,3153,361,0.114494,1170,float,Time (Months) from Associated Cancer Diagnosis to End of All Drugs in Cancer-Directed Regimen,data/raw/AACR GENIE Biopharma Collaborative Public/Data Releases/PANC/1.0-public/【变量描述表格】GENIE-BPC-PANC-v1.0-public-Variable-Synopsis.xlsx::Variable Synopsis,date_or_relative_time,relative_date_or_event_interval; confirm event meaning in data dictionary,potential_future_or_outcome_field; exclude from t0 inputs unless time-aligned,false
data/raw/AACR GENIE Biopharma Collaborative Public/Data Releases/PANC/1.0-public/clinical_data/regimen_cancer_level_dataset.csv,dx_reg_end_all_int_yrs,dx_reg_end_all_int_yrs,false,3153,361,0.114494,1170,float,Time (Years) from Associated Cancer Diagnosis to End of All Drugs in Cancer-Directed Regimen,data/raw/AACR GENIE Biopharma Collaborative Public/Data Releases/PANC/1.0-public/【变量描述表格】GENIE-BPC-PANC-v1.0-public-Variable-Synopsis.xlsx::Variable Synopsis,date_or_relative_time,relative_date_or_event_interval; confirm event meaning in data dictionary,potential_future_or_outcome_field; exclude from t0 inputs unless time-aligned,false
data/raw/AACR GENIE Biopharma Collaborative Public/Data Releases/PANC/1.0-public/clinical_data/regimen_cancer_level_dataset.csv,os_d_status,os_d_status,false,3153,0,0.0,<5,boolean,Overall Survival from Start of Cancer-Directed Drug: Status Indicator,data/raw/AACR GENIE Biopharma Collaborative Public/Data Releases/PANC/1.0-public/【变量描述表格】GENIE-BPC-PANC-v1.0-public-Variable-Synopsis.xlsx::Variable Synopsis,outcome,,potential_future_or_outcome_field; exclude from t0 inputs unless time-aligned,false
data/raw/AACR GENIE Biopharma Collaborative Public/Data Releases/PANC/1.0-public/clinical_data/regimen_cancer_level_dataset.csv,tt_os_d1_days,tt_os_d1_days,false,3153,0,0.0,1397,integer,Overall Survival from Start of Cancer-Directed Drug 1 (Days),data/raw/AACR GENIE Biopharma Collaborative Public/Data Releases/PANC/1.0-public/【变量描述表格】GENIE-BPC-PANC-v1.0-public-Variable-Synopsis.xlsx::Variable Synopsis,outcome,relative_date_or_event_interval; confirm event meaning in data dictionary,potential_future_or_outcome_field; exclude from t0 inputs unless time-aligned,false
data/raw/AACR GENIE Biopharma Collaborative Public/Data Releases/PANC/1.0-public/clinical_data/regimen_cancer_level_dataset.csv,tt_os_d2_days,tt_os_d2_days,false,3153,781,0.247701,1092,integer,Overall Survival from Start of Cancer-Directed Drug 2 (Days),data/raw/AACR GENIE Biopharma Collaborative Public/Data Releases/PANC/1.0-public/【变量描述表格】GENIE-BPC-PANC-v1.0-public-Variable-Synopsis.xlsx::Variable Synopsis,outcome,relative_date_or_event_interval; confirm event meaning in data dictionary,potential_future_or_outcome_field; exclude from t0 inputs unless time-aligned,false
data/raw/AACR GENIE Biopharma Collaborative Public/Data Releases/PANC/1.0-public/clinical_data/regimen_cancer_level_dataset.csv,tt_os_d3_days,tt_os_d3_days,false,3153,1862,0.590549,807,integer,Overall Survival from Start of Cancer-Directed Drug 3 (Days),data/raw/AACR GENIE Biopharma Collaborative Public/Data Releases/PANC/1.0-public/【变量描述表格】GENIE-BPC-PANC-v1.0-public-Variable-Synopsis.xlsx::Variable Synopsis,outcome,relative_date_or_event_interval; confirm event meaning in data dictionary,potential_future_or_outcome_field; exclude from t0 inputs unless time-aligned,false
data/raw/AACR GENIE Biopharma Collaborative Public/Data Releases/PANC/1.0-public/clinical_data/regimen_cancer_level_dataset.csv,tt_os_d4_days,tt_os_d4_days,false,3153,2389,0.757691,582,integer,Overall Survival from Start of Cancer-Directed Drug 4 (Days),data/raw/AACR GENIE Biopharma Collaborative Public/Data Releases/PANC/1.0-public/【变量描述表格】GENIE-BPC-PANC-v1.0-public-Variable-Synopsis.xlsx::Variable Synopsis,outcome,relative_date_or_event_interval; confirm event meaning in data dictionary,potential_future_or_outcome_field; exclude from t0 inputs unless time-aligned,false
data/raw/AACR GENIE Biopharma Collaborative Public/Data Releases/PANC/1.0-public/clinical_data/regimen_cancer_level_dataset.csv,tt_os_d5_days,tt_os_d5_days,false,3153,3147,0.998097,6,integer,Overall Survival from Start of Cancer-Directed Drug 5 (Days),data/raw/AACR GENIE Biopharma Collaborative Public/Data Releases/PANC/1.0-public/【变量描述表格】GENIE-BPC-PANC-v1.0-public-Variable-Synopsis.xlsx::Variable Synopsis,outcome,relative_date_or_event_interval; confirm event meaning in data dictionary,potential_future_or_outcome_field; exclude from t0 inputs unless time-aligned,false
data/raw/AACR GENIE Biopharma Collaborative Public/Data Releases/PANC/1.0-public/clinical_data/regimen_cancer_level_dataset.csv,tt_os_d1_mos,tt_os_d1_mos,false,3153,0,0.0,1397,float,Overall Survival from Start of Cancer-Directed Drug 1 (Months),data/raw/AACR GENIE Biopharma Collaborative Public/Data Releases/PANC/1.0-public/【变量描述表格】GENIE-BPC-PANC-v1.0-public-Variable-Synopsis.xlsx::Variable Synopsis,outcome,relative_date_or_event_interval; confirm event meaning in data dictionary,potential_future_or_outcome_field; exclude from t0 inputs unless time-aligned,false
data/raw/AACR GENIE Biopharma Collaborative Public/Data Releases/PANC/1.0-public/clinical_data/regimen_cancer_level_dataset.csv,tt_os_d2_mos,tt_os_d2_mos,false,3153,781,0.247701,1092,float,Overall Survival from Start of Cancer-Directed Drug 2 (Months),data/raw/AACR GENIE Biopharma Collaborative Public/Data Releases/PANC/1.0-public/【变量描述表格】GENIE-BPC-PANC-v1.0-public-Variable-Synopsis.xlsx::Variable Synopsis,outcome,relative_date_or_event_interval; confirm event meaning in data dictionary,potential_future_or_outcome_field; exclude from t0 inputs unless time-aligned,false
data/raw/AACR GENIE Biopharma Collaborative Public/Data Releases/PANC/1.0-public/clinical_data/regimen_cancer_level_dataset.csv,tt_os_d3_mos,tt_os_d3_mos,false,3153,1862,0.590549,807,float,Overall Survival from Start of Cancer-Directed Drug 3 (Months),data/raw/AACR GENIE Biopharma Collaborative Public/Data Releases/PANC/1.0-public/【变量描述表格】GENIE-BPC-PANC-v1.0-public-Variable-Synopsis.xlsx::Variable Synopsis,outcome,relative_date_or_event_interval; confirm event meaning in data dictionary,potential_future_or_outcome_field; exclude from t0 inputs unless time-aligned,false
data/raw/AACR GENIE Biopharma Collaborative Public/Data Releases/PANC/1.0-public/clinical_data/regimen_cancer_level_dataset.csv,tt_os_d4_mos,tt_os_d4_mos,false,3153,2389,0.757691,582,float,Overall Survival from Start of Cancer-Directed Drug 4 (Months),data/raw/AACR GENIE Biopharma Collaborative Public/Data Releases/PANC/1.0-public/【变量描述表格】GENIE-BPC-PANC-v1.0-public-Variable-Synopsis.xlsx::Variable Synopsis,outcome,relative_date_or_event_interval; confirm event meaning in data dictionary,potential_future_or_outcome_field; exclude from t0 inputs unless time-aligned,false
data/raw/AACR GENIE Biopharma Collaborative Public/Data Releases/PANC/1.0-public/clinical_data/regimen_cancer_level_dataset.csv,tt_os_d5_mos,tt_os_d5_mos,false,3153,3147,0.998097,6,float,Overall Survival from Start of Cancer-Directed Drug 5 (Months),data/raw/AACR GENIE Biopharma Collaborative Public/Data Releases/PANC/1.0-public/【变量描述表格】GENIE-BPC-PANC-v1.0-public-Variable-Synopsis.xlsx::Variable Synopsis,outcome,relative_date_or_event_interval; confirm event meaning in data dictionary,potential_future_or_outcome_field; exclude from t0 inputs unless time-aligned,false
data/raw/AACR GENIE Biopharma Collaborative Public/Data Releases/PANC/1.0-public/clinical_data/regimen_cancer_level_dataset.csv,tt_os_d1_yrs,tt_os_d1_yrs,false,3153,0,0.0,1397,float,Overall Survival from Start of Cancer-Directed Drug 1 (Years),data/raw/AACR GENIE Biopharma Collaborative Public/Data Releases/PANC/1.0-public/【变量描述表格】GENIE-BPC-PANC-v1.0-public-Variable-Synopsis.xlsx::Variable Synopsis,outcome,relative_date_or_event_interval; confirm event meaning in data dictionary,potential_future_or_outcome_field; exclude from t0 inputs unless time-aligned,false
data/raw/AACR GENIE Biopharma Collaborative Public/Data Releases/PANC/1.0-public/clinical_data/regimen_cancer_level_dataset.csv,tt_os_d2_yrs,tt_os_d2_yrs,false,3153,781,0.247701,1092,float,Overall Survival from Start of Cancer-Directed Drug 2 (Years),data/raw/AACR GENIE Biopharma Collaborative Public/Data Releases/PANC/1.0-public/【变量描述表格】GENIE-BPC-PANC-v1.0-public-Variable-Synopsis.xlsx::Variable Synopsis,outcome,relative_date_or_event_interval; confirm event meaning in data dictionary,potential_future_or_outcome_field; exclude from t0 inputs unless time-aligned,false
data/raw/AACR GENIE Biopharma Collaborative Public/Data Releases/PANC/1.0-public/clinical_data/regimen_cancer_level_dataset.csv,tt_os_d3_yrs,tt_os_d3_yrs,false,3153,1862,0.590549,807,float,Overall Survival from Start of Cancer-Directed Drug 3 (Years),data/raw/AACR GENIE Biopharma Collaborative Public/Data Releases/PANC/1.0-public/【变量描述表格】GENIE-BPC-PANC-v1.0-public-Variable-Synopsis.xlsx::Variable Synopsis,outcome,relative_date_or_event_interval; confirm event meaning in data dictionary,potential_future_or_outcome_field; exclude from t0 inputs unless time-aligned,false
data/raw/AACR GENIE Biopharma Collaborative Public/Data Releases/PANC/1.0-public/clinical_data/regimen_cancer_level_dataset.csv,tt_os_d4_yrs,tt_os_d4_yrs,false,3153,2389,0.757691,582,float,Overall Survival from Start of Cancer-Directed Drug 4 (Years),data/raw/AACR GENIE Biopharma Collaborative Public/Data Releases/PANC/1.0-public/【变量描述表格】GENIE-BPC-PANC-v1.0-public-Variable-Synopsis.xlsx::Variable Synopsis,outcome,relative_date_or_event_interval; confirm event meaning in data dictionary,potential_future_or_outcome_field; exclude from t0 inputs unless time-aligned,false
data/raw/AACR GENIE Biopharma Collaborative Public/Data Releases/PANC/1.0-public/clinical_data/regimen_cancer_level_dataset.csv,tt_os_d5_yrs,tt_os_d5_yrs,false,3153,3147,0.998097,6,float,Overall Survival from Start of Cancer-Directed Drug 5 (Years),data/raw/AACR GENIE Biopharma Collaborative Public/Data Releases/PANC/1.0-public/【变量描述表格】GENIE-BPC-PANC-v1.0-public-Variable-Synopsis.xlsx::Variable Synopsis,outcome,relative_date_or_event_interval; confirm event meaning in data dictionary,potential_future_or_outcome_field; exclude from t0 inputs unless time-aligned,false
data/raw/AACR GENIE Biopharma Collaborative Public/Data Releases/PANC/1.0-public/clinical_data/regimen_cancer_level_dataset.csv,os_g_status,os_g_status,false,3153,0,0.0,<5,boolean,Overall Survival from Start of Cancer-Directed Regimen: Status Indicator,data/raw/AACR GENIE Biopharma Collaborative Public/Data Releases/PANC/1.0-public/【变量描述表格】GENIE-BPC-PANC-v1.0-public-Variable-Synopsis.xlsx::Variable Synopsis,outcome,,potential_future_or_outcome_field; exclude from t0 inputs unless time-aligned,false
data/raw/AACR GENIE Biopharma Collaborative Public/Data Releases/PANC/1.0-public/clinical_data/regimen_cancer_level_dataset.csv,tt_os_g_days,tt_os_g_days,false,3153,0,0.0,1393,integer,Overall Survival from Start of Cancer-Directed Regimen (Days),data/raw/AACR GENIE Biopharma Collaborative Public/Data Releases/PANC/1.0-public/【变量描述表格】GENIE-BPC-PANC-v1.0-public-Variable-Synopsis.xlsx::Variable Synopsis,outcome,relative_date_or_event_interval; confirm event meaning in data dictionary,potential_future_or_outcome_field; exclude from t0 inputs unless time-aligned,false
data/raw/AACR GENIE Biopharma Collaborative Public/Data Releases/PANC/1.0-public/clinical_data/regimen_cancer_level_dataset.csv,tt_os_g_mos,tt_os_g_mos,false,3153,0,0.0,1393,float,Overall Survival from Start of Cancer-Directed Regimen (Months),data/raw/AACR GENIE Biopharma Collaborative Public/Data Releases/PANC/1.0-public/【变量描述表格】GENIE-BPC-PANC-v1.0-public-Variable-Synopsis.xlsx::Variable Synopsis,outcome,relative_date_or_event_interval; confirm event meaning in data dictionary,potential_future_or_outcome_field; exclude from t0 inputs unless time-aligned,false
data/raw/AACR GENIE Biopharma Collaborative Public/Data Releases/PANC/1.0-public/clinical_data/regimen_cancer_level_dataset.csv,tt_os_g_yrs,tt_os_g_yrs,false,3153,0,0.0,1393,float,Overall Survival from Start of Cancer-Directed Regimen (Years),data/raw/AACR GENIE Biopharma Collaborative Public/Data Releases/PANC/1.0-public/【变量描述表格】GENIE-BPC-PANC-v1.0-public-Variable-Synopsis.xlsx::Variable Synopsis,outcome,relative_date_or_event_interval; confirm event meaning in data dictionary,potential_future_or_outcome_field; exclude from t0 inputs unless time-aligned,false
data/raw/AACR GENIE Biopharma Collaborative Public/Data Releases/PANC/1.0-public/clinical_data/regimen_cancer_level_dataset.csv,pfs_i_g_status,pfs_i_g_status,false,3153,859,0.272439,<5,boolean,Progression Free Survival – Imaging (PFS-I) from Start of Cancer-Directed Regimen: Status Indicator,data/raw/AACR GENIE Biopharma Collaborative Public/Data Releases/PANC/1.0-public/【变量描述表格】GENIE-BPC-PANC-v1.0-public-Variable-Synopsis.xlsx::Variable Synopsis,outcome,,potential_future_or_outcome_field; exclude from t0 inputs unless time-aligned,false
data/raw/AACR GENIE Biopharma Collaborative Public/Data Releases/PANC/1.0-public/clinical_data/regimen_cancer_level_dataset.csv,tt_pfs_i_g_days,tt_pfs_i_g_days,false,3153,859,0.272439,518,mixed_integer,Progression Free Survival – Imaging (PFS-I) from Start of Cancer-Directed Regimen (Days),data/raw/AACR GENIE Biopharma Collaborative Public/Data Releases/PANC/1.0-public/【变量描述表格】GENIE-BPC-PANC-v1.0-public-Variable-Synopsis.xlsx::Variable Synopsis,outcome,relative_date_or_event_interval; confirm event meaning in data dictionary,potential_future_or_outcome_field; exclude from t0 inputs unless time-aligned,false
data/raw/AACR GENIE Biopharma Collaborative Public/Data Releases/PANC/1.0-public/clinical_data/regimen_cancer_level_dataset.csv,tt_pfs_i_g_mos,tt_pfs_i_g_mos,false,3153,859,0.272439,518,mixed_float,Progression Free Survival – Imaging (PFS-I) from Start of Cancer-Directed Regimen (Months),data/raw/AACR GENIE Biopharma Collaborative Public/Data Releases/PANC/1.0-public/【变量描述表格】GENIE-BPC-PANC-v1.0-public-Variable-Synopsis.xlsx::Variable Synopsis,outcome,relative_date_or_event_interval; confirm event meaning in data dictionary,potential_future_or_outcome_field; exclude from t0 inputs unless time-aligned,false
data/raw/AACR GENIE Biopharma Collaborative Public/Data Releases/PANC/1.0-public/clinical_data/regimen_cancer_level_dataset.csv,tt_pfs_i_g_yrs,tt_pfs_i_g_yrs,false,3153,859,0.272439,518,mixed_float,Progression Free Survival – Imaging (PFS-I) from Start of Cancer-Directed Regimen (Years),data/raw/AACR GENIE Biopharma Collaborative Public/Data Releases/PANC/1.0-public/【变量描述表格】GENIE-BPC-PANC-v1.0-public-Variable-Synopsis.xlsx::Variable Synopsis,outcome,relative_date_or_event_interval; confirm event meaning in data dictionary,potential_future_or_outcome_field; exclude from t0 inputs unless time-aligned,false
data/raw/AACR GENIE Biopharma Collaborative Public/Data Releases/PANC/1.0-public/clinical_data/regimen_cancer_level_dataset.csv,pfs_m_g_status,pfs_m_g_status,false,3153,859,0.272439,<5,boolean,Progression Free Survival – Medical Oncologist Assessment (PFS-M) from Start of Cancer-Directed Regimen: Status Indicator,data/raw/AACR GENIE Biopharma Collaborative Public/Data Releases/PANC/1.0-public/【变量描述表格】GENIE-BPC-PANC-v1.0-public-Variable-Synopsis.xlsx::Variable Synopsis,outcome,,potential_future_or_outcome_field; exclude from t0 inputs unless time-aligned,false
data/raw/AACR GENIE Biopharma Collaborative Public/Data Releases/PANC/1.0-public/clinical_data/regimen_cancer_level_dataset.csv,tt_pfs_m_g_days,tt_pfs_m_g_days,false,3153,859,0.272439,546,mixed_integer,Progression Free Survival – Medical Oncologist Assessment (PFS-M) from Start of Cancer-Directed Regimen (Days),data/raw/AACR GENIE Biopharma Collaborative Public/Data Releases/PANC/1.0-public/【变量描述表格】GENIE-BPC-PANC-v1.0-public-Variable-Synopsis.xlsx::Variable Synopsis,outcome,relative_date_or_event_interval; confirm event meaning in data dictionary,potential_future_or_outcome_field; exclude from t0 inputs unless time-aligned,false
data/raw/AACR GENIE Biopharma Collaborative Public/Data Releases/PANC/1.0-public/clinical_data/regimen_cancer_level_dataset.csv,tt_pfs_m_g_mos,tt_pfs_m_g_mos,false,3153,859,0.272439,546,mixed_float,Progression Free Survival – Medical Oncologist Assessment (PFS-M) from Start of Cancer-Directed Regimen (Months),data/raw/AACR GENIE Biopharma Collaborative Public/Data Releases/PANC/1.0-public/【变量描述表格】GENIE-BPC-PANC-v1.0-public-Variable-Synopsis.xlsx::Variable Synopsis,outcome,relative_date_or_event_interval; confirm event meaning in data dictionary,potential_future_or_outcome_field; exclude from t0 inputs unless time-aligned,false
data/raw/AACR GENIE Biopharma Collaborative Public/Data Releases/PANC/1.0-public/clinical_data/regimen_cancer_level_dataset.csv,tt_pfs_m_g_yrs,tt_pfs_m_g_yrs,false,3153,859,0.272439,546,mixed_float,Progression Free Survival – Medical Oncologist Assessment (PFS-M) from Start of Cancer-Directed Regimen (Years),data/raw/AACR GENIE Biopharma Collaborative Public/Data Releases/PANC/1.0-public/【变量描述表格】GENIE-BPC-PANC-v1.0-public-Variable-Synopsis.xlsx::Variable Synopsis,outcome,relative_date_or_event_interval; confirm event meaning in data dictionary,potential_future_or_outcome_field; exclude from t0 inputs unless time-aligned,false
data/raw/AACR GENIE Biopharma Collaborative Public/Data Releases/PANC/1.0-public/clinical_data/regimen_cancer_level_dataset.csv,pfs_i_or_m_g_status,pfs_i_or_m_g_status,false,3153,859,0.272439,<5,boolean,Progression Free Survival – Imaging or Medical Oncologist Assessment (PFS-I-or-M) from Start of Cancer-Directed Regimen: Status Indicator,data/raw/AACR GENIE Biopharma Collaborative Public/Data Releases/PANC/1.0-public/【变量描述表格】GENIE-BPC-PANC-v1.0-public-Variable-Synopsis.xlsx::Variable Synopsis,outcome,,potential_future_or_outcome_field; exclude from t0 inputs unless time-aligned,false
data/raw/AACR GENIE Biopharma Collaborative Public/Data Releases/PANC/1.0-public/clinical_data/regimen_cancer_level_dataset.csv,tt_pfs_i_or_m_g_days,tt_pfs_i_or_m_g_days,false,3153,859,0.272439,497,mixed_integer,Progression Free Survival – Imaging or Medical Oncologist Assessment (PFS-I-or-M) from Start of Cancer-Directed Regimen (Days),data/raw/AACR GENIE Biopharma Collaborative Public/Data Releases/PANC/1.0-public/【变量描述表格】GENIE-BPC-PANC-v1.0-public-Variable-Synopsis.xlsx::Variable Synopsis,outcome,relative_date_or_event_interval; confirm event meaning in data dictionary,potential_future_or_outcome_field; exclude from t0 inputs unless time-aligned,false
data/raw/AACR GENIE Biopharma Collaborative Public/Data Releases/PANC/1.0-public/clinical_data/regimen_cancer_level_dataset.csv,tt_pfs_i_or_m_g_mos,tt_pfs_i_or_m_g_mos,false,3153,859,0.272439,497,mixed_float,Progression Free Survival – Imaging or Medical Oncologist Assessment (PFS-I-or-M) from Start of Cancer-Directed Regimen (Months),data/raw/AACR GENIE Biopharma Collaborative Public/Data Releases/PANC/1.0-public/【变量描述表格】GENIE-BPC-PANC-v1.0-public-Variable-Synopsis.xlsx::Variable Synopsis,outcome,relative_date_or_event_interval; confirm event meaning in data dictionary,potential_future_or_outcome_field; exclude from t0 inputs unless time-aligned,false
data/raw/AACR GENIE Biopharma Collaborative Public/Data Releases/PANC/1.0-public/clinical_data/regimen_cancer_level_dataset.csv,tt_pfs_i_or_m_g_yrs,tt_pfs_i_or_m_g_yrs,false,3153,859,0.272439,497,mixed_float,Progression Free Survival – Imaging or Medical Oncologist Assessment (PFS-I-or-M) from Start of Cancer-Directed Regimen (Years),data/raw/AACR GENIE Biopharma Collaborative Public/Data Releases/PANC/1.0-public/【变量描述表格】GENIE-BPC-PANC-v1.0-public-Variable-Synopsis.xlsx::Variable Synopsis,outcome,relative_date_or_event_interval; confirm event meaning in data dictionary,potential_future_or_outcome_field; exclude from t0 inputs unless time-aligned,false
data/raw/AACR GENIE Biopharma Collaborative Public/Data Releases/PANC/1.0-public/clinical_data/regimen_cancer_level_dataset.csv,pfs_i_and_m_g_status,pfs_i_and_m_g_status,false,3153,859,0.272439,<5,boolean,Progression Free Survival – Imaging and Medical Oncologist Assessment (PFS-I-and-M) from Start of Cancer-Directed Regimen: Status Indicator,data/raw/AACR GENIE Biopharma Collaborative Public/Data Releases/PANC/1.0-public/【变量描述表格】GENIE-BPC-PANC-v1.0-public-Variable-Synopsis.xlsx::Variable Synopsis,outcome,,potential_future_or_outcome_field; exclude from t0 inputs unless time-aligned,false
data/raw/AACR GENIE Biopharma Collaborative Public/Data Releases/PANC/1.0-public/clinical_data/regimen_cancer_level_dataset.csv,tt_pfs_i_and_m_g_days,tt_pfs_i_and_m_g_days,false,3153,859,0.272439,560,mixed_integer,Progression Free Survival – Imaging and Medical Oncologist Assessment (PFS-I-and-M) from Start of Cancer-Directed Regimen (Days),data/raw/AACR GENIE Biopharma Collaborative Public/Data Releases/PANC/1.0-public/【变量描述表格】GENIE-BPC-PANC-v1.0-public-Variable-Synopsis.xlsx::Variable Synopsis,outcome,relative_date_or_event_interval; confirm event meaning in data dictionary,potential_future_or_outcome_field; exclude from t0 inputs unless time-aligned,false
data/raw/AACR GENIE Biopharma Collaborative Public/Data Releases/PANC/1.0-public/clinical_data/regimen_cancer_level_dataset.csv,tt_pfs_i_and_m_g_mos,tt_pfs_i_and_m_g_mos,false,3153,859,0.272439,560,mixed_float,Progression Free Survival – Imaging and Medical Oncologist Assessment (PFS-I-and-M) from Start of Cancer-Directed Regimen (Months),data/raw/AACR GENIE Biopharma Collaborative Public/Data Releases/PANC/1.0-public/【变量描述表格】GENIE-BPC-PANC-v1.0-public-Variable-Synopsis.xlsx::Variable Synopsis,outcome,relative_date_or_event_interval; confirm event meaning in data dictionary,potential_future_or_outcome_field; exclude from t0 inputs unless time-aligned,false
data/raw/AACR GENIE Biopharma Collaborative Public/Data Releases/PANC/1.0-public/clinical_data/regimen_cancer_level_dataset.csv,tt_pfs_i_and_m_g_yrs,tt_pfs_i_and_m_g_yrs,false,3153,859,0.272439,560,mixed_float,Progression Free Survival – Imaging and Medical Oncologist Assessment (PFS-I-and-M) from Start of Cancer-Directed Regimen (Years),data/raw/AACR GENIE Biopharma Collaborative Public/Data Releases/PANC/1.0-public/【变量描述表格】GENIE-BPC-PANC-v1.0-public-Variable-Synopsis.xlsx::Variable Synopsis,outcome,relative_date_or_event_interval; confirm event meaning in data dictionary,potential_future_or_outcome_field; exclude from t0 inputs unless time-aligned,false
data/raw/AACR GENIE Biopharma Collaborative Public/Data Releases/PANC/1.0-public/clinical_data/regimen_cancer_level_dataset.csv,ttnt_any_ca_status,ttnt_any_ca_status,false,3153,0,0.0,<5,boolean,"Time (Days, Months, Years) to Next Treatment For Any Cancer: Status Indicator",data/raw/AACR GENIE Biopharma Collaborative Public/Data Releases/PANC/1.0-public/【变量描述表格】GENIE-BPC-PANC-v1.0-public-Variable-Synopsis.xlsx::Variable Synopsis,待确认,,,false
data/raw/AACR GENIE Biopharma Collaborative Public/Data Releases/PANC/1.0-public/clinical_data/regimen_cancer_level_dataset.csv,ttnt_any_ca_days,ttnt_any_ca_days,false,3153,0,0.0,842,mixed_integer,Time (Days) to Next Treatment For Any Cancer,data/raw/AACR GENIE Biopharma Collaborative Public/Data Releases/PANC/1.0-public/【变量描述表格】GENIE-BPC-PANC-v1.0-public-Variable-Synopsis.xlsx::Variable Synopsis,date_or_relative_time,relative_date_or_event_interval; confirm event meaning in data dictionary,,false
data/raw/AACR GENIE Biopharma Collaborative Public/Data Releases/PANC/1.0-public/clinical_data/regimen_cancer_level_dataset.csv,ttnt_any_ca_mos,ttnt_any_ca_mos,false,3153,0,0.0,842,mixed_float,Time (Months) to Next Treatment For Any Cancer,data/raw/AACR GENIE Biopharma Collaborative Public/Data Releases/PANC/1.0-public/【变量描述表格】GENIE-BPC-PANC-v1.0-public-Variable-Synopsis.xlsx::Variable Synopsis,date_or_relative_time,relative_date_or_event_interval; confirm event meaning in data dictionary,,false
data/raw/AACR GENIE Biopharma Collaborative Public/Data Releases/PANC/1.0-public/clinical_data/regimen_cancer_level_dataset.csv,ttnt_any_ca_yrs,ttnt_any_ca_yrs,false,3153,0,0.0,842,mixed_float,Time (Years) to Next Treatment For Any Cancer,data/raw/AACR GENIE Biopharma Collaborative Public/Data Releases/PANC/1.0-public/【变量描述表格】GENIE-BPC-PANC-v1.0-public-Variable-Synopsis.xlsx::Variable Synopsis,date_or_relative_time,relative_date_or_event_interval; confirm event meaning in data dictionary,,false
data/raw/AACR GENIE Biopharma Collaborative Public/Data Releases/PANC/1.0-public/clinical_data/regimen_cancer_level_dataset.csv,ttnt_ca_seq_status,ttnt_ca_seq_status,false,3153,0,0.0,<5,boolean,Time to Next Treatment For This Cancer: Status Indicator,data/raw/AACR GENIE Biopharma Collaborative Public/Data Releases/PANC/1.0-public/【变量描述表格】GENIE-BPC-PANC-v1.0-public-Variable-Synopsis.xlsx::Variable Synopsis,待确认,,,false
data/raw/AACR GENIE Biopharma Collaborative Public/Data Releases/PANC/1.0-public/clinical_data/regimen_cancer_level_dataset.csv,ttnt_ca_seq_days,ttnt_ca_seq_days,false,3153,0,0.0,868,mixed_integer,Time (Days) to Next Treatment For This Cancer,data/raw/AACR GENIE Biopharma Collaborative Public/Data Releases/PANC/1.0-public/【变量描述表格】GENIE-BPC-PANC-v1.0-public-Variable-Synopsis.xlsx::Variable Synopsis,date_or_relative_time,relative_date_or_event_interval; confirm event meaning in data dictionary,,false
data/raw/AACR GENIE Biopharma Collaborative Public/Data Releases/PANC/1.0-public/clinical_data/regimen_cancer_level_dataset.csv,ttnt_ca_seq_mos,ttnt_ca_seq_mos,false,3153,0,0.0,868,mixed_float,Time (Months) to Next Treatment For This Cancer,data/raw/AACR GENIE Biopharma Collaborative Public/Data Releases/PANC/1.0-public/【变量描述表格】GENIE-BPC-PANC-v1.0-public-Variable-Synopsis.xlsx::Variable Synopsis,date_or_relative_time,relative_date_or_event_interval; confirm event meaning in data dictionary,,false
data/raw/AACR GENIE Biopharma Collaborative Public/Data Releases/PANC/1.0-public/clinical_data/regimen_cancer_level_dataset.csv,ttnt_ca_seq_yrs,ttnt_ca_seq_yrs,false,3153,0,0.0,868,mixed_float,Time (Years) to Next Treatment For This Cancer,data/raw/AACR GENIE Biopharma Collaborative Public/Data Releases/PANC/1.0-public/【变量描述表格】GENIE-BPC-PANC-v1.0-public-Variable-Synopsis.xlsx::Variable Synopsis,date_or_relative_time,relative_date_or_event_interval; confirm event meaning in data dictionary,,false
data/raw/AACR GENIE Biopharma Collaborative Public/Data Releases/PANC/1.0-public/clinical_data/regimen_cancer_level_dataset.csv,release_version,release_version,false,3153,0,0.0,<5,string,Release Version Number,data/raw/AACR GENIE Biopharma Collaborative Public/Data Releases/PANC/1.0-public/【变量描述表格】GENIE-BPC-PANC-v1.0-public-Variable-Synopsis.xlsx::Variable Synopsis,source_or_version,,,false
data/raw/AACR GENIE Biopharma Collaborative Public/Data Releases/PANC/1.0-public/clinical_data/tm_level_dataset.csv,cohort,cohort,false,17718,0,0.0,<5,string,BPC Project Cohort,data/raw/AACR GENIE Biopharma Collaborative Public/Data Releases/PANC/1.0-public/【变量描述表格】GENIE-BPC-PANC-v1.0-public-Variable-Synopsis.xlsx::Variable Synopsis,source_or_version,,,false
data/raw/AACR GENIE Biopharma Collaborative Public/Data Releases/PANC/1.0-public/clinical_data/tm_level_dataset.csv,record_id,record_id,false,17718,0,0.0,937,string,Record ID,data/raw/AACR GENIE Biopharma Collaborative Public/Data Releases/PANC/1.0-public/【变量描述表格】GENIE-BPC-PANC-v1.0-public-Variable-Synopsis.xlsx::Variable Synopsis,patient_key_or_patient_level,,,false
data/raw/AACR GENIE Biopharma Collaborative Public/Data Releases/PANC/1.0-public/clinical_data/tm_level_dataset.csv,institution,institution,false,17718,0,0.0,<5,string,Institution,data/raw/AACR GENIE Biopharma Collaborative Public/Data Releases/PANC/1.0-public/【变量描述表格】GENIE-BPC-PANC-v1.0-public-Variable-Synopsis.xlsx::Variable Synopsis,source_or_version,,,false
data/raw/AACR GENIE Biopharma Collaborative Public/Data Releases/PANC/1.0-public/clinical_data/tm_level_dataset.csv,tm_number,tm_number,false,17718,0,0.0,143,mixed_integer,Tumor Marker Assessment Number,data/raw/AACR GENIE Biopharma Collaborative Public/Data Releases/PANC/1.0-public/【变量描述表格】GENIE-BPC-PANC-v1.0-public-Variable-Synopsis.xlsx::Variable Synopsis,待确认,,,false
data/raw/AACR GENIE Biopharma Collaborative Public/Data Releases/PANC/1.0-public/clinical_data/tm_level_dataset.csv,tm_spec_collect_int,tm_spec_collect_int,false,17718,0,0.0,8556,integer,Time (Days) from Date of Birth to Date of Tumor Marker Specimen Collection,data/raw/AACR GENIE Biopharma Collaborative Public/Data Releases/PANC/1.0-public/【变量描述表格】GENIE-BPC-PANC-v1.0-public-Variable-Synopsis.xlsx::Variable Synopsis,date_or_relative_time,relative_date_or_event_interval; confirm event meaning in data dictionary,,false
data/raw/AACR GENIE Biopharma Collaborative Public/Data Releases/PANC/1.0-public/clinical_data/tm_level_dataset.csv,dx_tm_days,dx_tm_days,false,17718,0,0.0,2394,mixed_integer,Time (Days) from First BPC Project Cancer to Tumor Marker Collection,data/raw/AACR GENIE Biopharma Collaborative Public/Data Releases/PANC/1.0-public/【变量描述表格】GENIE-BPC-PANC-v1.0-public-Variable-Synopsis.xlsx::Variable Synopsis,date_or_relative_time,relative_date_or_event_interval; confirm event meaning in data dictionary,,false
data/raw/AACR GENIE Biopharma Collaborative Public/Data Releases/PANC/1.0-public/clinical_data/tm_level_dataset.csv,dx_tm_mos,dx_tm_mos,false,17718,0,0.0,2394,mixed_float,Time (Months) from First BPC Project Cancer to Tumor Marker Collection,data/raw/AACR GENIE Biopharma Collaborative Public/Data Releases/PANC/1.0-public/【变量描述表格】GENIE-BPC-PANC-v1.0-public-Variable-Synopsis.xlsx::Variable Synopsis,date_or_relative_time,relative_date_or_event_interval; confirm event meaning in data dictionary,,false
data/raw/AACR GENIE Biopharma Collaborative Public/Data Releases/PANC/1.0-public/clinical_data/tm_level_dataset.csv,dx_tm_yrs,dx_tm_yrs,false,17718,0,0.0,2394,mixed_float,Time (Years) from First BPC Project Cancer to Tumor Marker Collection,data/raw/AACR GENIE Biopharma Collaborative Public/Data Releases/PANC/1.0-public/【变量描述表格】GENIE-BPC-PANC-v1.0-public-Variable-Synopsis.xlsx::Variable Synopsis,date_or_relative_time,relative_date_or_event_interval; confirm event meaning in data dictionary,,false
data/raw/AACR GENIE Biopharma Collaborative Public/Data Releases/PANC/1.0-public/clinical_data/tm_level_dataset.csv,tm_type,tm_type,false,17718,0,0.0,<5,string,Tumor Marker Lab Test,data/raw/AACR GENIE Biopharma Collaborative Public/Data Releases/PANC/1.0-public/【变量描述表格】GENIE-BPC-PANC-v1.0-public-Variable-Synopsis.xlsx::Variable Synopsis,待确认,,,false
data/raw/AACR GENIE Biopharma Collaborative Public/Data Releases/PANC/1.0-public/clinical_data/tm_level_dataset.csv,tm_num_result,tm_num_result,false,17718,0,0.0,4577,mixed_float,Tumor Marker Result,data/raw/AACR GENIE Biopharma Collaborative Public/Data Releases/PANC/1.0-public/【变量描述表格】GENIE-BPC-PANC-v1.0-public-Variable-Synopsis.xlsx::Variable Synopsis,待确认,,,false
data/raw/AACR GENIE Biopharma Collaborative Public/Data Releases/PANC/1.0-public/clinical_data/tm_level_dataset.csv,tm_result_units,tm_result_units,false,17718,<5,0.000113,<5,string,Tumor Marker Result Unit,data/raw/AACR GENIE Biopharma Collaborative Public/Data Releases/PANC/1.0-public/【变量描述表格】GENIE-BPC-PANC-v1.0-public-Variable-Synopsis.xlsx::Variable Synopsis,待确认,,,false
data/raw/AACR GENIE Biopharma Collaborative Public/Data Releases/PANC/1.0-public/clinical_data/tm_level_dataset.csv,tm_normal_range_lower,tm_normal_range_lower,false,17718,1018,0.057456,<5,mixed_float,Tumor Marker Lower Limit of Normal,data/raw/AACR GENIE Biopharma Collaborative Public/Data Releases/PANC/1.0-public/【变量描述表格】GENIE-BPC-PANC-v1.0-public-Variable-Synopsis.xlsx::Variable Synopsis,待确认,,,false
data/raw/AACR GENIE Biopharma Collaborative Public/Data Releases/PANC/1.0-public/clinical_data/tm_level_dataset.csv,tm_normal_range_upper,tm_normal_range_upper,false,17718,982,0.055424,16,float,Tumor Marker Upper Limit of Normal,data/raw/AACR GENIE Biopharma Collaborative Public/Data Releases/PANC/1.0-public/【变量描述表格】GENIE-BPC-PANC-v1.0-public-Variable-Synopsis.xlsx::Variable Synopsis,待确认,,,false
data/raw/AACR GENIE Biopharma Collaborative Public/Data Releases/PANC/1.0-public/clinical_data/tm_level_dataset.csv,release_version,release_version,false,17718,0,0.0,<5,string,Release Version Number,data/raw/AACR GENIE Biopharma Collaborative Public/Data Releases/PANC/1.0-public/【变量描述表格】GENIE-BPC-PANC-v1.0-public-Variable-Synopsis.xlsx::Variable Synopsis,source_or_version,,,false
data/raw/AACR GENIE Biopharma Collaborative Public/Data Releases/PANC/1.0-public/Documentation/GENIE BPC PANC v1.0-public Variable Synopsis.xlsx::Overview,"This spreadsheet provides an overview and synopsis of the GENIE BPC data. The data structure is complex and multi-level (e.g. some datasets are 1 record per patient, 1 record per diagnosis, 1 record per scan, etc.). Please see the detailed Analytic Data Guide PDF for a full and complete explanation of each variable, its definition and coding levels. The Analytic Data Guide will be provided in conjunction with full release of the data files. 

This spreadsheet is provided as a reference guide only and must be used in conjunction with the fully annotated Analytic Data Guide to ensure proper interpretation of variables for analysis.","This spreadsheet provides an overview and synopsis of the GENIE BPC data. The data structure is complex and multi-level (e.g. some datasets are 1 record per patient, 1 record per diagnosis, 1 record per scan, etc.). Please see the detailed Analytic Data Guide PDF for a full and complete explanation of each variable, its definition and coding levels. The Analytic Data Guide will be provided in conjunction with full release of the data files. 

This spreadsheet is provided as a reference guide only and must be used in conjunction with the fully annotated Analytic Data Guide to ensure proper interpretation of variables for analysis.",false,15,14,0.933333,<5,string,待确认,,patient_key_or_patient_level,,,false
data/raw/AACR GENIE Biopharma Collaborative Public/Data Releases/PANC/1.0-public/Documentation/GENIE BPC PANC v1.0-public Variable Synopsis.xlsx::Variable Synopsis,Dataset,Dataset,false,865,0,0.0,9,string,待确认,,待确认,,,false
data/raw/AACR GENIE Biopharma Collaborative Public/Data Releases/PANC/1.0-public/Documentation/GENIE BPC PANC v1.0-public Variable Synopsis.xlsx::Variable Synopsis,Variable Name,Variable Name,false,865,0,0.0,827,string,待确认,,待确认,,,false
data/raw/AACR GENIE Biopharma Collaborative Public/Data Releases/PANC/1.0-public/Documentation/GENIE BPC PANC v1.0-public Variable Synopsis.xlsx::Variable Synopsis,Field Label,Field Label,false,865,51,0.05896,766,string,待确认,,待确认,,,false
data/raw/AACR GENIE Biopharma Collaborative Public/Data Releases/PANC/1.0-public/Documentation/GENIE BPC PANC v1.0-public Variable Synopsis.xlsx::Variable Synopsis,Data Type,Data Type,false,865,0,0.0,<5,string,待确认,,待确认,,,false
data/raw/AACR GENIE Biopharma Collaborative Public/Data Releases/PANC/1.0-public/Documentation/GENIE BPC PANC v1.0-public Variable Synopsis.xlsx::Variable Synopsis,Values,Values,false,865,272,0.314451,218,string,待确认,,待确认,,,false
data/raw/AACR GENIE Biopharma Collaborative Public/Data Releases/PANC/1.0-public/【变量描述表格】GENIE-BPC-PANC-v1.0-public-Variable-Synopsis.xlsx::Overview,"This spreadsheet provides an overview and synopsis of the GENIE BPC data. The data structure is complex and multi-level (e.g. some datasets are 1 record per patient, 1 record per diagnosis, 1 record per scan, etc.). Please see the detailed Analytic Data Guide PDF for a full and complete explanation of each variable, its definition and coding levels. The Analytic Data Guide will be provided in conjunction with full release of the data files. 

This spreadsheet is provided as a reference guide only and must be used in conjunction with the fully annotated Analytic Data Guide to ensure proper interpretation of variables for analysis.","This spreadsheet provides an overview and synopsis of the GENIE BPC data. The data structure is complex and multi-level (e.g. some datasets are 1 record per patient, 1 record per diagnosis, 1 record per scan, etc.). Please see the detailed Analytic Data Guide PDF for a full and complete explanation of each variable, its definition and coding levels. The Analytic Data Guide will be provided in conjunction with full release of the data files. 

This spreadsheet is provided as a reference guide only and must be used in conjunction with the fully annotated Analytic Data Guide to ensure proper interpretation of variables for analysis.",false,15,14,0.933333,<5,string,待确认,,patient_key_or_patient_level,,,false
data/raw/AACR GENIE Biopharma Collaborative Public/Data Releases/PANC/1.0-public/【变量描述表格】GENIE-BPC-PANC-v1.0-public-Variable-Synopsis.xlsx::Variable Synopsis,Dataset,Dataset,false,865,0,0.0,9,string,待确认,,待确认,,,false
data/raw/AACR GENIE Biopharma Collaborative Public/Data Releases/PANC/1.0-public/【变量描述表格】GENIE-BPC-PANC-v1.0-public-Variable-Synopsis.xlsx::Variable Synopsis,Variable Name,Variable Name,false,865,0,0.0,827,string,待确认,,待确认,,,false
data/raw/AACR GENIE Biopharma Collaborative Public/Data Releases/PANC/1.0-public/【变量描述表格】GENIE-BPC-PANC-v1.0-public-Variable-Synopsis.xlsx::Variable Synopsis,Field Label,Field Label,false,865,51,0.05896,766,string,待确认,,待确认,,,false
data/raw/AACR GENIE Biopharma Collaborative Public/Data Releases/PANC/1.0-public/【变量描述表格】GENIE-BPC-PANC-v1.0-public-Variable-Synopsis.xlsx::Variable Synopsis,Data Type,Data Type,false,865,0,0.0,<5,string,待确认,,待确认,,,false
data/raw/AACR GENIE Biopharma Collaborative Public/Data Releases/PANC/1.0-public/【变量描述表格】GENIE-BPC-PANC-v1.0-public-Variable-Synopsis.xlsx::Variable Synopsis,Values,Values,false,865,272,0.314451,218,string,待确认,,待确认,,,false
data/raw/AACR GENIE Biopharma Collaborative Public/Data Releases/PANC/1.0-public/数据集内容概述_PANC.txt,key,key,false,22,0,0.0,22,string,待确认,,待确认,,,false
data/raw/AACR GENIE Biopharma Collaborative Public/Data Releases/PANC/1.0-public/数据集内容概述_PANC.txt,value,value,false,22,11,0.5,11,string,待确认,,待确认,,,false
