table_path,public_field_name,row_count,missing_count,missing_rate,unique_count,inferred_type
data/raw/AACR GENIE Biopharma Collaborative Public/Data Releases/PANC/1.0-public/cBioPortal_files/case_lists/cases_all.txt,key,5,0,0.0,5,string
data/raw/AACR GENIE Biopharma Collaborative Public/Data Releases/PANC/1.0-public/cBioPortal_files/case_lists/cases_all.txt,value,5,0,0.0,4,string
data/raw/AACR GENIE Biopharma Collaborative Public/Data Releases/PANC/1.0-public/cBioPortal_files/case_lists/cases_cna.txt,key,5,0,0.0,5,string
data/raw/AACR GENIE Biopharma Collaborative Public/Data Releases/PANC/1.0-public/cBioPortal_files/case_lists/cases_cna.txt,value,5,0,0.0,4,string
data/raw/AACR GENIE Biopharma Collaborative Public/Data Releases/PANC/1.0-public/cBioPortal_files/case_lists/cases_cnaseq.txt,key,5,0,0.0,5,string
data/raw/AACR GENIE Biopharma Collaborative Public/Data Releases/PANC/1.0-public/cBioPortal_files/case_lists/cases_cnaseq.txt,value,5,0,0.0,4,string
data/raw/AACR GENIE Biopharma Collaborative Public/Data Releases/PANC/1.0-public/cBioPortal_files/case_lists/cases_Pancreatic_Cancer.txt,key,5,0,0.0,5,string
data/raw/AACR GENIE Biopharma Collaborative Public/Data Releases/PANC/1.0-public/cBioPortal_files/case_lists/cases_Pancreatic_Cancer.txt,value,5,0,0.0,5,string
data/raw/AACR GENIE Biopharma Collaborative Public/Data Releases/PANC/1.0-public/cBioPortal_files/case_lists/cases_sequenced.txt,key,5,0,0.0,5,string
data/raw/AACR GENIE Biopharma Collaborative Public/Data Releases/PANC/1.0-public/cBioPortal_files/case_lists/cases_sequenced.txt,value,5,0,0.0,5,string
data/raw/AACR GENIE Biopharma Collaborative Public/Data Releases/PANC/1.0-public/cBioPortal_files/case_lists/cases_sv.txt,key,5,0,0.0,5,string
data/raw/AACR GENIE Biopharma Collaborative Public/Data Releases/PANC/1.0-public/cBioPortal_files/case_lists/cases_sv.txt,value,5,0,0.0,4,string
data/raw/AACR GENIE Biopharma Collaborative Public/Data Releases/PANC/1.0-public/cBioPortal_files/data_clinical_patient.txt,PATIENT_ID,1109,0,0.0,1109,string
data/raw/AACR GENIE Biopharma Collaborative Public/Data Releases/PANC/1.0-public/cBioPortal_files/data_clinical_patient.txt,CA_DMETS_YN,1109,612,0.551849,1,boolean
data/raw/AACR GENIE Biopharma Collaborative Public/Data Releases/PANC/1.0-public/cBioPortal_files/data_clinical_patient.txt,CA_GRADE,1109,584,0.526601,4,string
data/raw/AACR GENIE Biopharma Collaborative Public/Data Releases/PANC/1.0-public/cBioPortal_files/data_clinical_patient.txt,CA_HIST_ADENO_SQUAMOUS,1109,0,0.0,5,string
data/raw/AACR GENIE Biopharma Collaborative Public/Data Releases/PANC/1.0-public/cBioPortal_files/data_clinical_patient.txt,CA_RESECT_STATUS,1109,1,0.000902,4,string
data/raw/AACR GENIE Biopharma Collaborative Public/Data Releases/PANC/1.0-public/cBioPortal_files/data_clinical_patient.txt,CA_HISTOLOGY,1109,401,0.361587,20,string
data/raw/AACR GENIE Biopharma Collaborative Public/Data Releases/PANC/1.0-public/cBioPortal_files/data_clinical_patient.txt,CA_TX_PRE_PATH_STAGE,1109,593,0.534716,3,mixed_string
data/raw/AACR GENIE Biopharma Collaborative Public/Data Releases/PANC/1.0-public/cBioPortal_files/data_clinical_patient.txt,DMETS_DX_ADRENAL,1109,612,0.551849,2,boolean
data/raw/AACR GENIE Biopharma Collaborative Public/Data Releases/PANC/1.0-public/cBioPortal_files/data_clinical_patient.txt,DMETS_DX_BONE,1109,612,0.551849,2,boolean
data/raw/AACR GENIE Biopharma Collaborative Public/Data Releases/PANC/1.0-public/cBioPortal_files/data_clinical_patient.txt,DMETS_DX_BRAIN,1109,612,0.551849,2,boolean
data/raw/AACR GENIE Biopharma Collaborative Public/Data Releases/PANC/1.0-public/cBioPortal_files/data_clinical_patient.txt,DMETS_DX_LIVER,1109,612,0.551849,2,boolean
data/raw/AACR GENIE Biopharma Collaborative Public/Data Releases/PANC/1.0-public/cBioPortal_files/data_clinical_patient.txt,DMETS_DX_LUNG,1109,612,0.551849,2,boolean
data/raw/AACR GENIE Biopharma Collaborative Public/Data Releases/PANC/1.0-public/cBioPortal_files/data_clinical_patient.txt,DMETS_DX_LYMPH,1109,612,0.551849,2,boolean
data/raw/AACR GENIE Biopharma Collaborative Public/Data Releases/PANC/1.0-public/cBioPortal_files/data_clinical_patient.txt,DMETS_DX_OTHER,1109,612,0.551849,2,boolean
data/raw/AACR GENIE Biopharma Collaborative Public/Data Releases/PANC/1.0-public/cBioPortal_files/data_clinical_patient.txt,DMETS_DX_PLEURA,1109,612,0.551849,2,boolean
data/raw/AACR GENIE Biopharma Collaborative Public/Data Releases/PANC/1.0-public/cBioPortal_files/data_clinical_patient.txt,DMETS_DX_SUBC_TISSUE,1109,612,0.551849,2,boolean
data/raw/AACR GENIE Biopharma Collaborative Public/Data Releases/PANC/1.0-public/cBioPortal_files/data_clinical_patient.txt,STAGE_DX,1109,0,0.0,5,string
data/raw/AACR GENIE Biopharma Collaborative Public/Data Releases/PANC/1.0-public/cBioPortal_files/data_clinical_patient.txt,BIRTH_YEAR,1109,0,0.0,60,integer
data/raw/AACR GENIE Biopharma Collaborative Public/Data Releases/PANC/1.0-public/cBioPortal_files/data_clinical_patient.txt,CENTER,1109,0,0.0,4,string
data/raw/AACR GENIE Biopharma Collaborative Public/Data Releases/PANC/1.0-public/cBioPortal_files/data_clinical_patient.txt,N_RT_PT,1109,0,0.0,8,mixed_integer
data/raw/AACR GENIE Biopharma Collaborative Public/Data Releases/PANC/1.0-public/cBioPortal_files/data_clinical_patient.txt,N_CANCERS,1109,0,0.0,5,mixed_integer
data/raw/AACR GENIE Biopharma Collaborative Public/Data Releases/PANC/1.0-public/cBioPortal_files/data_clinical_patient.txt,N_CANCERS_INDEX,1109,0,0.0,2,mixed_integer
data/raw/AACR GENIE Biopharma Collaborative Public/Data Releases/PANC/1.0-public/cBioPortal_files/data_clinical_patient.txt,N_IMAGING_REPORTS_PT,1109,0,0.0,63,mixed_integer
data/raw/AACR GENIE Biopharma Collaborative Public/Data Releases/PANC/1.0-public/cBioPortal_files/data_clinical_patient.txt,N_MD_NOTES_PT,1109,0,0.0,66,mixed_integer
data/raw/AACR GENIE Biopharma Collaborative Public/Data Releases/PANC/1.0-public/cBioPortal_files/data_clinical_patient.txt,N_TM_CA19_9_PT,1109,0,0.0,72,mixed_integer
data/raw/AACR GENIE Biopharma Collaborative Public/Data Releases/PANC/1.0-public/cBioPortal_files/data_clinical_patient.txt,N_TM_CEA_PT,1109,0,0.0,51,mixed_integer
data/raw/AACR GENIE Biopharma Collaborative Public/Data Releases/PANC/1.0-public/cBioPortal_files/data_clinical_patient.txt,N_TM_PT,1109,0,0.0,91,mixed_integer
data/raw/AACR GENIE Biopharma Collaborative Public/Data Releases/PANC/1.0-public/cBioPortal_files/data_clinical_patient.txt,N_PATH_REPORTS_PT,1109,0,0.0,18,mixed_integer
data/raw/AACR GENIE Biopharma Collaborative Public/Data Releases/PANC/1.0-public/cBioPortal_files/data_clinical_patient.txt,N_REGIMENS_PT,1109,0,0.0,14,mixed_integer
data/raw/AACR GENIE Biopharma Collaborative Public/Data Releases/PANC/1.0-public/cBioPortal_files/data_clinical_patient.txt,N_SCANS_CT_PT,1109,0,0.0,53,mixed_integer
data/raw/AACR GENIE Biopharma Collaborative Public/Data Releases/PANC/1.0-public/cBioPortal_files/data_clinical_patient.txt,N_SCANS_MRI_PT,1109,0,0.0,23,mixed_integer
data/raw/AACR GENIE Biopharma Collaborative Public/Data Releases/PANC/1.0-public/cBioPortal_files/data_clinical_patient.txt,N_SCANS_PET_CT_PT,1109,0,0.0,12,mixed_integer
data/raw/AACR GENIE Biopharma Collaborative Public/Data Releases/PANC/1.0-public/cBioPortal_files/data_clinical_patient.txt,ETHNICITY,1109,0,0.0,4,string
data/raw/AACR GENIE Biopharma Collaborative Public/Data Releases/PANC/1.0-public/cBioPortal_files/data_clinical_patient.txt,PRIMARY_RACE,1109,0,0.0,6,string
data/raw/AACR GENIE Biopharma Collaborative Public/Data Releases/PANC/1.0-public/cBioPortal_files/data_clinical_patient.txt,SEX,1109,0,0.0,2,string
data/raw/AACR GENIE Biopharma Collaborative Public/Data Releases/PANC/1.0-public/cBioPortal_files/data_clinical_sample.txt,SAMPLE_ID,1130,0,0.0,1130,string
data/raw/AACR GENIE Biopharma Collaborative Public/Data Releases/PANC/1.0-public/cBioPortal_files/data_clinical_sample.txt,ONCOTREE_CODE,1130,0,0.0,4,string
data/raw/AACR GENIE Biopharma Collaborative Public/Data Releases/PANC/1.0-public/cBioPortal_files/data_clinical_sample.txt,SEQ_ASSAY_ID,1130,0,0.0,14,string
data/raw/AACR GENIE Biopharma Collaborative Public/Data Releases/PANC/1.0-public/cBioPortal_files/data_clinical_sample.txt,AGE_AT_SEQUENCING,1130,0,0.0,57,integer
data/raw/AACR GENIE Biopharma Collaborative Public/Data Releases/PANC/1.0-public/cBioPortal_files/data_clinical_sample.txt,PATIENT_ID,1130,0,0.0,1109,string
data/raw/AACR GENIE Biopharma Collaborative Public/Data Releases/PANC/1.0-public/cBioPortal_files/data_clinical_sample.txt,SAMPLE_TYPE_DETAILED,1130,4,0.00354,4,string
data/raw/AACR GENIE Biopharma Collaborative Public/Data Releases/PANC/1.0-public/cBioPortal_files/data_clinical_sample.txt,PDL1_POSITIVE_ANY,1130,1119,0.990265,2,boolean
data/raw/AACR GENIE Biopharma Collaborative Public/Data Releases/PANC/1.0-public/cBioPortal_files/data_clinical_sample.txt,PDL1_TESTING,1130,0,0.0,2,boolean
data/raw/AACR GENIE Biopharma Collaborative Public/Data Releases/PANC/1.0-public/cBioPortal_files/data_clinical_sample.txt,CPT_SEQ_DATE,1130,2,0.00177,6,integer
data/raw/AACR GENIE Biopharma Collaborative Public/Data Releases/PANC/1.0-public/cBioPortal_files/data_clinical_supp_survival.txt,PATIENT_ID,1109,0,0.0,1109,string
data/raw/AACR GENIE Biopharma Collaborative Public/Data Releases/PANC/1.0-public/cBioPortal_files/data_clinical_supp_survival.txt,PFS_I_ADV_STATUS,1109,88,0.079351,2,string
data/raw/AACR GENIE Biopharma Collaborative Public/Data Releases/PANC/1.0-public/cBioPortal_files/data_clinical_supp_survival.txt,PFS_M_ADV_STATUS,1109,88,0.079351,2,string
data/raw/AACR GENIE Biopharma Collaborative Public/Data Releases/PANC/1.0-public/cBioPortal_files/data_clinical_supp_survival.txt,PFS_I_ADV_MONTHS,1109,88,0.079351,502,float
data/raw/AACR GENIE Biopharma Collaborative Public/Data Releases/PANC/1.0-public/cBioPortal_files/data_clinical_supp_survival.txt,PFS_M_ADV_MONTHS,1109,88,0.079351,540,float
data/raw/AACR GENIE Biopharma Collaborative Public/Data Releases/PANC/1.0-public/cBioPortal_files/data_clinical_supp_survival.txt,OS_STATUS,1109,0,0.0,2,string
data/raw/AACR GENIE Biopharma Collaborative Public/Data Releases/PANC/1.0-public/cBioPortal_files/data_clinical_supp_survival.txt,OS_MONTHS,1109,0,0.0,810,float
data/raw/AACR GENIE Biopharma Collaborative Public/Data Releases/PANC/1.0-public/cBioPortal_files/data_clinical_supp_survival_treatment.txt,PATIENT_ID,1002,0,0.0,1002,string
data/raw/AACR GENIE Biopharma Collaborative Public/Data Releases/PANC/1.0-public/cBioPortal_files/data_clinical_supp_survival_treatment.txt,OS_1794_STATUS,1002,818,0.816367,2,string
data/raw/AACR GENIE Biopharma Collaborative Public/Data Releases/PANC/1.0-public/cBioPortal_files/data_clinical_supp_survival_treatment.txt,PFS_1794_IMAGING_STATUS,1002,906,0.904192,2,string
data/raw/AACR GENIE Biopharma Collaborative Public/Data Releases/PANC/1.0-public/cBioPortal_files/data_clinical_supp_survival_treatment.txt,PFS_1794_MED_STATUS,1002,906,0.904192,2,string
data/raw/AACR GENIE Biopharma Collaborative Public/Data Releases/PANC/1.0-public/cBioPortal_files/data_clinical_supp_survival_treatment.txt,OS_1794_MONTHS,1002,818,0.816367,175,float
data/raw/AACR GENIE Biopharma Collaborative Public/Data Releases/PANC/1.0-public/cBioPortal_files/data_clinical_supp_survival_treatment.txt,PFS_1794_IMAGING_MONTHS,1002,906,0.904192,86,float
data/raw/AACR GENIE Biopharma Collaborative Public/Data Releases/PANC/1.0-public/cBioPortal_files/data_clinical_supp_survival_treatment.txt,PFS_1794_MED_MONTHS,1002,906,0.904192,84,float
data/raw/AACR GENIE Biopharma Collaborative Public/Data Releases/PANC/1.0-public/cBioPortal_files/data_clinical_supp_survival_treatment.txt,OS_1794_961_STATUS,1002,892,0.89022,2,string
data/raw/AACR GENIE Biopharma Collaborative Public/Data Releases/PANC/1.0-public/cBioPortal_files/data_clinical_supp_survival_treatment.txt,PFS_1794_961_IMAGING_STATUS,1002,944,0.942116,2,string
data/raw/AACR GENIE Biopharma Collaborative Public/Data Releases/PANC/1.0-public/cBioPortal_files/data_clinical_supp_survival_treatment.txt,PFS_1794_961_MED_STATUS,1002,944,0.942116,2,string
data/raw/AACR GENIE Biopharma Collaborative Public/Data Releases/PANC/1.0-public/cBioPortal_files/data_clinical_supp_survival_treatment.txt,OS_1794_961_MONTHS,1002,892,0.89022,108,float
data/raw/AACR GENIE Biopharma Collaborative Public/Data Releases/PANC/1.0-public/cBioPortal_files/data_clinical_supp_survival_treatment.txt,PFS_1794_961_IMAGING_MONTHS,1002,944,0.942116,54,float
data/raw/AACR GENIE Biopharma Collaborative Public/Data Releases/PANC/1.0-public/cBioPortal_files/data_clinical_supp_survival_treatment.txt,PFS_1794_961_MED_MONTHS,1002,944,0.942116,52,float
data/raw/AACR GENIE Biopharma Collaborative Public/Data Releases/PANC/1.0-public/cBioPortal_files/data_clinical_supp_survival_treatment.txt,OS_1794_1181_STATUS,1002,986,0.984032,2,string
data/raw/AACR GENIE Biopharma Collaborative Public/Data Releases/PANC/1.0-public/cBioPortal_files/data_clinical_supp_survival_treatment.txt,PFS_1794_1181_IMAGING_STATUS,1002,988,0.986028,2,string
data/raw/AACR GENIE Biopharma Collaborative Public/Data Releases/PANC/1.0-public/cBioPortal_files/data_clinical_supp_survival_treatment.txt,PFS_1794_1181_MED_STATUS,1002,988,0.986028,2,string
data/raw/AACR GENIE Biopharma Collaborative Public/Data Releases/PANC/1.0-public/cBioPortal_files/data_clinical_supp_survival_treatment.txt,OS_1794_1181_MONTHS,1002,986,0.984032,16,float
data/raw/AACR GENIE Biopharma Collaborative Public/Data Releases/PANC/1.0-public/cBioPortal_files/data_clinical_supp_survival_treatment.txt,PFS_1794_1181_IMAGING_MONTHS,1002,988,0.986028,14,float
data/raw/AACR GENIE Biopharma Collaborative Public/Data Releases/PANC/1.0-public/cBioPortal_files/data_clinical_supp_survival_treatment.txt,PFS_1794_1181_MED_MONTHS,1002,988,0.986028,14,float
data/raw/AACR GENIE Biopharma Collaborative Public/Data Releases/PANC/1.0-public/cBioPortal_files/data_clinical_supp_survival_treatment.txt,OS_376_961_STATUS,1002,967,0.96507,2,string
data/raw/AACR GENIE Biopharma Collaborative Public/Data Releases/PANC/1.0-public/cBioPortal_files/data_clinical_supp_survival_treatment.txt,PFS_376_961_IMAGING_STATUS,1002,970,0.968064,2,string
data/raw/AACR GENIE Biopharma Collaborative Public/Data Releases/PANC/1.0-public/cBioPortal_files/data_clinical_supp_survival_treatment.txt,PFS_376_961_MED_STATUS,1002,970,0.968064,2,string
data/raw/AACR GENIE Biopharma Collaborative Public/Data Releases/PANC/1.0-public/cBioPortal_files/data_clinical_supp_survival_treatment.txt,OS_376_961_MONTHS,1002,967,0.96507,35,float
data/raw/AACR GENIE Biopharma Collaborative Public/Data Releases/PANC/1.0-public/cBioPortal_files/data_clinical_supp_survival_treatment.txt,PFS_376_961_IMAGING_MONTHS,1002,970,0.968064,29,float
data/raw/AACR GENIE Biopharma Collaborative Public/Data Releases/PANC/1.0-public/cBioPortal_files/data_clinical_supp_survival_treatment.txt,PFS_376_961_MED_MONTHS,1002,970,0.968064,29,float
data/raw/AACR GENIE Biopharma Collaborative Public/Data Releases/PANC/1.0-public/cBioPortal_files/data_clinical_supp_survival_treatment.txt,OS_376_961_2688_STATUS,1002,990,0.988024,2,string
data/raw/AACR GENIE Biopharma Collaborative Public/Data Releases/PANC/1.0-public/cBioPortal_files/data_clinical_supp_survival_treatment.txt,PFS_376_961_2688_IMAGING_STATUS,1002,991,0.989022,2,string
data/raw/AACR GENIE Biopharma Collaborative Public/Data Releases/PANC/1.0-public/cBioPortal_files/data_clinical_supp_survival_treatment.txt,PFS_376_961_2688_MED_STATUS,1002,991,0.989022,2,string
data/raw/AACR GENIE Biopharma Collaborative Public/Data Releases/PANC/1.0-public/cBioPortal_files/data_clinical_supp_survival_treatment.txt,OS_376_961_2688_MONTHS,1002,990,0.988024,12,float
data/raw/AACR GENIE Biopharma Collaborative Public/Data Releases/PANC/1.0-public/cBioPortal_files/data_clinical_supp_survival_treatment.txt,PFS_376_961_2688_IMAGING_MONTHS,1002,991,0.989022,11,float
data/raw/AACR GENIE Biopharma Collaborative Public/Data Releases/PANC/1.0-public/cBioPortal_files/data_clinical_supp_survival_treatment.txt,PFS_376_961_2688_MED_MONTHS,1002,991,0.989022,11,float
data/raw/AACR GENIE Biopharma Collaborative Public/Data Releases/PANC/1.0-public/cBioPortal_files/data_clinical_supp_survival_treatment.txt,OS_505_STATUS,1002,976,0.974052,2,string
data/raw/AACR GENIE Biopharma Collaborative Public/Data Releases/PANC/1.0-public/cBioPortal_files/data_clinical_supp_survival_treatment.txt,PFS_505_IMAGING_STATUS,1002,989,0.987026,2,string
data/raw/AACR GENIE Biopharma Collaborative Public/Data Releases/PANC/1.0-public/cBioPortal_files/data_clinical_supp_survival_treatment.txt,PFS_505_MED_STATUS,1002,989,0.987026,2,string
data/raw/AACR GENIE Biopharma Collaborative Public/Data Releases/PANC/1.0-public/cBioPortal_files/data_clinical_supp_survival_treatment.txt,OS_505_MONTHS,1002,976,0.974052,26,float
data/raw/AACR GENIE Biopharma Collaborative Public/Data Releases/PANC/1.0-public/cBioPortal_files/data_clinical_supp_survival_treatment.txt,PFS_505_IMAGING_MONTHS,1002,989,0.987026,13,float
data/raw/AACR GENIE Biopharma Collaborative Public/Data Releases/PANC/1.0-public/cBioPortal_files/data_clinical_supp_survival_treatment.txt,PFS_505_MED_MONTHS,1002,989,0.987026,13,float
data/raw/AACR GENIE Biopharma Collaborative Public/Data Releases/PANC/1.0-public/cBioPortal_files/data_clinical_supp_survival_treatment.txt,OS_505_1381_607_STATUS,1002,902,0.9002,2,string
data/raw/AACR GENIE Biopharma Collaborative Public/Data Releases/PANC/1.0-public/cBioPortal_files/data_clinical_supp_survival_treatment.txt,PFS_505_1381_607_IMAGING_STATUS,1002,906,0.904192,2,string
data/raw/AACR GENIE Biopharma Collaborative Public/Data Releases/PANC/1.0-public/cBioPortal_files/data_clinical_supp_survival_treatment.txt,PFS_505_1381_607_MED_STATUS,1002,906,0.904192,2,string
data/raw/AACR GENIE Biopharma Collaborative Public/Data Releases/PANC/1.0-public/cBioPortal_files/data_clinical_supp_survival_treatment.txt,OS_505_1381_607_MONTHS,1002,902,0.9002,95,float
data/raw/AACR GENIE Biopharma Collaborative Public/Data Releases/PANC/1.0-public/cBioPortal_files/data_clinical_supp_survival_treatment.txt,PFS_505_1381_607_IMAGING_MONTHS,1002,906,0.904192,79,float
data/raw/AACR GENIE Biopharma Collaborative Public/Data Releases/PANC/1.0-public/cBioPortal_files/data_clinical_supp_survival_treatment.txt,PFS_505_1381_607_MED_MONTHS,1002,906,0.904192,72,float
data/raw/AACR GENIE Biopharma Collaborative Public/Data Releases/PANC/1.0-public/cBioPortal_files/data_clinical_supp_survival_treatment.txt,OS_505_1381_607_1181_STATUS,1002,395,0.394212,2,string
data/raw/AACR GENIE Biopharma Collaborative Public/Data Releases/PANC/1.0-public/cBioPortal_files/data_clinical_supp_survival_treatment.txt,PFS_505_1381_607_1181_IMAGING_STATUS,1002,589,0.587824,2,string
data/raw/AACR GENIE Biopharma Collaborative Public/Data Releases/PANC/1.0-public/cBioPortal_files/data_clinical_supp_survival_treatment.txt,PFS_505_1381_607_1181_MED_STATUS,1002,589,0.587824,2,string
data/raw/AACR GENIE Biopharma Collaborative Public/Data Releases/PANC/1.0-public/cBioPortal_files/data_clinical_supp_survival_treatment.txt,OS_505_1381_607_1181_MONTHS,1002,395,0.394212,493,float
data/raw/AACR GENIE Biopharma Collaborative Public/Data Releases/PANC/1.0-public/cBioPortal_files/data_clinical_supp_survival_treatment.txt,PFS_505_1381_607_1181_IMAGING_MONTHS,1002,589,0.587824,266,mixed_float
data/raw/AACR GENIE Biopharma Collaborative Public/Data Releases/PANC/1.0-public/cBioPortal_files/data_clinical_supp_survival_treatment.txt,PFS_505_1381_607_1181_MED_MONTHS,1002,589,0.587824,259,mixed_float
data/raw/AACR GENIE Biopharma Collaborative Public/Data Releases/PANC/1.0-public/cBioPortal_files/data_clinical_supp_survival_treatment.txt,OS_505_1381_1181_STATUS,1002,994,0.992016,2,string
data/raw/AACR GENIE Biopharma Collaborative Public/Data Releases/PANC/1.0-public/cBioPortal_files/data_clinical_supp_survival_treatment.txt,PFS_505_1381_1181_IMAGING_STATUS,1002,994,0.992016,2,string
data/raw/AACR GENIE Biopharma Collaborative Public/Data Releases/PANC/1.0-public/cBioPortal_files/data_clinical_supp_survival_treatment.txt,PFS_505_1381_1181_MED_STATUS,1002,994,0.992016,2,string
data/raw/AACR GENIE Biopharma Collaborative Public/Data Releases/PANC/1.0-public/cBioPortal_files/data_clinical_supp_survival_treatment.txt,OS_505_1381_1181_MONTHS,1002,994,0.992016,8,float
data/raw/AACR GENIE Biopharma Collaborative Public/Data Releases/PANC/1.0-public/cBioPortal_files/data_clinical_supp_survival_treatment.txt,PFS_505_1381_1181_IMAGING_MONTHS,1002,994,0.992016,8,float
data/raw/AACR GENIE Biopharma Collaborative Public/Data Releases/PANC/1.0-public/cBioPortal_files/data_clinical_supp_survival_treatment.txt,PFS_505_1381_1181_MED_MONTHS,1002,994,0.992016,8,float
data/raw/AACR GENIE Biopharma Collaborative Public/Data Releases/PANC/1.0-public/cBioPortal_files/data_clinical_supp_survival_treatment.txt,OS_505_82676_STATUS,1002,984,0.982036,2,string
data/raw/AACR GENIE Biopharma Collaborative Public/Data Releases/PANC/1.0-public/cBioPortal_files/data_clinical_supp_survival_treatment.txt,PFS_505_82676_IMAGING_STATUS,1002,985,0.983034,2,string
data/raw/AACR GENIE Biopharma Collaborative Public/Data Releases/PANC/1.0-public/cBioPortal_files/data_clinical_supp_survival_treatment.txt,PFS_505_82676_MED_STATUS,1002,985,0.983034,2,string
data/raw/AACR GENIE Biopharma Collaborative Public/Data Releases/PANC/1.0-public/cBioPortal_files/data_clinical_supp_survival_treatment.txt,OS_505_82676_MONTHS,1002,984,0.982036,17,float
data/raw/AACR GENIE Biopharma Collaborative Public/Data Releases/PANC/1.0-public/cBioPortal_files/data_clinical_supp_survival_treatment.txt,PFS_505_82676_IMAGING_MONTHS,1002,985,0.983034,16,float
data/raw/AACR GENIE Biopharma Collaborative Public/Data Releases/PANC/1.0-public/cBioPortal_files/data_clinical_supp_survival_treatment.txt,PFS_505_82676_MED_MONTHS,1002,985,0.983034,14,float
data/raw/AACR GENIE Biopharma Collaborative Public/Data Releases/PANC/1.0-public/cBioPortal_files/data_clinical_supp_survival_treatment.txt,OS_505_82676_607_STATUS,1002,920,0.918164,2,string
data/raw/AACR GENIE Biopharma Collaborative Public/Data Releases/PANC/1.0-public/cBioPortal_files/data_clinical_supp_survival_treatment.txt,PFS_505_82676_607_IMAGING_STATUS,1002,924,0.922156,2,string
data/raw/AACR GENIE Biopharma Collaborative Public/Data Releases/PANC/1.0-public/cBioPortal_files/data_clinical_supp_survival_treatment.txt,PFS_505_82676_607_MED_STATUS,1002,924,0.922156,2,string
data/raw/AACR GENIE Biopharma Collaborative Public/Data Releases/PANC/1.0-public/cBioPortal_files/data_clinical_supp_survival_treatment.txt,OS_505_82676_607_MONTHS,1002,920,0.918164,76,float
data/raw/AACR GENIE Biopharma Collaborative Public/Data Releases/PANC/1.0-public/cBioPortal_files/data_clinical_supp_survival_treatment.txt,PFS_505_82676_607_IMAGING_MONTHS,1002,924,0.922156,59,float
data/raw/AACR GENIE Biopharma Collaborative Public/Data Releases/PANC/1.0-public/cBioPortal_files/data_clinical_supp_survival_treatment.txt,PFS_505_82676_607_MED_MONTHS,1002,924,0.922156,62,float
data/raw/AACR GENIE Biopharma Collaborative Public/Data Releases/PANC/1.0-public/cBioPortal_files/data_clinical_supp_survival_treatment.txt,OS_505_607_STATUS,1002,964,0.962076,2,string
data/raw/AACR GENIE Biopharma Collaborative Public/Data Releases/PANC/1.0-public/cBioPortal_files/data_clinical_supp_survival_treatment.txt,PFS_505_607_IMAGING_STATUS,1002,968,0.966068,2,string
data/raw/AACR GENIE Biopharma Collaborative Public/Data Releases/PANC/1.0-public/cBioPortal_files/data_clinical_supp_survival_treatment.txt,PFS_505_607_MED_STATUS,1002,968,0.966068,2,string
data/raw/AACR GENIE Biopharma Collaborative Public/Data Releases/PANC/1.0-public/cBioPortal_files/data_clinical_supp_survival_treatment.txt,OS_505_607_MONTHS,1002,964,0.962076,36,float
data/raw/AACR GENIE Biopharma Collaborative Public/Data Releases/PANC/1.0-public/cBioPortal_files/data_clinical_supp_survival_treatment.txt,PFS_505_607_IMAGING_MONTHS,1002,968,0.966068,31,float
data/raw/AACR GENIE Biopharma Collaborative Public/Data Releases/PANC/1.0-public/cBioPortal_files/data_clinical_supp_survival_treatment.txt,PFS_505_607_MED_MONTHS,1002,968,0.966068,30,float
data/raw/AACR GENIE Biopharma Collaborative Public/Data Releases/PANC/1.0-public/cBioPortal_files/data_clinical_supp_survival_treatment.txt,OS_505_607_1181_STATUS,1002,841,0.839321,2,string
data/raw/AACR GENIE Biopharma Collaborative Public/Data Releases/PANC/1.0-public/cBioPortal_files/data_clinical_supp_survival_treatment.txt,PFS_505_607_1181_IMAGING_STATUS,1002,851,0.849301,2,string
data/raw/AACR GENIE Biopharma Collaborative Public/Data Releases/PANC/1.0-public/cBioPortal_files/data_clinical_supp_survival_treatment.txt,PFS_505_607_1181_MED_STATUS,1002,851,0.849301,2,string
data/raw/AACR GENIE Biopharma Collaborative Public/Data Releases/PANC/1.0-public/cBioPortal_files/data_clinical_supp_survival_treatment.txt,OS_505_607_1181_MONTHS,1002,841,0.839321,144,float
data/raw/AACR GENIE Biopharma Collaborative Public/Data Releases/PANC/1.0-public/cBioPortal_files/data_clinical_supp_survival_treatment.txt,PFS_505_607_1181_IMAGING_MONTHS,1002,851,0.849301,100,float
data/raw/AACR GENIE Biopharma Collaborative Public/Data Releases/PANC/1.0-public/cBioPortal_files/data_clinical_supp_survival_treatment.txt,PFS_505_607_1181_MED_MONTHS,1002,851,0.849301,98,float
data/raw/AACR GENIE Biopharma Collaborative Public/Data Releases/PANC/1.0-public/cBioPortal_files/data_clinical_supp_survival_treatment.txt,OS_505_1181_STATUS,1002,992,0.99002,2,string
data/raw/AACR GENIE Biopharma Collaborative Public/Data Releases/PANC/1.0-public/cBioPortal_files/data_clinical_supp_survival_treatment.txt,PFS_505_1181_IMAGING_STATUS,1002,992,0.99002,2,string
data/raw/AACR GENIE Biopharma Collaborative Public/Data Releases/PANC/1.0-public/cBioPortal_files/data_clinical_supp_survival_treatment.txt,PFS_505_1181_MED_STATUS,1002,992,0.99002,2,string
data/raw/AACR GENIE Biopharma Collaborative Public/Data Releases/PANC/1.0-public/cBioPortal_files/data_clinical_supp_survival_treatment.txt,OS_505_1181_MONTHS,1002,992,0.99002,10,float
data/raw/AACR GENIE Biopharma Collaborative Public/Data Releases/PANC/1.0-public/cBioPortal_files/data_clinical_supp_survival_treatment.txt,PFS_505_1181_IMAGING_MONTHS,1002,992,0.99002,9,float
data/raw/AACR GENIE Biopharma Collaborative Public/Data Releases/PANC/1.0-public/cBioPortal_files/data_clinical_supp_survival_treatment.txt,PFS_505_1181_MED_MONTHS,1002,992,0.99002,10,float
data/raw/AACR GENIE Biopharma Collaborative Public/Data Releases/PANC/1.0-public/cBioPortal_files/data_clinical_supp_survival_treatment.txt,OS_961_STATUS,1002,754,0.752495,2,string
data/raw/AACR GENIE Biopharma Collaborative Public/Data Releases/PANC/1.0-public/cBioPortal_files/data_clinical_supp_survival_treatment.txt,PFS_961_IMAGING_STATUS,1002,878,0.876248,2,string
data/raw/AACR GENIE Biopharma Collaborative Public/Data Releases/PANC/1.0-public/cBioPortal_files/data_clinical_supp_survival_treatment.txt,PFS_961_MED_STATUS,1002,878,0.876248,2,string
data/raw/AACR GENIE Biopharma Collaborative Public/Data Releases/PANC/1.0-public/cBioPortal_files/data_clinical_supp_survival_treatment.txt,OS_961_MONTHS,1002,754,0.752495,229,float
data/raw/AACR GENIE Biopharma Collaborative Public/Data Releases/PANC/1.0-public/cBioPortal_files/data_clinical_supp_survival_treatment.txt,PFS_961_IMAGING_MONTHS,1002,878,0.876248,102,float
data/raw/AACR GENIE Biopharma Collaborative Public/Data Releases/PANC/1.0-public/cBioPortal_files/data_clinical_supp_survival_treatment.txt,PFS_961_MED_MONTHS,1002,878,0.876248,103,float
data/raw/AACR GENIE Biopharma Collaborative Public/Data Releases/PANC/1.0-public/cBioPortal_files/data_clinical_supp_survival_treatment.txt,OS_961_2688_STATUS,1002,441,0.44012,2,string
data/raw/AACR GENIE Biopharma Collaborative Public/Data Releases/PANC/1.0-public/cBioPortal_files/data_clinical_supp_survival_treatment.txt,PFS_961_2688_IMAGING_STATUS,1002,520,0.518962,2,string
data/raw/AACR GENIE Biopharma Collaborative Public/Data Releases/PANC/1.0-public/cBioPortal_files/data_clinical_supp_survival_treatment.txt,PFS_961_2688_MED_STATUS,1002,520,0.518962,2,string
data/raw/AACR GENIE Biopharma Collaborative Public/Data Releases/PANC/1.0-public/cBioPortal_files/data_clinical_supp_survival_treatment.txt,OS_961_2688_MONTHS,1002,441,0.44012,395,float
data/raw/AACR GENIE Biopharma Collaborative Public/Data Releases/PANC/1.0-public/cBioPortal_files/data_clinical_supp_survival_treatment.txt,PFS_961_2688_IMAGING_MONTHS,1002,520,0.518962,240,float
data/raw/AACR GENIE Biopharma Collaborative Public/Data Releases/PANC/1.0-public/cBioPortal_files/data_clinical_supp_survival_treatment.txt,PFS_961_2688_MED_MONTHS,1002,520,0.518962,244,float
data/raw/AACR GENIE Biopharma Collaborative Public/Data Releases/PANC/1.0-public/cBioPortal_files/data_clinical_supp_survival_treatment.txt,OS_961_1181_STATUS,1002,989,0.987026,2,string
data/raw/AACR GENIE Biopharma Collaborative Public/Data Releases/PANC/1.0-public/cBioPortal_files/data_clinical_supp_survival_treatment.txt,PFS_961_1181_IMAGING_STATUS,1002,990,0.988024,2,string
data/raw/AACR GENIE Biopharma Collaborative Public/Data Releases/PANC/1.0-public/cBioPortal_files/data_clinical_supp_survival_treatment.txt,PFS_961_1181_MED_STATUS,1002,990,0.988024,2,string
data/raw/AACR GENIE Biopharma Collaborative Public/Data Releases/PANC/1.0-public/cBioPortal_files/data_clinical_supp_survival_treatment.txt,OS_961_1181_MONTHS,1002,989,0.987026,13,float
data/raw/AACR GENIE Biopharma Collaborative Public/Data Releases/PANC/1.0-public/cBioPortal_files/data_clinical_supp_survival_treatment.txt,PFS_961_1181_IMAGING_MONTHS,1002,990,0.988024,12,float
data/raw/AACR GENIE Biopharma Collaborative Public/Data Releases/PANC/1.0-public/cBioPortal_files/data_clinical_supp_survival_treatment.txt,PFS_961_1181_MED_MONTHS,1002,990,0.988024,12,float
data/raw/AACR GENIE Biopharma Collaborative Public/Data Releases/PANC/1.0-public/cBioPortal_files/data_clinical_supp_survival_treatment.txt,OS_82676_STATUS,1002,995,0.993014,2,string
data/raw/AACR GENIE Biopharma Collaborative Public/Data Releases/PANC/1.0-public/cBioPortal_files/data_clinical_supp_survival_treatment.txt,PFS_82676_IMAGING_STATUS,1002,995,0.993014,2,string
data/raw/AACR GENIE Biopharma Collaborative Public/Data Releases/PANC/1.0-public/cBioPortal_files/data_clinical_supp_survival_treatment.txt,PFS_82676_MED_STATUS,1002,995,0.993014,2,string
data/raw/AACR GENIE Biopharma Collaborative Public/Data Releases/PANC/1.0-public/cBioPortal_files/data_clinical_supp_survival_treatment.txt,OS_82676_MONTHS,1002,995,0.993014,7,float
data/raw/AACR GENIE Biopharma Collaborative Public/Data Releases/PANC/1.0-public/cBioPortal_files/data_clinical_supp_survival_treatment.txt,PFS_82676_IMAGING_MONTHS,1002,995,0.993014,7,float
data/raw/AACR GENIE Biopharma Collaborative Public/Data Releases/PANC/1.0-public/cBioPortal_files/data_clinical_supp_survival_treatment.txt,PFS_82676_MED_MONTHS,1002,995,0.993014,7,float
data/raw/AACR GENIE Biopharma Collaborative Public/Data Releases/PANC/1.0-public/cBioPortal_files/data_clinical_supp_survival_treatment.txt,OS_2688_STATUS,1002,994,0.992016,2,string
data/raw/AACR GENIE Biopharma Collaborative Public/Data Releases/PANC/1.0-public/cBioPortal_files/data_clinical_supp_survival_treatment.txt,PFS_2688_IMAGING_STATUS,1002,995,0.993014,2,string
data/raw/AACR GENIE Biopharma Collaborative Public/Data Releases/PANC/1.0-public/cBioPortal_files/data_clinical_supp_survival_treatment.txt,PFS_2688_MED_STATUS,1002,995,0.993014,2,string
data/raw/AACR GENIE Biopharma Collaborative Public/Data Releases/PANC/1.0-public/cBioPortal_files/data_clinical_supp_survival_treatment.txt,OS_2688_MONTHS,1002,994,0.992016,8,float
data/raw/AACR GENIE Biopharma Collaborative Public/Data Releases/PANC/1.0-public/cBioPortal_files/data_clinical_supp_survival_treatment.txt,PFS_2688_IMAGING_MONTHS,1002,995,0.993014,7,float
data/raw/AACR GENIE Biopharma Collaborative Public/Data Releases/PANC/1.0-public/cBioPortal_files/data_clinical_supp_survival_treatment.txt,PFS_2688_MED_MONTHS,1002,995,0.993014,6,float
data/raw/AACR GENIE Biopharma Collaborative Public/Data Releases/PANC/1.0-public/cBioPortal_files/data_clinical_supp_survival_treatment.txt,OS_71721_STATUS,1002,981,0.979042,2,string
data/raw/AACR GENIE Biopharma Collaborative Public/Data Releases/PANC/1.0-public/cBioPortal_files/data_clinical_supp_survival_treatment.txt,PFS_71721_IMAGING_STATUS,1002,982,0.98004,2,string
data/raw/AACR GENIE Biopharma Collaborative Public/Data Releases/PANC/1.0-public/cBioPortal_files/data_clinical_supp_survival_treatment.txt,PFS_71721_MED_STATUS,1002,982,0.98004,2,string
data/raw/AACR GENIE Biopharma Collaborative Public/Data Releases/PANC/1.0-public/cBioPortal_files/data_clinical_supp_survival_treatment.txt,OS_71721_MONTHS,1002,981,0.979042,20,float
data/raw/AACR GENIE Biopharma Collaborative Public/Data Releases/PANC/1.0-public/cBioPortal_files/data_clinical_supp_survival_treatment.txt,PFS_71721_IMAGING_MONTHS,1002,982,0.98004,20,float
data/raw/AACR GENIE Biopharma Collaborative Public/Data Releases/PANC/1.0-public/cBioPortal_files/data_clinical_supp_survival_treatment.txt,PFS_71721_MED_MONTHS,1002,982,0.98004,20,float
data/raw/AACR GENIE Biopharma Collaborative Public/Data Releases/PANC/1.0-public/cBioPortal_files/data_CNA.txt,Hugo_Symbol,1003,0,0.0,1003,string
data/raw/AACR GENIE Biopharma Collaborative Public/Data Releases/PANC/1.0-public/cBioPortal_files/data_CNA.txt,GENIE-DFCI-005030-959,1003,466,0.464606,3,mixed_integer
data/raw/AACR GENIE Biopharma Collaborative Public/Data Releases/PANC/1.0-public/cBioPortal_files/data_CNA.txt,<redacted_dynamic_sample_columns:962>,1003,0,0.0,,empty_or_unknown
data/raw/AACR GENIE Biopharma Collaborative Public/Data Releases/PANC/1.0-public/cBioPortal_files/data_cna_hg19.seg,ID,26118,0,0.0,551,string
data/raw/AACR GENIE Biopharma Collaborative Public/Data Releases/PANC/1.0-public/cBioPortal_files/data_cna_hg19.seg,chrom,26118,0,0.0,23,mixed_string
data/raw/AACR GENIE Biopharma Collaborative Public/Data Releases/PANC/1.0-public/cBioPortal_files/data_cna_hg19.seg,loc.start,26118,0,0.0,3064,integer
data/raw/AACR GENIE Biopharma Collaborative Public/Data Releases/PANC/1.0-public/cBioPortal_files/data_cna_hg19.seg,loc.end,26118,0,0.0,3076,integer
data/raw/AACR GENIE Biopharma Collaborative Public/Data Releases/PANC/1.0-public/cBioPortal_files/data_cna_hg19.seg,num.mark,26118,0,0.0,534,integer
data/raw/AACR GENIE Biopharma Collaborative Public/Data Releases/PANC/1.0-public/cBioPortal_files/data_cna_hg19.seg,seg.mean,26118,0,0.0,9689,mixed_float
data/raw/AACR GENIE Biopharma Collaborative Public/Data Releases/PANC/1.0-public/cBioPortal_files/data_gene_matrix.txt,SAMPLE_ID,1130,0,0.0,1130,string
data/raw/AACR GENIE Biopharma Collaborative Public/Data Releases/PANC/1.0-public/cBioPortal_files/data_gene_matrix.txt,mutations,1130,0,0.0,14,string
data/raw/AACR GENIE Biopharma Collaborative Public/Data Releases/PANC/1.0-public/cBioPortal_files/data_gene_matrix.txt,<redacted_dynamic_sample_columns:1>,1130,0,0.0,,empty_or_unknown
data/raw/AACR GENIE Biopharma Collaborative Public/Data Releases/PANC/1.0-public/cBioPortal_files/data_gene_panel_DFCI-ONCOPANEL-1.txt,key,3,0,0.0,3,string
data/raw/AACR GENIE Biopharma Collaborative Public/Data Releases/PANC/1.0-public/cBioPortal_files/data_gene_panel_DFCI-ONCOPANEL-1.txt,value,3,0,0.0,3,string
data/raw/AACR GENIE Biopharma Collaborative Public/Data Releases/PANC/1.0-public/cBioPortal_files/data_gene_panel_DFCI-ONCOPANEL-2.txt,key,3,0,0.0,3,string
data/raw/AACR GENIE Biopharma Collaborative Public/Data Releases/PANC/1.0-public/cBioPortal_files/data_gene_panel_DFCI-ONCOPANEL-2.txt,value,3,0,0.0,3,string
data/raw/AACR GENIE Biopharma Collaborative Public/Data Releases/PANC/1.0-public/cBioPortal_files/data_gene_panel_DFCI-ONCOPANEL-3.1.txt,key,3,0,0.0,3,string
data/raw/AACR GENIE Biopharma Collaborative Public/Data Releases/PANC/1.0-public/cBioPortal_files/data_gene_panel_DFCI-ONCOPANEL-3.1.txt,value,3,0,0.0,3,string
data/raw/AACR GENIE Biopharma Collaborative Public/Data Releases/PANC/1.0-public/cBioPortal_files/data_gene_panel_DFCI-ONCOPANEL-3.txt,key,3,0,0.0,3,string
data/raw/AACR GENIE Biopharma Collaborative Public/Data Releases/PANC/1.0-public/cBioPortal_files/data_gene_panel_DFCI-ONCOPANEL-3.txt,value,3,0,0.0,3,string
data/raw/AACR GENIE Biopharma Collaborative Public/Data Releases/PANC/1.0-public/cBioPortal_files/data_gene_panel_MSK-IMPACT341.txt,key,3,0,0.0,3,string
data/raw/AACR GENIE Biopharma Collaborative Public/Data Releases/PANC/1.0-public/cBioPortal_files/data_gene_panel_MSK-IMPACT341.txt,value,3,0,0.0,3,string
data/raw/AACR GENIE Biopharma Collaborative Public/Data Releases/PANC/1.0-public/cBioPortal_files/data_gene_panel_MSK-IMPACT410.txt,key,3,0,0.0,3,string
data/raw/AACR GENIE Biopharma Collaborative Public/Data Releases/PANC/1.0-public/cBioPortal_files/data_gene_panel_MSK-IMPACT410.txt,value,3,0,0.0,3,string
data/raw/AACR GENIE Biopharma Collaborative Public/Data Releases/PANC/1.0-public/cBioPortal_files/data_gene_panel_MSK-IMPACT468.txt,key,3,0,0.0,3,string
data/raw/AACR GENIE Biopharma Collaborative Public/Data Releases/PANC/1.0-public/cBioPortal_files/data_gene_panel_MSK-IMPACT468.txt,value,3,0,0.0,3,string
data/raw/AACR GENIE Biopharma Collaborative Public/Data Releases/PANC/1.0-public/cBioPortal_files/data_gene_panel_UHN-48-V1.txt,key,3,0,0.0,3,string
data/raw/AACR GENIE Biopharma Collaborative Public/Data Releases/PANC/1.0-public/cBioPortal_files/data_gene_panel_UHN-48-V1.txt,value,3,0,0.0,3,string
data/raw/AACR GENIE Biopharma Collaborative Public/Data Releases/PANC/1.0-public/cBioPortal_files/data_gene_panel_UHN-50-V2.txt,key,3,0,0.0,3,string
data/raw/AACR GENIE Biopharma Collaborative Public/Data Releases/PANC/1.0-public/cBioPortal_files/data_gene_panel_UHN-50-V2.txt,value,3,0,0.0,3,string
data/raw/AACR GENIE Biopharma Collaborative Public/Data Releases/PANC/1.0-public/cBioPortal_files/data_gene_panel_UHN-555-PAN-GI-V1.txt,key,3,0,0.0,3,string
data/raw/AACR GENIE Biopharma Collaborative Public/Data Releases/PANC/1.0-public/cBioPortal_files/data_gene_panel_UHN-555-PAN-GI-V1.txt,value,3,0,0.0,3,string
data/raw/AACR GENIE Biopharma Collaborative Public/Data Releases/PANC/1.0-public/cBioPortal_files/data_gene_panel_UHN-555-V1.txt,key,3,0,0.0,3,string
data/raw/AACR GENIE Biopharma Collaborative Public/Data Releases/PANC/1.0-public/cBioPortal_files/data_gene_panel_UHN-555-V1.txt,value,3,0,0.0,3,string
data/raw/AACR GENIE Biopharma Collaborative Public/Data Releases/PANC/1.0-public/cBioPortal_files/data_gene_panel_UHN-OCA-V3.txt,key,3,0,0.0,3,string
data/raw/AACR GENIE Biopharma Collaborative Public/Data Releases/PANC/1.0-public/cBioPortal_files/data_gene_panel_UHN-OCA-V3.txt,value,3,0,0.0,3,string
data/raw/AACR GENIE Biopharma Collaborative Public/Data Releases/PANC/1.0-public/cBioPortal_files/data_gene_panel_VICC-01-T5A.txt,key,3,0,0.0,3,string
data/raw/AACR GENIE Biopharma Collaborative Public/Data Releases/PANC/1.0-public/cBioPortal_files/data_gene_panel_VICC-01-T5A.txt,value,3,0,0.0,3,string
data/raw/AACR GENIE Biopharma Collaborative Public/Data Releases/PANC/1.0-public/cBioPortal_files/data_gene_panel_VICC-01-T7.txt,key,3,0,0.0,3,string
data/raw/AACR GENIE Biopharma Collaborative Public/Data Releases/PANC/1.0-public/cBioPortal_files/data_gene_panel_VICC-01-T7.txt,value,3,0,0.0,3,string
data/raw/AACR GENIE Biopharma Collaborative Public/Data Releases/PANC/1.0-public/cBioPortal_files/data_mutations_extended.txt,Hugo_Symbol,7911,0,0.0,768,string
data/raw/AACR GENIE Biopharma Collaborative Public/Data Releases/PANC/1.0-public/cBioPortal_files/data_mutations_extended.txt,Entrez_Gene_Id,7911,40,0.005056,754,mixed_integer
data/raw/AACR GENIE Biopharma Collaborative Public/Data Releases/PANC/1.0-public/cBioPortal_files/data_mutations_extended.txt,Center,7911,0,0.0,4,string
data/raw/AACR GENIE Biopharma Collaborative Public/Data Releases/PANC/1.0-public/cBioPortal_files/data_mutations_extended.txt,NCBI_Build,7911,0,0.0,1,string
data/raw/AACR GENIE Biopharma Collaborative Public/Data Releases/PANC/1.0-public/cBioPortal_files/data_mutations_extended.txt,Chromosome,7911,0,0.0,23,mixed_string
data/raw/AACR GENIE Biopharma Collaborative Public/Data Releases/PANC/1.0-public/cBioPortal_files/data_mutations_extended.txt,Start_Position,7911,0,0.0,5727,integer
data/raw/AACR GENIE Biopharma Collaborative Public/Data Releases/PANC/1.0-public/cBioPortal_files/data_mutations_extended.txt,End_Position,7911,0,0.0,5730,integer
data/raw/AACR GENIE Biopharma Collaborative Public/Data Releases/PANC/1.0-public/cBioPortal_files/data_mutations_extended.txt,Strand,7911,0,0.0,1,string
data/raw/AACR GENIE Biopharma Collaborative Public/Data Releases/PANC/1.0-public/cBioPortal_files/data_mutations_extended.txt,Consequence,7911,0,0.0,48,string
data/raw/AACR GENIE Biopharma Collaborative Public/Data Releases/PANC/1.0-public/cBioPortal_files/data_mutations_extended.txt,Variant_Classification,7911,0,0.0,17,string
data/raw/AACR GENIE Biopharma Collaborative Public/Data Releases/PANC/1.0-public/cBioPortal_files/data_mutations_extended.txt,Variant_Type,7911,0,0.0,6,string
data/raw/AACR GENIE Biopharma Collaborative Public/Data Releases/PANC/1.0-public/cBioPortal_files/data_mutations_extended.txt,Reference_Allele,7911,0,0.0,313,string
data/raw/AACR GENIE Biopharma Collaborative Public/Data Releases/PANC/1.0-public/cBioPortal_files/data_mutations_extended.txt,Tumor_Seq_Allele1,7911,2,0.000253,313,string
data/raw/AACR GENIE Biopharma Collaborative Public/Data Releases/PANC/1.0-public/cBioPortal_files/data_mutations_extended.txt,Tumor_Seq_Allele2,7911,0,0.0,114,string
data/raw/AACR GENIE Biopharma Collaborative Public/Data Releases/PANC/1.0-public/cBioPortal_files/data_mutations_extended.txt,dbSNP_RS,7911,1573,0.198837,4286,string
data/raw/AACR GENIE Biopharma Collaborative Public/Data Releases/PANC/1.0-public/cBioPortal_files/data_mutations_extended.txt,dbSNP_Val_Status,7911,7911,1.0,0,empty_or_unknown
data/raw/AACR GENIE Biopharma Collaborative Public/Data Releases/PANC/1.0-public/cBioPortal_files/data_mutations_extended.txt,Tumor_Sample_Barcode,7911,0,0.0,1087,string
data/raw/AACR GENIE Biopharma Collaborative Public/Data Releases/PANC/1.0-public/cBioPortal_files/data_mutations_extended.txt,Matched_Norm_Sample_Barcode,7911,6373,0.805587,40,string
data/raw/AACR GENIE Biopharma Collaborative Public/Data Releases/PANC/1.0-public/cBioPortal_files/data_mutations_extended.txt,Match_Norm_Seq_Allele1,7911,7807,0.986854,10,string
data/raw/AACR GENIE Biopharma Collaborative Public/Data Releases/PANC/1.0-public/cBioPortal_files/data_mutations_extended.txt,Match_Norm_Seq_Allele2,7911,7807,0.986854,10,string
data/raw/AACR GENIE Biopharma Collaborative Public/Data Releases/PANC/1.0-public/cBioPortal_files/data_mutations_extended.txt,Tumor_Validation_Allele1,7911,7911,1.0,0,empty_or_unknown
data/raw/AACR GENIE Biopharma Collaborative Public/Data Releases/PANC/1.0-public/cBioPortal_files/data_mutations_extended.txt,Tumor_Validation_Allele2,7911,7911,1.0,0,empty_or_unknown
data/raw/AACR GENIE Biopharma Collaborative Public/Data Releases/PANC/1.0-public/cBioPortal_files/data_mutations_extended.txt,Match_Norm_Validation_Allele1,7911,7911,1.0,0,empty_or_unknown
data/raw/AACR GENIE Biopharma Collaborative Public/Data Releases/PANC/1.0-public/cBioPortal_files/data_mutations_extended.txt,Match_Norm_Validation_Allele2,7911,7911,1.0,0,empty_or_unknown
data/raw/AACR GENIE Biopharma Collaborative Public/Data Releases/PANC/1.0-public/cBioPortal_files/data_mutations_extended.txt,Verification_Status,7911,0,0.0,2,string
data/raw/AACR GENIE Biopharma Collaborative Public/Data Releases/PANC/1.0-public/cBioPortal_files/data_mutations_extended.txt,Validation_Status,7911,7911,1.0,0,empty_or_unknown
data/raw/AACR GENIE Biopharma Collaborative Public/Data Releases/PANC/1.0-public/cBioPortal_files/data_mutations_extended.txt,Mutation_Status,7911,0,0.0,2,string
data/raw/AACR GENIE Biopharma Collaborative Public/Data Releases/PANC/1.0-public/cBioPortal_files/data_mutations_extended.txt,Sequencing_Phase,7911,7911,1.0,0,empty_or_unknown
data/raw/AACR GENIE Biopharma Collaborative Public/Data Releases/PANC/1.0-public/cBioPortal_files/data_mutations_extended.txt,Sequence_Source,7911,7911,1.0,0,empty_or_unknown
data/raw/AACR GENIE Biopharma Collaborative Public/Data Releases/PANC/1.0-public/cBioPortal_files/data_mutations_extended.txt,Validation_Method,7911,7911,1.0,0,empty_or_unknown
data/raw/AACR GENIE Biopharma Collaborative Public/Data Releases/PANC/1.0-public/cBioPortal_files/data_mutations_extended.txt,Score,7911,7911,1.0,0,empty_or_unknown
data/raw/AACR GENIE Biopharma Collaborative Public/Data Releases/PANC/1.0-public/cBioPortal_files/data_mutations_extended.txt,BAM_File,7911,7911,1.0,0,empty_or_unknown
data/raw/AACR GENIE Biopharma Collaborative Public/Data Releases/PANC/1.0-public/cBioPortal_files/data_mutations_extended.txt,Sequencer,7911,7911,1.0,0,empty_or_unknown
data/raw/AACR GENIE Biopharma Collaborative Public/Data Releases/PANC/1.0-public/cBioPortal_files/data_mutations_extended.txt,t_ref_count,7911,5,0.000632,1119,mixed_integer
data/raw/AACR GENIE Biopharma Collaborative Public/Data Releases/PANC/1.0-public/cBioPortal_files/data_mutations_extended.txt,t_alt_count,7911,5,0.000632,710,integer
data/raw/AACR GENIE Biopharma Collaborative Public/Data Releases/PANC/1.0-public/cBioPortal_files/data_mutations_extended.txt,n_ref_count,7911,5524,0.698268,887,integer
data/raw/AACR GENIE Biopharma Collaborative Public/Data Releases/PANC/1.0-public/cBioPortal_files/data_mutations_extended.txt,n_alt_count,7911,5524,0.698268,13,mixed_integer
data/raw/AACR GENIE Biopharma Collaborative Public/Data Releases/PANC/1.0-public/cBioPortal_files/data_mutations_extended.txt,HGVSc,7911,79,0.009986,5838,string
data/raw/AACR GENIE Biopharma Collaborative Public/Data Releases/PANC/1.0-public/cBioPortal_files/data_mutations_extended.txt,HGVSp,7911,716,0.090507,5110,string
data/raw/AACR GENIE Biopharma Collaborative Public/Data Releases/PANC/1.0-public/cBioPortal_files/data_mutations_extended.txt,HGVSp_Short,7911,88,0.011124,5570,string
data/raw/AACR GENIE Biopharma Collaborative Public/Data Releases/PANC/1.0-public/cBioPortal_files/data_mutations_extended.txt,Transcript_ID,7911,0,0.0,774,string
data/raw/AACR GENIE Biopharma Collaborative Public/Data Releases/PANC/1.0-public/cBioPortal_files/data_mutations_extended.txt,RefSeq,7911,739,0.093414,670,string
data/raw/AACR GENIE Biopharma Collaborative Public/Data Releases/PANC/1.0-public/cBioPortal_files/data_mutations_extended.txt,Protein_position,7911,348,0.043989,1816,mixed_integer
data/raw/AACR GENIE Biopharma Collaborative Public/Data Releases/PANC/1.0-public/cBioPortal_files/data_mutations_extended.txt,Codons,7911,694,0.087726,1129,string
data/raw/AACR GENIE Biopharma Collaborative Public/Data Releases/PANC/1.0-public/cBioPortal_files/data_mutations_extended.txt,Exon_Number,7911,639,0.080774,1028,string
data/raw/AACR GENIE Biopharma Collaborative Public/Data Releases/PANC/1.0-public/cBioPortal_files/data_mutations_extended.txt,gnomAD_AF,7911,5568,0.70383,968,mixed_float
data/raw/AACR GENIE Biopharma Collaborative Public/Data Releases/PANC/1.0-public/cBioPortal_files/data_mutations_extended.txt,gnomAD_AFR_AF,7911,5568,0.70383,153,mixed_float
data/raw/AACR GENIE Biopharma Collaborative Public/Data Releases/PANC/1.0-public/cBioPortal_files/data_mutations_extended.txt,gnomAD_AMR_AF,7911,5570,0.704083,229,mixed_float
data/raw/AACR GENIE Biopharma Collaborative Public/Data Releases/PANC/1.0-public/cBioPortal_files/data_mutations_extended.txt,gnomAD_ASJ_AF,7911,5568,0.70383,44,mixed_float
data/raw/AACR GENIE Biopharma Collaborative Public/Data Releases/PANC/1.0-public/cBioPortal_files/data_mutations_extended.txt,gnomAD_EAS_AF,7911,5570,0.704083,103,mixed_float
data/raw/AACR GENIE Biopharma Collaborative Public/Data Releases/PANC/1.0-public/cBioPortal_files/data_mutations_extended.txt,gnomAD_FIN_AF,7911,5570,0.704083,72,mixed_float
data/raw/AACR GENIE Biopharma Collaborative Public/Data Releases/PANC/1.0-public/cBioPortal_files/data_mutations_extended.txt,gnomAD_NFE_AF,7911,5568,0.70383,751,mixed_float
data/raw/AACR GENIE Biopharma Collaborative Public/Data Releases/PANC/1.0-public/cBioPortal_files/data_mutations_extended.txt,gnomAD_OTH_AF,7911,5570,0.704083,105,mixed_float
data/raw/AACR GENIE Biopharma Collaborative Public/Data Releases/PANC/1.0-public/cBioPortal_files/data_mutations_extended.txt,gnomAD_SAS_AF,7911,5571,0.704209,160,mixed_float
data/raw/AACR GENIE Biopharma Collaborative Public/Data Releases/PANC/1.0-public/cBioPortal_files/data_mutations_extended.txt,FILTER,7911,6371,0.805334,2,string
data/raw/AACR GENIE Biopharma Collaborative Public/Data Releases/PANC/1.0-public/cBioPortal_files/data_mutations_extended.txt,Polyphen_Prediction,7911,2657,0.335861,3,string
data/raw/AACR GENIE Biopharma Collaborative Public/Data Releases/PANC/1.0-public/cBioPortal_files/data_mutations_extended.txt,Polyphen_Score,7911,2657,0.335861,745,mixed_float
data/raw/AACR GENIE Biopharma Collaborative Public/Data Releases/PANC/1.0-public/cBioPortal_files/data_mutations_extended.txt,SIFT_Prediction,7911,2664,0.336746,4,string
data/raw/AACR GENIE Biopharma Collaborative Public/Data Releases/PANC/1.0-public/cBioPortal_files/data_mutations_extended.txt,SIFT_Score,7911,2664,0.336746,99,mixed_float
data/raw/AACR GENIE Biopharma Collaborative Public/Data Releases/PANC/1.0-public/cBioPortal_files/data_mutations_extended.txt,SWISSPROT,7911,7911,1.0,0,empty_or_unknown
data/raw/AACR GENIE Biopharma Collaborative Public/Data Releases/PANC/1.0-public/cBioPortal_files/data_mutations_extended.txt,n_depth,7911,5524,0.698268,883,integer
data/raw/AACR GENIE Biopharma Collaborative Public/Data Releases/PANC/1.0-public/cBioPortal_files/data_mutations_extended.txt,t_depth,7911,5,0.000632,1392,integer
data/raw/AACR GENIE Biopharma Collaborative Public/Data Releases/PANC/1.0-public/cBioPortal_files/data_mutations_extended.txt,Annotation_Status,7911,0,0.0,1,string
data/raw/AACR GENIE Biopharma Collaborative Public/Data Releases/PANC/1.0-public/cBioPortal_files/data_mutations_extended.txt,mutationInCis_Flag,7911,0,0.0,2,boolean
data/raw/AACR GENIE Biopharma Collaborative Public/Data Releases/PANC/1.0-public/cBioPortal_files/data_sv.txt,Center,236,0,0.0,3,string
data/raw/AACR GENIE Biopharma Collaborative Public/Data Releases/PANC/1.0-public/cBioPortal_files/data_sv.txt,Sample_Id,236,0,0.0,194,string
data/raw/AACR GENIE Biopharma Collaborative Public/Data Releases/PANC/1.0-public/cBioPortal_files/data_sv.txt,SV_Status,236,0,0.0,1,string
data/raw/AACR GENIE Biopharma Collaborative Public/Data Releases/PANC/1.0-public/cBioPortal_files/data_sv.txt,Site1_Hugo_Symbol,236,8,0.033898,141,string
data/raw/AACR GENIE Biopharma Collaborative Public/Data Releases/PANC/1.0-public/cBioPortal_files/data_sv.txt,Site2_Hugo_Symbol,236,80,0.338983,69,string
data/raw/AACR GENIE Biopharma Collaborative Public/Data Releases/PANC/1.0-public/cBioPortal_files/data_sv.txt,Site1_Ensembl_Transcript_Id,236,236,1.0,0,empty_or_unknown
data/raw/AACR GENIE Biopharma Collaborative Public/Data Releases/PANC/1.0-public/cBioPortal_files/data_sv.txt,Site2_Ensembl_Transcript_Id,236,236,1.0,0,empty_or_unknown
data/raw/AACR GENIE Biopharma Collaborative Public/Data Releases/PANC/1.0-public/cBioPortal_files/data_sv.txt,Site1_Entrez_Gene_Id,236,220,0.932203,14,integer
data/raw/AACR GENIE Biopharma Collaborative Public/Data Releases/PANC/1.0-public/cBioPortal_files/data_sv.txt,Site2_Entrez_Gene_Id,236,228,0.966102,8,integer
data/raw/AACR GENIE Biopharma Collaborative Public/Data Releases/PANC/1.0-public/cBioPortal_files/data_sv.txt,Site1_Region_Number,236,236,1.0,0,empty_or_unknown
data/raw/AACR GENIE Biopharma Collaborative Public/Data Releases/PANC/1.0-public/cBioPortal_files/data_sv.txt,Site2_Region_Number,236,236,1.0,0,empty_or_unknown
data/raw/AACR GENIE Biopharma Collaborative Public/Data Releases/PANC/1.0-public/cBioPortal_files/data_sv.txt,Site1_Region,236,236,1.0,0,empty_or_unknown
data/raw/AACR GENIE Biopharma Collaborative Public/Data Releases/PANC/1.0-public/cBioPortal_files/data_sv.txt,Site2_Region,236,236,1.0,0,empty_or_unknown
data/raw/AACR GENIE Biopharma Collaborative Public/Data Releases/PANC/1.0-public/cBioPortal_files/data_sv.txt,Site1_Chromosome,236,136,0.576271,22,mixed_string
data/raw/AACR GENIE Biopharma Collaborative Public/Data Releases/PANC/1.0-public/cBioPortal_files/data_sv.txt,Site2_Chromosome,236,136,0.576271,21,mixed_string
data/raw/AACR GENIE Biopharma Collaborative Public/Data Releases/PANC/1.0-public/cBioPortal_files/data_sv.txt,Site1_Contig,236,236,1.0,0,empty_or_unknown
data/raw/AACR GENIE Biopharma Collaborative Public/Data Releases/PANC/1.0-public/cBioPortal_files/data_sv.txt,Site2_Contig,236,236,1.0,0,empty_or_unknown
data/raw/AACR GENIE Biopharma Collaborative Public/Data Releases/PANC/1.0-public/cBioPortal_files/data_sv.txt,Site1_Position,236,136,0.576271,98,integer
data/raw/AACR GENIE Biopharma Collaborative Public/Data Releases/PANC/1.0-public/cBioPortal_files/data_sv.txt,Site2_Position,236,136,0.576271,99,integer
data/raw/AACR GENIE Biopharma Collaborative Public/Data Releases/PANC/1.0-public/cBioPortal_files/data_sv.txt,Site1_Description,236,136,0.576271,98,string
data/raw/AACR GENIE Biopharma Collaborative Public/Data Releases/PANC/1.0-public/cBioPortal_files/data_sv.txt,Site2_Description,236,136,0.576271,100,string
data/raw/AACR GENIE Biopharma Collaborative Public/Data Releases/PANC/1.0-public/cBioPortal_files/data_sv.txt,Site2_Effect_On_Frame,236,111,0.470339,2,string
data/raw/AACR GENIE Biopharma Collaborative Public/Data Releases/PANC/1.0-public/cBioPortal_files/data_sv.txt,NCBI_Build,236,109,0.461864,1,string
data/raw/AACR GENIE Biopharma Collaborative Public/Data Releases/PANC/1.0-public/cBioPortal_files/data_sv.txt,Class,236,136,0.576271,4,string
data/raw/AACR GENIE Biopharma Collaborative Public/Data Releases/PANC/1.0-public/cBioPortal_files/data_sv.txt,Tumor_Split_Read_Count,236,176,0.745763,21,mixed_integer
data/raw/AACR GENIE Biopharma Collaborative Public/Data Releases/PANC/1.0-public/cBioPortal_files/data_sv.txt,Tumor_Paried_End_Read_Count,236,236,1.0,0,empty_or_unknown
data/raw/AACR GENIE Biopharma Collaborative Public/Data Releases/PANC/1.0-public/cBioPortal_files/data_sv.txt,Event_Info,236,0,0.0,173,string
data/raw/AACR GENIE Biopharma Collaborative Public/Data Releases/PANC/1.0-public/cBioPortal_files/data_sv.txt,Breakpoint_Type,236,136,0.576271,2,string
data/raw/AACR GENIE Biopharma Collaborative Public/Data Releases/PANC/1.0-public/cBioPortal_files/data_sv.txt,Connection_Type,236,136,0.576271,4,string
data/raw/AACR GENIE Biopharma Collaborative Public/Data Releases/PANC/1.0-public/cBioPortal_files/data_sv.txt,Annotation,236,125,0.529661,104,string
data/raw/AACR GENIE Biopharma Collaborative Public/Data Releases/PANC/1.0-public/cBioPortal_files/data_sv.txt,DNA_Support,236,0,0.0,2,mixed_string
data/raw/AACR GENIE Biopharma Collaborative Public/Data Releases/PANC/1.0-public/cBioPortal_files/data_sv.txt,RNA_Support,236,16,0.067797,2,mixed_string
data/raw/AACR GENIE Biopharma Collaborative Public/Data Releases/PANC/1.0-public/cBioPortal_files/data_sv.txt,SV_Length,236,136,0.576271,92,mixed_integer
data/raw/AACR GENIE Biopharma Collaborative Public/Data Releases/PANC/1.0-public/cBioPortal_files/data_sv.txt,Normal_Read_Count,236,136,0.576271,92,mixed_integer
data/raw/AACR GENIE Biopharma Collaborative Public/Data Releases/PANC/1.0-public/cBioPortal_files/data_sv.txt,Tumor_Read_Count,236,136,0.576271,92,mixed_integer
data/raw/AACR GENIE Biopharma Collaborative Public/Data Releases/PANC/1.0-public/cBioPortal_files/data_sv.txt,Normal_Variant_Count,236,138,0.584746,1,boolean
data/raw/AACR GENIE Biopharma Collaborative Public/Data Releases/PANC/1.0-public/cBioPortal_files/data_sv.txt,Tumor_Variant_Count,236,138,0.584746,55,integer
data/raw/AACR GENIE Biopharma Collaborative Public/Data Releases/PANC/1.0-public/cBioPortal_files/data_sv.txt,Normal_Paired_End_Read_Count,236,236,1.0,0,empty_or_unknown
data/raw/AACR GENIE Biopharma Collaborative Public/Data Releases/PANC/1.0-public/cBioPortal_files/data_sv.txt,Normal_Split_Read_Count,236,236,1.0,0,empty_or_unknown
data/raw/AACR GENIE Biopharma Collaborative Public/Data Releases/PANC/1.0-public/cBioPortal_files/data_sv.txt,Comments,236,125,0.529661,111,string
data/raw/AACR GENIE Biopharma Collaborative Public/Data Releases/PANC/1.0-public/cBioPortal_files/data_timeline_cancer_diagnosis.txt,PATIENT_ID,1389,0,0.0,1109,string
data/raw/AACR GENIE Biopharma Collaborative Public/Data Releases/PANC/1.0-public/cBioPortal_files/data_timeline_cancer_diagnosis.txt,START_DATE,1389,0,0.0,261,mixed_integer
data/raw/AACR GENIE Biopharma Collaborative Public/Data Releases/PANC/1.0-public/cBioPortal_files/data_timeline_cancer_diagnosis.txt,STOP_DATE,1389,1389,1.0,0,empty_or_unknown
data/raw/AACR GENIE Biopharma Collaborative Public/Data Releases/PANC/1.0-public/cBioPortal_files/data_timeline_cancer_diagnosis.txt,EVENT_TYPE,1389,0,0.0,1,string
data/raw/AACR GENIE Biopharma Collaborative Public/Data Releases/PANC/1.0-public/cBioPortal_files/data_timeline_cancer_diagnosis.txt,AGE_DX,1389,0,0.0,60,integer
data/raw/AACR GENIE Biopharma Collaborative Public/Data Releases/PANC/1.0-public/cBioPortal_files/data_timeline_cancer_diagnosis.txt,CA_HIST_ADENO_SQUAMOUS,1389,279,0.200864,5,string
data/raw/AACR GENIE Biopharma Collaborative Public/Data Releases/PANC/1.0-public/cBioPortal_files/data_timeline_cancer_diagnosis.txt,CA_HISTOLOGY,1389,523,0.37653,62,string
data/raw/AACR GENIE Biopharma Collaborative Public/Data Releases/PANC/1.0-public/cBioPortal_files/data_timeline_cancer_diagnosis.txt,CA_N_REGIMENS,1389,0,0.0,13,mixed_integer
data/raw/AACR GENIE Biopharma Collaborative Public/Data Releases/PANC/1.0-public/cBioPortal_files/data_timeline_cancer_diagnosis.txt,CANCER_NO,1389,0,0.0,7,mixed_integer
data/raw/AACR GENIE Biopharma Collaborative Public/Data Releases/PANC/1.0-public/cBioPortal_files/data_timeline_cancer_diagnosis.txt,CA_TX_PRE_PATH_STAGE,1389,648,0.466523,3,mixed_string
data/raw/AACR GENIE Biopharma Collaborative Public/Data Releases/PANC/1.0-public/cBioPortal_files/data_timeline_cancer_diagnosis.txt,CA_D_TYPE,1389,9,0.006479,33,string
data/raw/AACR GENIE Biopharma Collaborative Public/Data Releases/PANC/1.0-public/cBioPortal_files/data_timeline_cancer_diagnosis.txt,INDEX_CANCER,1389,0,0.0,2,boolean
data/raw/AACR GENIE Biopharma Collaborative Public/Data Releases/PANC/1.0-public/cBioPortal_files/data_timeline_cancer_diagnosis.txt,STAGE_DX,1389,165,0.11879,6,string
data/raw/AACR GENIE Biopharma Collaborative Public/Data Releases/PANC/1.0-public/cBioPortal_files/data_timeline_imaging.txt,PATIENT_ID,14520,0,0.0,1094,string
data/raw/AACR GENIE Biopharma Collaborative Public/Data Releases/PANC/1.0-public/cBioPortal_files/data_timeline_imaging.txt,START_DATE,14520,0,0.0,2302,mixed_integer
data/raw/AACR GENIE Biopharma Collaborative Public/Data Releases/PANC/1.0-public/cBioPortal_files/data_timeline_imaging.txt,STOP_DATE,14520,14520,1.0,0,empty_or_unknown
data/raw/AACR GENIE Biopharma Collaborative Public/Data Releases/PANC/1.0-public/cBioPortal_files/data_timeline_imaging.txt,EVENT_TYPE,14520,0,0.0,1,string
data/raw/AACR GENIE Biopharma Collaborative Public/Data Releases/PANC/1.0-public/cBioPortal_files/data_timeline_imaging.txt,CANCER_STATUS,14520,0,0.0,4,string
data/raw/AACR GENIE Biopharma Collaborative Public/Data Releases/PANC/1.0-public/cBioPortal_files/data_timeline_imaging.txt,CURATED_CANCER_STATUS,14520,5502,0.378926,5,string
data/raw/AACR GENIE Biopharma Collaborative Public/Data Releases/PANC/1.0-public/cBioPortal_files/data_timeline_imaging.txt,IMAGE_SCAN_TYPE,14520,0,0.0,6,string
data/raw/AACR GENIE Biopharma Collaborative Public/Data Releases/PANC/1.0-public/cBioPortal_files/data_timeline_imaging.txt,INSTITUTION,14520,0,0.0,4,string
data/raw/AACR GENIE Biopharma Collaborative Public/Data Releases/PANC/1.0-public/cBioPortal_files/data_timeline_imaging.txt,SCAN_NUMBER,14520,0,0.0,105,mixed_integer
data/raw/AACR GENIE Biopharma Collaborative Public/Data Releases/PANC/1.0-public/cBioPortal_files/data_timeline_imaging.txt,SCAN_SITES,14520,0,0.0,27,string
data/raw/AACR GENIE Biopharma Collaborative Public/Data Releases/PANC/1.0-public/cBioPortal_files/data_timeline_labtest.txt,PATIENT_ID,17718,0,0.0,937,string
data/raw/AACR GENIE Biopharma Collaborative Public/Data Releases/PANC/1.0-public/cBioPortal_files/data_timeline_labtest.txt,START_DATE,17718,0,0.0,2394,mixed_integer
data/raw/AACR GENIE Biopharma Collaborative Public/Data Releases/PANC/1.0-public/cBioPortal_files/data_timeline_labtest.txt,STOP_DATE,17718,17718,1.0,0,empty_or_unknown
data/raw/AACR GENIE Biopharma Collaborative Public/Data Releases/PANC/1.0-public/cBioPortal_files/data_timeline_labtest.txt,EVENT_TYPE,17718,0,0.0,1,string
data/raw/AACR GENIE Biopharma Collaborative Public/Data Releases/PANC/1.0-public/cBioPortal_files/data_timeline_labtest.txt,TM_NORMAL_RANGE_UPPER,17718,982,0.055424,16,float
data/raw/AACR GENIE Biopharma Collaborative Public/Data Releases/PANC/1.0-public/cBioPortal_files/data_timeline_labtest.txt,RESULT,17718,0,0.0,4577,mixed_float
data/raw/AACR GENIE Biopharma Collaborative Public/Data Releases/PANC/1.0-public/cBioPortal_files/data_timeline_labtest.txt,TM_NUMBER,17718,0,0.0,143,mixed_integer
data/raw/AACR GENIE Biopharma Collaborative Public/Data Releases/PANC/1.0-public/cBioPortal_files/data_timeline_labtest.txt,TM_RESULT_UNITS,17718,2,0.000113,3,string
data/raw/AACR GENIE Biopharma Collaborative Public/Data Releases/PANC/1.0-public/cBioPortal_files/data_timeline_labtest.txt,TEST,17718,0,0.0,2,string
data/raw/AACR GENIE Biopharma Collaborative Public/Data Releases/PANC/1.0-public/cBioPortal_files/data_timeline_medonc.txt,PATIENT_ID,15870,0,0.0,1100,string
data/raw/AACR GENIE Biopharma Collaborative Public/Data Releases/PANC/1.0-public/cBioPortal_files/data_timeline_medonc.txt,START_DATE,15870,0,0.0,2440,mixed_integer
data/raw/AACR GENIE Biopharma Collaborative Public/Data Releases/PANC/1.0-public/cBioPortal_files/data_timeline_medonc.txt,STOP_DATE,15870,15870,1.0,0,empty_or_unknown
data/raw/AACR GENIE Biopharma Collaborative Public/Data Releases/PANC/1.0-public/cBioPortal_files/data_timeline_medonc.txt,EVENT_TYPE,15870,0,0.0,1,string
data/raw/AACR GENIE Biopharma Collaborative Public/Data Releases/PANC/1.0-public/cBioPortal_files/data_timeline_medonc.txt,CANCER_STATUS,15870,0,0.0,4,string
data/raw/AACR GENIE Biopharma Collaborative Public/Data Releases/PANC/1.0-public/cBioPortal_files/data_timeline_medonc.txt,CURATED_CANCER_STATUS,15870,3529,0.222369,5,string
data/raw/AACR GENIE Biopharma Collaborative Public/Data Releases/PANC/1.0-public/cBioPortal_files/data_timeline_medonc.txt,CANCER_SUBTYPE_CURATED,15870,0,0.0,1,string
data/raw/AACR GENIE Biopharma Collaborative Public/Data Releases/PANC/1.0-public/cBioPortal_files/data_timeline_medonc.txt,VISIT_NUMBER,15870,0,0.0,87,mixed_integer
data/raw/AACR GENIE Biopharma Collaborative Public/Data Releases/PANC/1.0-public/cBioPortal_files/data_timeline_pathology.txt,PATIENT_ID,3532,0,0.0,1109,string
data/raw/AACR GENIE Biopharma Collaborative Public/Data Releases/PANC/1.0-public/cBioPortal_files/data_timeline_pathology.txt,START_DATE,3532,0,0.0,915,mixed_integer
data/raw/AACR GENIE Biopharma Collaborative Public/Data Releases/PANC/1.0-public/cBioPortal_files/data_timeline_pathology.txt,STOP_DATE,3532,3532,1.0,0,empty_or_unknown
data/raw/AACR GENIE Biopharma Collaborative Public/Data Releases/PANC/1.0-public/cBioPortal_files/data_timeline_pathology.txt,EVENT_TYPE,3532,0,0.0,1,string
data/raw/AACR GENIE Biopharma Collaborative Public/Data Releases/PANC/1.0-public/cBioPortal_files/data_timeline_pathology.txt,N_SPECIMEN_INSITU,3532,0,0.0,5,mixed_integer
data/raw/AACR GENIE Biopharma Collaborative Public/Data Releases/PANC/1.0-public/cBioPortal_files/data_timeline_pathology.txt,N_SPECIMEN_INV,3532,0,0.0,12,mixed_integer
data/raw/AACR GENIE Biopharma Collaborative Public/Data Releases/PANC/1.0-public/cBioPortal_files/data_timeline_pathology.txt,PATH_CA_INV_ANY,3532,0,0.0,2,boolean
data/raw/AACR GENIE Biopharma Collaborative Public/Data Releases/PANC/1.0-public/cBioPortal_files/data_timeline_pathology.txt,PATH_INSITU_ANY,3532,0,0.0,2,boolean
data/raw/AACR GENIE Biopharma Collaborative Public/Data Releases/PANC/1.0-public/cBioPortal_files/data_timeline_pathology.txt,PATH_PROC_NUMBER,3532,0,0.0,54,mixed_integer
data/raw/AACR GENIE Biopharma Collaborative Public/Data Releases/PANC/1.0-public/cBioPortal_files/data_timeline_pathology.txt,PATH_PROC_TYPE,3532,0,0.0,3,string
data/raw/AACR GENIE Biopharma Collaborative Public/Data Releases/PANC/1.0-public/cBioPortal_files/data_timeline_pathology.txt,PATH_REP_NUMBER,3532,0,0.0,5,mixed_integer
data/raw/AACR GENIE Biopharma Collaborative Public/Data Releases/PANC/1.0-public/cBioPortal_files/data_timeline_pathology.txt,PDL1_POSITIVE_ANY,3532,3513,0.994621,2,boolean
data/raw/AACR GENIE Biopharma Collaborative Public/Data Releases/PANC/1.0-public/cBioPortal_files/data_timeline_pathology.txt,PDL1_TESTING,3532,0,0.0,2,boolean
data/raw/AACR GENIE Biopharma Collaborative Public/Data Releases/PANC/1.0-public/cBioPortal_files/data_timeline_sample_acquisition.txt,PATIENT_ID,1130,0,0.0,1109,string
data/raw/AACR GENIE Biopharma Collaborative Public/Data Releases/PANC/1.0-public/cBioPortal_files/data_timeline_sample_acquisition.txt,START_DATE,1130,0,0.0,251,mixed_integer
data/raw/AACR GENIE Biopharma Collaborative Public/Data Releases/PANC/1.0-public/cBioPortal_files/data_timeline_sample_acquisition.txt,STOP_DATE,1130,1130,1.0,0,empty_or_unknown
data/raw/AACR GENIE Biopharma Collaborative Public/Data Releases/PANC/1.0-public/cBioPortal_files/data_timeline_sample_acquisition.txt,EVENT_TYPE,1130,0,0.0,1,string
data/raw/AACR GENIE Biopharma Collaborative Public/Data Releases/PANC/1.0-public/cBioPortal_files/data_timeline_sample_acquisition.txt,CA_SEQ,1130,0,0.0,5,mixed_integer
data/raw/AACR GENIE Biopharma Collaborative Public/Data Releases/PANC/1.0-public/cBioPortal_files/data_timeline_sample_acquisition.txt,SAMPLE_ID,1130,0,0.0,1130,string
data/raw/AACR GENIE Biopharma Collaborative Public/Data Releases/PANC/1.0-public/cBioPortal_files/data_timeline_sample_acquisition.txt,CPT_NUMBER,1130,0,0.0,3,mixed_integer
data/raw/AACR GENIE Biopharma Collaborative Public/Data Releases/PANC/1.0-public/cBioPortal_files/data_timeline_sample_acquisition.txt,PATH_PROC_NUMBER,1130,0,0.0,8,mixed_integer
data/raw/AACR GENIE Biopharma Collaborative Public/Data Releases/PANC/1.0-public/cBioPortal_files/data_timeline_sequencing.txt,PATIENT_ID,1133,0,0.0,1109,string
data/raw/AACR GENIE Biopharma Collaborative Public/Data Releases/PANC/1.0-public/cBioPortal_files/data_timeline_sequencing.txt,START_DATE,1133,0,0.0,528,integer
data/raw/AACR GENIE Biopharma Collaborative Public/Data Releases/PANC/1.0-public/cBioPortal_files/data_timeline_sequencing.txt,STOP_DATE,1133,1133,1.0,0,empty_or_unknown
data/raw/AACR GENIE Biopharma Collaborative Public/Data Releases/PANC/1.0-public/cBioPortal_files/data_timeline_sequencing.txt,EVENT_TYPE,1133,0,0.0,1,string
data/raw/AACR GENIE Biopharma Collaborative Public/Data Releases/PANC/1.0-public/cBioPortal_files/data_timeline_sequencing.txt,CA_SEQ,1133,0,0.0,5,mixed_integer
data/raw/AACR GENIE Biopharma Collaborative Public/Data Releases/PANC/1.0-public/cBioPortal_files/data_timeline_sequencing.txt,SAMPLE_ID,1133,0,0.0,1130,string
data/raw/AACR GENIE Biopharma Collaborative Public/Data Releases/PANC/1.0-public/cBioPortal_files/data_timeline_sequencing.txt,CPT_NUMBER,1133,0,0.0,3,mixed_integer
data/raw/AACR GENIE Biopharma Collaborative Public/Data Releases/PANC/1.0-public/cBioPortal_files/data_timeline_treatment.txt,PATIENT_ID,7670,0,0.0,1034,string
data/raw/AACR GENIE Biopharma Collaborative Public/Data Releases/PANC/1.0-public/cBioPortal_files/data_timeline_treatment.txt,START_DATE,7670,0,0.0,1210,mixed_integer
data/raw/AACR GENIE Biopharma Collaborative Public/Data Releases/PANC/1.0-public/cBioPortal_files/data_timeline_treatment.txt,STOP_DATE,7670,516,0.067275,1262,integer
data/raw/AACR GENIE Biopharma Collaborative Public/Data Releases/PANC/1.0-public/cBioPortal_files/data_timeline_treatment.txt,EVENT_TYPE,7670,0,0.0,1,string
data/raw/AACR GENIE Biopharma Collaborative Public/Data Releases/PANC/1.0-public/cBioPortal_files/data_timeline_treatment.txt,TREATMENT_TYPE,7670,0,0.0,2,string
data/raw/AACR GENIE Biopharma Collaborative Public/Data Releases/PANC/1.0-public/cBioPortal_files/data_timeline_treatment.txt,AGENT,7670,510,0.066493,48,string
data/raw/AACR GENIE Biopharma Collaborative Public/Data Releases/PANC/1.0-public/cBioPortal_files/data_timeline_treatment.txt,REGIMEN,7670,510,0.066493,123,string
data/raw/AACR GENIE Biopharma Collaborative Public/Data Releases/PANC/1.0-public/cBioPortal_files/data_timeline_treatment.txt,REGIMEN_NUMBER,7670,510,0.066493,15,mixed_integer
data/raw/AACR GENIE Biopharma Collaborative Public/Data Releases/PANC/1.0-public/cBioPortal_files/data_timeline_treatment.txt,DURATION_DX_START_STOP,7670,1026,0.133768,415,mixed_integer
data/raw/AACR GENIE Biopharma Collaborative Public/Data Releases/PANC/1.0-public/cBioPortal_files/data_timeline_treatment.txt,CA_SEQ,7670,510,0.066493,5,mixed_integer
data/raw/AACR GENIE Biopharma Collaborative Public/Data Releases/PANC/1.0-public/cBioPortal_files/data_timeline_treatment.txt,DRUGS_CT_YN,7670,510,0.066493,2,boolean
data/raw/AACR GENIE Biopharma Collaborative Public/Data Releases/PANC/1.0-public/cBioPortal_files/data_timeline_treatment.txt,DRUGS_DC_YN,7670,510,0.066493,3,mixed_string
data/raw/AACR GENIE Biopharma Collaborative Public/Data Releases/PANC/1.0-public/cBioPortal_files/data_timeline_treatment.txt,REDCAP_CA_INDEX,7670,510,0.066493,1,boolean
data/raw/AACR GENIE Biopharma Collaborative Public/Data Releases/PANC/1.0-public/cBioPortal_files/data_timeline_treatment.txt,RT_DOSE,7670,7259,0.946415,36,float
data/raw/AACR GENIE Biopharma Collaborative Public/Data Releases/PANC/1.0-public/cBioPortal_files/genomic_information.txt,Chromosome,115193,0,0.0,24,mixed_string
data/raw/AACR GENIE Biopharma Collaborative Public/Data Releases/PANC/1.0-public/cBioPortal_files/genomic_information.txt,Start_Position,115193,0,0.0,53898,integer
data/raw/AACR GENIE Biopharma Collaborative Public/Data Releases/PANC/1.0-public/cBioPortal_files/genomic_information.txt,End_Position,115193,0,0.0,54309,integer
data/raw/AACR GENIE Biopharma Collaborative Public/Data Releases/PANC/1.0-public/cBioPortal_files/genomic_information.txt,Hugo_Symbol,115193,3393,0.029455,2021,string
data/raw/AACR GENIE Biopharma Collaborative Public/Data Releases/PANC/1.0-public/cBioPortal_files/genomic_information.txt,ID,115193,0,0.0,1850,string
data/raw/AACR GENIE Biopharma Collaborative Public/Data Releases/PANC/1.0-public/cBioPortal_files/genomic_information.txt,SEQ_ASSAY_ID,115193,0,0.0,14,string
data/raw/AACR GENIE Biopharma Collaborative Public/Data Releases/PANC/1.0-public/cBioPortal_files/genomic_information.txt,Feature_Type,115193,0,0.0,3,string
data/raw/AACR GENIE Biopharma Collaborative Public/Data Releases/PANC/1.0-public/cBioPortal_files/genomic_information.txt,includeInPanel,115193,0,0.0,2,boolean
data/raw/AACR GENIE Biopharma Collaborative Public/Data Releases/PANC/1.0-public/cBioPortal_files/genomic_information.txt,clinicalReported,115193,61567,0.534468,2,boolean
data/raw/AACR GENIE Biopharma Collaborative Public/Data Releases/PANC/1.0-public/cBioPortal_files/meta_clinical_patient.txt,key,4,0,0.0,4,string
data/raw/AACR GENIE Biopharma Collaborative Public/Data Releases/PANC/1.0-public/cBioPortal_files/meta_clinical_patient.txt,value,4,0,0.0,4,string
data/raw/AACR GENIE Biopharma Collaborative Public/Data Releases/PANC/1.0-public/cBioPortal_files/meta_clinical_sample.txt,key,4,0,0.0,4,string
data/raw/AACR GENIE Biopharma Collaborative Public/Data Releases/PANC/1.0-public/cBioPortal_files/meta_clinical_sample.txt,value,4,0,0.0,4,string
data/raw/AACR GENIE Biopharma Collaborative Public/Data Releases/PANC/1.0-public/cBioPortal_files/meta_CNA.txt,key,8,0,0.0,8,string
data/raw/AACR GENIE Biopharma Collaborative Public/Data Releases/PANC/1.0-public/cBioPortal_files/meta_CNA.txt,value,8,0,0.0,7,string
data/raw/AACR GENIE Biopharma Collaborative Public/Data Releases/PANC/1.0-public/cBioPortal_files/meta_cna_hg19_seg.txt,key,6,0,0.0,6,string
data/raw/AACR GENIE Biopharma Collaborative Public/Data Releases/PANC/1.0-public/cBioPortal_files/meta_cna_hg19_seg.txt,value,6,0,0.0,6,string
data/raw/AACR GENIE Biopharma Collaborative Public/Data Releases/PANC/1.0-public/cBioPortal_files/meta_gene_matrix.txt,key,4,0,0.0,4,string
data/raw/AACR GENIE Biopharma Collaborative Public/Data Releases/PANC/1.0-public/cBioPortal_files/meta_gene_matrix.txt,value,4,0,0.0,3,string
data/raw/AACR GENIE Biopharma Collaborative Public/Data Releases/PANC/1.0-public/cBioPortal_files/meta_mutations_extended.txt,key,8,0,0.0,8,string
data/raw/AACR GENIE Biopharma Collaborative Public/Data Releases/PANC/1.0-public/cBioPortal_files/meta_mutations_extended.txt,value,8,0,0.0,8,string
data/raw/AACR GENIE Biopharma Collaborative Public/Data Releases/PANC/1.0-public/cBioPortal_files/meta_study.txt,key,6,0,0.0,6,string
data/raw/AACR GENIE Biopharma Collaborative Public/Data Releases/PANC/1.0-public/cBioPortal_files/meta_study.txt,value,6,0,0.0,6,string
data/raw/AACR GENIE Biopharma Collaborative Public/Data Releases/PANC/1.0-public/cBioPortal_files/meta_sv.txt,key,8,0,0.0,8,string
data/raw/AACR GENIE Biopharma Collaborative Public/Data Releases/PANC/1.0-public/cBioPortal_files/meta_sv.txt,value,8,0,0.0,8,string
data/raw/AACR GENIE Biopharma Collaborative Public/Data Releases/PANC/1.0-public/cBioPortal_files/meta_timeline_cancer_diagnosis.txt,key,4,0,0.0,4,string
data/raw/AACR GENIE Biopharma Collaborative Public/Data Releases/PANC/1.0-public/cBioPortal_files/meta_timeline_cancer_diagnosis.txt,value,4,0,0.0,4,string
data/raw/AACR GENIE Biopharma Collaborative Public/Data Releases/PANC/1.0-public/cBioPortal_files/meta_timeline_imaging.txt,key,4,0,0.0,4,string
data/raw/AACR GENIE Biopharma Collaborative Public/Data Releases/PANC/1.0-public/cBioPortal_files/meta_timeline_imaging.txt,value,4,0,0.0,4,string
data/raw/AACR GENIE Biopharma Collaborative Public/Data Releases/PANC/1.0-public/cBioPortal_files/meta_timeline_labtest.txt,key,4,0,0.0,4,string
data/raw/AACR GENIE Biopharma Collaborative Public/Data Releases/PANC/1.0-public/cBioPortal_files/meta_timeline_labtest.txt,value,4,0,0.0,4,string
data/raw/AACR GENIE Biopharma Collaborative Public/Data Releases/PANC/1.0-public/cBioPortal_files/meta_timeline_medonc.txt,key,4,0,0.0,4,string
data/raw/AACR GENIE Biopharma Collaborative Public/Data Releases/PANC/1.0-public/cBioPortal_files/meta_timeline_medonc.txt,value,4,0,0.0,4,string
data/raw/AACR GENIE Biopharma Collaborative Public/Data Releases/PANC/1.0-public/cBioPortal_files/meta_timeline_pathology.txt,key,4,0,0.0,4,string
data/raw/AACR GENIE Biopharma Collaborative Public/Data Releases/PANC/1.0-public/cBioPortal_files/meta_timeline_pathology.txt,value,4,0,0.0,4,string
data/raw/AACR GENIE Biopharma Collaborative Public/Data Releases/PANC/1.0-public/cBioPortal_files/meta_timeline_sample_acquisition.txt,key,4,0,0.0,4,string
data/raw/AACR GENIE Biopharma Collaborative Public/Data Releases/PANC/1.0-public/cBioPortal_files/meta_timeline_sample_acquisition.txt,value,4,0,0.0,4,string
data/raw/AACR GENIE Biopharma Collaborative Public/Data Releases/PANC/1.0-public/cBioPortal_files/meta_timeline_sequencing.txt,key,4,0,0.0,4,string
data/raw/AACR GENIE Biopharma Collaborative Public/Data Releases/PANC/1.0-public/cBioPortal_files/meta_timeline_sequencing.txt,value,4,0,0.0,4,string
data/raw/AACR GENIE Biopharma Collaborative Public/Data Releases/PANC/1.0-public/cBioPortal_files/meta_timeline_treatment.txt,key,4,0,0.0,4,string
data/raw/AACR GENIE Biopharma Collaborative Public/Data Releases/PANC/1.0-public/cBioPortal_files/meta_timeline_treatment.txt,value,4,0,0.0,4,string
data/raw/AACR GENIE Biopharma Collaborative Public/Data Releases/PANC/1.0-public/clinical_data/ca_radtx_dataset.csv,cohort,526,0,0.0,1,string
data/raw/AACR GENIE Biopharma Collaborative Public/Data Releases/PANC/1.0-public/clinical_data/ca_radtx_dataset.csv,record_id,526,0,0.0,365,string
data/raw/AACR GENIE Biopharma Collaborative Public/Data Releases/PANC/1.0-public/clinical_data/ca_radtx_dataset.csv,institution,526,0,0.0,4,string
data/raw/AACR GENIE Biopharma Collaborative Public/Data Releases/PANC/1.0-public/clinical_data/ca_radtx_dataset.csv,ca_seq,526,0,0.0,5,mixed_integer
data/raw/AACR GENIE Biopharma Collaborative Public/Data Releases/PANC/1.0-public/clinical_data/ca_radtx_dataset.csv,rt_number,526,0,0.0,8,mixed_integer
data/raw/AACR GENIE Biopharma Collaborative Public/Data Releases/PANC/1.0-public/clinical_data/ca_radtx_dataset.csv,rt_summ,526,0,0.0,3,mixed_string
data/raw/AACR GENIE Biopharma Collaborative Public/Data Releases/PANC/1.0-public/clinical_data/ca_radtx_dataset.csv,rt_inst,526,0,0.0,2,string
data/raw/AACR GENIE Biopharma Collaborative Public/Data Releases/PANC/1.0-public/clinical_data/ca_radtx_dataset.csv,rt_type,526,35,0.06654,8,string
data/raw/AACR GENIE Biopharma Collaborative Public/Data Releases/PANC/1.0-public/clinical_data/ca_radtx_dataset.csv,rt_planning,526,38,0.072243,10,string
data/raw/AACR GENIE Biopharma Collaborative Public/Data Releases/PANC/1.0-public/clinical_data/ca_radtx_dataset.csv,dx_rt_start_days,526,0,0.0,378,integer
data/raw/AACR GENIE Biopharma Collaborative Public/Data Releases/PANC/1.0-public/clinical_data/ca_radtx_dataset.csv,dx_rt_start_mos,526,0,0.0,378,float
data/raw/AACR GENIE Biopharma Collaborative Public/Data Releases/PANC/1.0-public/clinical_data/ca_radtx_dataset.csv,dx_rt_start_yrs,526,0,0.0,378,float
data/raw/AACR GENIE Biopharma Collaborative Public/Data Releases/PANC/1.0-public/clinical_data/ca_radtx_dataset.csv,rt_rt_int,526,0,0.0,57,mixed_integer
data/raw/AACR GENIE Biopharma Collaborative Public/Data Releases/PANC/1.0-public/clinical_data/ca_radtx_dataset.csv,rt_site___1,526,522,0.992395,1,string
data/raw/AACR GENIE Biopharma Collaborative Public/Data Releases/PANC/1.0-public/clinical_data/ca_radtx_dataset.csv,rt_site___2,526,523,0.994297,1,string
data/raw/AACR GENIE Biopharma Collaborative Public/Data Releases/PANC/1.0-public/clinical_data/ca_radtx_dataset.csv,rt_site___3,526,526,1.0,0,empty_or_unknown
data/raw/AACR GENIE Biopharma Collaborative Public/Data Releases/PANC/1.0-public/clinical_data/ca_radtx_dataset.csv,rt_site___4,526,526,1.0,0,empty_or_unknown
data/raw/AACR GENIE Biopharma Collaborative Public/Data Releases/PANC/1.0-public/clinical_data/ca_radtx_dataset.csv,rt_site___5,526,487,0.925856,1,string
data/raw/AACR GENIE Biopharma Collaborative Public/Data Releases/PANC/1.0-public/clinical_data/ca_radtx_dataset.csv,rt_site___6,526,523,0.994297,1,string
data/raw/AACR GENIE Biopharma Collaborative Public/Data Releases/PANC/1.0-public/clinical_data/ca_radtx_dataset.csv,rt_site___7,526,524,0.996198,1,string
data/raw/AACR GENIE Biopharma Collaborative Public/Data Releases/PANC/1.0-public/clinical_data/ca_radtx_dataset.csv,rt_site___9,526,520,0.988593,1,string
data/raw/AACR GENIE Biopharma Collaborative Public/Data Releases/PANC/1.0-public/clinical_data/ca_radtx_dataset.csv,rt_site___10,526,526,1.0,0,empty_or_unknown
data/raw/AACR GENIE Biopharma Collaborative Public/Data Releases/PANC/1.0-public/clinical_data/ca_radtx_dataset.csv,rt_site___11,526,526,1.0,0,empty_or_unknown
data/raw/AACR GENIE Biopharma Collaborative Public/Data Releases/PANC/1.0-public/clinical_data/ca_radtx_dataset.csv,rt_site___12,526,510,0.969582,1,string
data/raw/AACR GENIE Biopharma Collaborative Public/Data Releases/PANC/1.0-public/clinical_data/ca_radtx_dataset.csv,rt_site___13,526,521,0.990494,1,string
data/raw/AACR GENIE Biopharma Collaborative Public/Data Releases/PANC/1.0-public/clinical_data/ca_radtx_dataset.csv,rt_site___14,526,525,0.998099,1,string
data/raw/AACR GENIE Biopharma Collaborative Public/Data Releases/PANC/1.0-public/clinical_data/ca_radtx_dataset.csv,rt_site___20,526,526,1.0,0,empty_or_unknown
data/raw/AACR GENIE Biopharma Collaborative Public/Data Releases/PANC/1.0-public/clinical_data/ca_radtx_dataset.csv,rt_site___21,526,526,1.0,0,empty_or_unknown
data/raw/AACR GENIE Biopharma Collaborative Public/Data Releases/PANC/1.0-public/clinical_data/ca_radtx_dataset.csv,rt_site___22,526,526,1.0,0,empty_or_unknown
data/raw/AACR GENIE Biopharma Collaborative Public/Data Releases/PANC/1.0-public/clinical_data/ca_radtx_dataset.csv,rt_site___23,526,526,1.0,0,empty_or_unknown
data/raw/AACR GENIE Biopharma Collaborative Public/Data Releases/PANC/1.0-public/clinical_data/ca_radtx_dataset.csv,rt_site___24,526,526,1.0,0,empty_or_unknown
data/raw/AACR GENIE Biopharma Collaborative Public/Data Releases/PANC/1.0-public/clinical_data/ca_radtx_dataset.csv,rt_site___25,526,526,1.0,0,empty_or_unknown
data/raw/AACR GENIE Biopharma Collaborative Public/Data Releases/PANC/1.0-public/clinical_data/ca_radtx_dataset.csv,rt_site___26,526,526,1.0,0,empty_or_unknown
data/raw/AACR GENIE Biopharma Collaborative Public/Data Releases/PANC/1.0-public/clinical_data/ca_radtx_dataset.csv,rt_site___29,526,526,1.0,0,empty_or_unknown
data/raw/AACR GENIE Biopharma Collaborative Public/Data Releases/PANC/1.0-public/clinical_data/ca_radtx_dataset.csv,rt_site___30,526,509,0.967681,1,string
data/raw/AACR GENIE Biopharma Collaborative Public/Data Releases/PANC/1.0-public/clinical_data/ca_radtx_dataset.csv,rt_site___31,526,526,1.0,0,empty_or_unknown
data/raw/AACR GENIE Biopharma Collaborative Public/Data Releases/PANC/1.0-public/clinical_data/ca_radtx_dataset.csv,rt_site___32,526,526,1.0,0,empty_or_unknown
data/raw/AACR GENIE Biopharma Collaborative Public/Data Releases/PANC/1.0-public/clinical_data/ca_radtx_dataset.csv,rt_site___39,526,519,0.986692,1,string
data/raw/AACR GENIE Biopharma Collaborative Public/Data Releases/PANC/1.0-public/clinical_data/ca_radtx_dataset.csv,rt_site___40,526,525,0.998099,1,string
data/raw/AACR GENIE Biopharma Collaborative Public/Data Releases/PANC/1.0-public/clinical_data/ca_radtx_dataset.csv,rt_site___41,526,525,0.998099,1,string
data/raw/AACR GENIE Biopharma Collaborative Public/Data Releases/PANC/1.0-public/clinical_data/ca_radtx_dataset.csv,rt_site___42,526,518,0.984791,1,string
data/raw/AACR GENIE Biopharma Collaborative Public/Data Releases/PANC/1.0-public/clinical_data/ca_radtx_dataset.csv,rt_site___50,526,524,0.996198,1,string
data/raw/AACR GENIE Biopharma Collaborative Public/Data Releases/PANC/1.0-public/clinical_data/ca_radtx_dataset.csv,rt_site___51,526,521,0.990494,1,string
data/raw/AACR GENIE Biopharma Collaborative Public/Data Releases/PANC/1.0-public/clinical_data/ca_radtx_dataset.csv,rt_site___52,526,524,0.996198,1,string
data/raw/AACR GENIE Biopharma Collaborative Public/Data Releases/PANC/1.0-public/clinical_data/ca_radtx_dataset.csv,rt_site___53,526,526,1.0,0,empty_or_unknown
data/raw/AACR GENIE Biopharma Collaborative Public/Data Releases/PANC/1.0-public/clinical_data/ca_radtx_dataset.csv,rt_site___54,526,525,0.998099,1,string
data/raw/AACR GENIE Biopharma Collaborative Public/Data Releases/PANC/1.0-public/clinical_data/ca_radtx_dataset.csv,rt_site___55,526,526,1.0,0,empty_or_unknown
data/raw/AACR GENIE Biopharma Collaborative Public/Data Releases/PANC/1.0-public/clinical_data/ca_radtx_dataset.csv,rt_site___56,526,500,0.95057,1,string
data/raw/AACR GENIE Biopharma Collaborative Public/Data Releases/PANC/1.0-public/clinical_data/ca_radtx_dataset.csv,rt_site___57,526,526,1.0,0,empty_or_unknown
data/raw/AACR GENIE Biopharma Collaborative Public/Data Releases/PANC/1.0-public/clinical_data/ca_radtx_dataset.csv,rt_site___58,526,277,0.526616,1,string
data/raw/AACR GENIE Biopharma Collaborative Public/Data Releases/PANC/1.0-public/clinical_data/ca_radtx_dataset.csv,rt_site___59,526,472,0.897338,1,string
data/raw/AACR GENIE Biopharma Collaborative Public/Data Releases/PANC/1.0-public/clinical_data/ca_radtx_dataset.csv,rt_site___60,526,524,0.996198,1,string
data/raw/AACR GENIE Biopharma Collaborative Public/Data Releases/PANC/1.0-public/clinical_data/ca_radtx_dataset.csv,rt_site___61,526,526,1.0,0,empty_or_unknown
data/raw/AACR GENIE Biopharma Collaborative Public/Data Releases/PANC/1.0-public/clinical_data/ca_radtx_dataset.csv,rt_site___62,526,524,0.996198,1,string
data/raw/AACR GENIE Biopharma Collaborative Public/Data Releases/PANC/1.0-public/clinical_data/ca_radtx_dataset.csv,rt_site___63,526,526,1.0,0,empty_or_unknown
data/raw/AACR GENIE Biopharma Collaborative Public/Data Releases/PANC/1.0-public/clinical_data/ca_radtx_dataset.csv,rt_site___64,526,523,0.994297,1,string
data/raw/AACR GENIE Biopharma Collaborative Public/Data Releases/PANC/1.0-public/clinical_data/ca_radtx_dataset.csv,rt_site___65,526,522,0.992395,1,string
data/raw/AACR GENIE Biopharma Collaborative Public/Data Releases/PANC/1.0-public/clinical_data/ca_radtx_dataset.csv,rt_site___66,526,526,1.0,0,empty_or_unknown
data/raw/AACR GENIE Biopharma Collaborative Public/Data Releases/PANC/1.0-public/clinical_data/ca_radtx_dataset.csv,rt_site___67,526,526,1.0,0,empty_or_unknown
data/raw/AACR GENIE Biopharma Collaborative Public/Data Releases/PANC/1.0-public/clinical_data/ca_radtx_dataset.csv,rt_site___68,526,526,1.0,0,empty_or_unknown
data/raw/AACR GENIE Biopharma Collaborative Public/Data Releases/PANC/1.0-public/clinical_data/ca_radtx_dataset.csv,rt_site___70,526,526,1.0,0,empty_or_unknown
data/raw/AACR GENIE Biopharma Collaborative Public/Data Releases/PANC/1.0-public/clinical_data/ca_radtx_dataset.csv,rt_site___71,526,525,0.998099,1,string
data/raw/AACR GENIE Biopharma Collaborative Public/Data Releases/PANC/1.0-public/clinical_data/ca_radtx_dataset.csv,rt_site___72,526,525,0.998099,1,string
data/raw/AACR GENIE Biopharma Collaborative Public/Data Releases/PANC/1.0-public/clinical_data/ca_radtx_dataset.csv,rt_site___73,526,526,1.0,0,empty_or_unknown
data/raw/AACR GENIE Biopharma Collaborative Public/Data Releases/PANC/1.0-public/clinical_data/ca_radtx_dataset.csv,rt_site___80,526,523,0.994297,1,string
data/raw/AACR GENIE Biopharma Collaborative Public/Data Releases/PANC/1.0-public/clinical_data/ca_radtx_dataset.csv,rt_site___81,526,497,0.944867,1,string
data/raw/AACR GENIE Biopharma Collaborative Public/Data Releases/PANC/1.0-public/clinical_data/ca_radtx_dataset.csv,rt_site___82,526,522,0.992395,1,string
data/raw/AACR GENIE Biopharma Collaborative Public/Data Releases/PANC/1.0-public/clinical_data/ca_radtx_dataset.csv,rt_site___83,526,521,0.990494,1,string
data/raw/AACR GENIE Biopharma Collaborative Public/Data Releases/PANC/1.0-public/clinical_data/ca_radtx_dataset.csv,rt_site___84,526,522,0.992395,1,string
data/raw/AACR GENIE Biopharma Collaborative Public/Data Releases/PANC/1.0-public/clinical_data/ca_radtx_dataset.csv,rt_site___85,526,501,0.952471,1,string
data/raw/AACR GENIE Biopharma Collaborative Public/Data Releases/PANC/1.0-public/clinical_data/ca_radtx_dataset.csv,rt_site___86,526,519,0.986692,1,string
data/raw/AACR GENIE Biopharma Collaborative Public/Data Releases/PANC/1.0-public/clinical_data/ca_radtx_dataset.csv,rt_site___88,526,518,0.984791,1,string
data/raw/AACR GENIE Biopharma Collaborative Public/Data Releases/PANC/1.0-public/clinical_data/ca_radtx_dataset.csv,rt_site___90,526,525,0.998099,1,string
data/raw/AACR GENIE Biopharma Collaborative Public/Data Releases/PANC/1.0-public/clinical_data/ca_radtx_dataset.csv,rt_site___91,526,520,0.988593,1,string
data/raw/AACR GENIE Biopharma Collaborative Public/Data Releases/PANC/1.0-public/clinical_data/ca_radtx_dataset.csv,rt_site___92,526,526,1.0,0,empty_or_unknown
data/raw/AACR GENIE Biopharma Collaborative Public/Data Releases/PANC/1.0-public/clinical_data/ca_radtx_dataset.csv,rt_site___93,526,526,1.0,0,empty_or_unknown
data/raw/AACR GENIE Biopharma Collaborative Public/Data Releases/PANC/1.0-public/clinical_data/ca_radtx_dataset.csv,rt_site___94,526,526,1.0,0,empty_or_unknown
data/raw/AACR GENIE Biopharma Collaborative Public/Data Releases/PANC/1.0-public/clinical_data/ca_radtx_dataset.csv,rt_site___95,526,526,1.0,0,empty_or_unknown
data/raw/AACR GENIE Biopharma Collaborative Public/Data Releases/PANC/1.0-public/clinical_data/ca_radtx_dataset.csv,rt_site___96,526,526,1.0,0,empty_or_unknown
data/raw/AACR GENIE Biopharma Collaborative Public/Data Releases/PANC/1.0-public/clinical_data/ca_radtx_dataset.csv,rt_dose,526,105,0.19962,36,float
data/raw/AACR GENIE Biopharma Collaborative Public/Data Releases/PANC/1.0-public/clinical_data/ca_radtx_dataset.csv,rt_fractions,526,68,0.129278,27,mixed_integer
data/raw/AACR GENIE Biopharma Collaborative Public/Data Releases/PANC/1.0-public/clinical_data/ca_radtx_dataset.csv,rt_total_dose,526,61,0.11597,68,float
data/raw/AACR GENIE Biopharma Collaborative Public/Data Releases/PANC/1.0-public/clinical_data/ca_radtx_dataset.csv,release_version,526,0,0.0,1,string
data/raw/AACR GENIE Biopharma Collaborative Public/Data Releases/PANC/1.0-public/clinical_data/cancer_level_dataset_index.csv,cohort,1110,0,0.0,1,string
data/raw/AACR GENIE Biopharma Collaborative Public/Data Releases/PANC/1.0-public/clinical_data/cancer_level_dataset_index.csv,record_id,1110,0,0.0,1109,string
data/raw/AACR GENIE Biopharma Collaborative Public/Data Releases/PANC/1.0-public/clinical_data/cancer_level_dataset_index.csv,institution,1110,0,0.0,4,string
data/raw/AACR GENIE Biopharma Collaborative Public/Data Releases/PANC/1.0-public/clinical_data/cancer_level_dataset_index.csv,release_version,1110,0,0.0,1,string
data/raw/AACR GENIE Biopharma Collaborative Public/Data Releases/PANC/1.0-public/clinical_data/cancer_level_dataset_index.csv,tr_eligible,1110,0,0.0,1,boolean
data/raw/AACR GENIE Biopharma Collaborative Public/Data Releases/PANC/1.0-public/clinical_data/cancer_level_dataset_index.csv,ca_seq,1110,0,0.0,5,mixed_integer
data/raw/AACR GENIE Biopharma Collaborative Public/Data Releases/PANC/1.0-public/clinical_data/cancer_level_dataset_index.csv,redcap_ca_index,1110,0,0.0,1,boolean
data/raw/AACR GENIE Biopharma Collaborative Public/Data Releases/PANC/1.0-public/clinical_data/cancer_level_dataset_index.csv,dob_ca_dx_days,1110,0,0.0,1048,integer
data/raw/AACR GENIE Biopharma Collaborative Public/Data Releases/PANC/1.0-public/clinical_data/cancer_level_dataset_index.csv,dob_ca_dx_mos,1110,0,0.0,1048,float
data/raw/AACR GENIE Biopharma Collaborative Public/Data Releases/PANC/1.0-public/clinical_data/cancer_level_dataset_index.csv,dob_ca_dx_yrs,1110,0,0.0,1048,float
data/raw/AACR GENIE Biopharma Collaborative Public/Data Releases/PANC/1.0-public/clinical_data/cancer_level_dataset_index.csv,ca_dx_how,1110,0,0.0,3,string
data/raw/AACR GENIE Biopharma Collaborative Public/Data Releases/PANC/1.0-public/clinical_data/cancer_level_dataset_index.csv,dob_next_ca_days,1110,1071,0.964865,39,integer
data/raw/AACR GENIE Biopharma Collaborative Public/Data Releases/PANC/1.0-public/clinical_data/cancer_level_dataset_index.csv,dob_next_ca_mos,1110,1071,0.964865,39,float
data/raw/AACR GENIE Biopharma Collaborative Public/Data Releases/PANC/1.0-public/clinical_data/cancer_level_dataset_index.csv,dob_next_ca_yrs,1110,1071,0.964865,39,float
data/raw/AACR GENIE Biopharma Collaborative Public/Data Releases/PANC/1.0-public/clinical_data/cancer_level_dataset_index.csv,first_index_ca_days,1110,1109,0.999099,1,integer
data/raw/AACR GENIE Biopharma Collaborative Public/Data Releases/PANC/1.0-public/clinical_data/cancer_level_dataset_index.csv,first_index_ca_mos,1110,1109,0.999099,1,float
data/raw/AACR GENIE Biopharma Collaborative Public/Data Releases/PANC/1.0-public/clinical_data/cancer_level_dataset_index.csv,first_index_ca_yrs,1110,1109,0.999099,1,float
data/raw/AACR GENIE Biopharma Collaborative Public/Data Releases/PANC/1.0-public/clinical_data/cancer_level_dataset_index.csv,naaccr_first_contact_int,1110,404,0.363964,687,integer
data/raw/AACR GENIE Biopharma Collaborative Public/Data Releases/PANC/1.0-public/clinical_data/cancer_level_dataset_index.csv,age_dx,1110,0,0.0,58,integer
data/raw/AACR GENIE Biopharma Collaborative Public/Data Releases/PANC/1.0-public/clinical_data/cancer_level_dataset_index.csv,ca_d_site,1110,0,0.0,7,string
data/raw/AACR GENIE Biopharma Collaborative Public/Data Releases/PANC/1.0-public/clinical_data/cancer_level_dataset_index.csv,ca_type,1110,0,0.0,1,string
data/raw/AACR GENIE Biopharma Collaborative Public/Data Releases/PANC/1.0-public/clinical_data/cancer_level_dataset_index.csv,naaccr_histology_cd,1110,402,0.362162,27,integer
data/raw/AACR GENIE Biopharma Collaborative Public/Data Releases/PANC/1.0-public/clinical_data/cancer_level_dataset_index.csv,ca_histology,1110,402,0.362162,20,string
data/raw/AACR GENIE Biopharma Collaborative Public/Data Releases/PANC/1.0-public/clinical_data/cancer_level_dataset_index.csv,ca_hist_adeno_squamous,1110,0,0.0,5,string
data/raw/AACR GENIE Biopharma Collaborative Public/Data Releases/PANC/1.0-public/clinical_data/cancer_level_dataset_index.csv,naaccr_behavior_cd,1110,402,0.362162,1,integer
data/raw/AACR GENIE Biopharma Collaborative Public/Data Releases/PANC/1.0-public/clinical_data/cancer_level_dataset_index.csv,naaccr_laterality_cd,1110,402,0.362162,2,mixed_string
data/raw/AACR GENIE Biopharma Collaborative Public/Data Releases/PANC/1.0-public/clinical_data/cancer_level_dataset_index.csv,ca_grade,1110,584,0.526126,4,string
data/raw/AACR GENIE Biopharma Collaborative Public/Data Releases/PANC/1.0-public/clinical_data/cancer_level_dataset_index.csv,best_ajcc_stage_cd,1110,498,0.448649,10,mixed_string
data/raw/AACR GENIE Biopharma Collaborative Public/Data Releases/PANC/1.0-public/clinical_data/cancer_level_dataset_index.csv,stage_dx,1110,0,0.0,5,string
data/raw/AACR GENIE Biopharma Collaborative Public/Data Releases/PANC/1.0-public/clinical_data/cancer_level_dataset_index.csv,stage_dx_iv,1110,0,0.0,2,string
data/raw/AACR GENIE Biopharma Collaborative Public/Data Releases/PANC/1.0-public/clinical_data/cancer_level_dataset_index.csv,naaccr_tnm_path_desc,1110,462,0.416216,3,mixed_integer
data/raw/AACR GENIE Biopharma Collaborative Public/Data Releases/PANC/1.0-public/clinical_data/cancer_level_dataset_index.csv,naaccr_path_t_cd,1110,479,0.431532,32,mixed_string
data/raw/AACR GENIE Biopharma Collaborative Public/Data Releases/PANC/1.0-public/clinical_data/cancer_level_dataset_index.csv,ca_path_t_stage,1110,866,0.78018,7,string
data/raw/AACR GENIE Biopharma Collaborative Public/Data Releases/PANC/1.0-public/clinical_data/cancer_level_dataset_index.csv,ca_path_t1_det,1110,1106,0.996396,1,string
data/raw/AACR GENIE Biopharma Collaborative Public/Data Releases/PANC/1.0-public/clinical_data/cancer_level_dataset_index.csv,ca_path_t2_det,1110,1101,0.991892,1,string
data/raw/AACR GENIE Biopharma Collaborative Public/Data Releases/PANC/1.0-public/clinical_data/cancer_level_dataset_index.csv,ca_path_t3_det,1110,1024,0.922523,2,string
data/raw/AACR GENIE Biopharma Collaborative Public/Data Releases/PANC/1.0-public/clinical_data/cancer_level_dataset_index.csv,ca_path_t4_det,1110,1108,0.998198,1,string
data/raw/AACR GENIE Biopharma Collaborative Public/Data Releases/PANC/1.0-public/clinical_data/cancer_level_dataset_index.csv,naaccr_path_n_cd,1110,479,0.431532,26,mixed_string
data/raw/AACR GENIE Biopharma Collaborative Public/Data Releases/PANC/1.0-public/clinical_data/cancer_level_dataset_index.csv,ca_path_n_stage,1110,866,0.78018,5,string
data/raw/AACR GENIE Biopharma Collaborative Public/Data Releases/PANC/1.0-public/clinical_data/cancer_level_dataset_index.csv,ca_path_n1_det,1110,1043,0.93964,2,string
data/raw/AACR GENIE Biopharma Collaborative Public/Data Releases/PANC/1.0-public/clinical_data/cancer_level_dataset_index.csv,ca_path_n2_det,1110,1106,0.996396,1,string
data/raw/AACR GENIE Biopharma Collaborative Public/Data Releases/PANC/1.0-public/clinical_data/cancer_level_dataset_index.csv,ca_path_n3_det,1110,1110,1.0,0,empty_or_unknown
data/raw/AACR GENIE Biopharma Collaborative Public/Data Releases/PANC/1.0-public/clinical_data/cancer_level_dataset_index.csv,naaccr_path_m_cd,1110,493,0.444144,20,string
data/raw/AACR GENIE Biopharma Collaborative Public/Data Releases/PANC/1.0-public/clinical_data/cancer_level_dataset_index.csv,naaccr_path_stage_cd,1110,460,0.414414,11,mixed_string
data/raw/AACR GENIE Biopharma Collaborative Public/Data Releases/PANC/1.0-public/clinical_data/cancer_level_dataset_index.csv,ca_path_group_stage,1110,870,0.783784,9,string
data/raw/AACR GENIE Biopharma Collaborative Public/Data Releases/PANC/1.0-public/clinical_data/cancer_level_dataset_index.csv,naaccr_clin_t_cd,1110,425,0.382883,35,string
data/raw/AACR GENIE Biopharma Collaborative Public/Data Releases/PANC/1.0-public/clinical_data/cancer_level_dataset_index.csv,ca_clin_t_stage,1110,882,0.794595,6,string
data/raw/AACR GENIE Biopharma Collaborative Public/Data Releases/PANC/1.0-public/clinical_data/cancer_level_dataset_index.csv,ca_clin_t1_det,1110,1110,1.0,0,empty_or_unknown
data/raw/AACR GENIE Biopharma Collaborative Public/Data Releases/PANC/1.0-public/clinical_data/cancer_level_dataset_index.csv,ca_clin_t2_det,1110,1106,0.996396,1,string
data/raw/AACR GENIE Biopharma Collaborative Public/Data Releases/PANC/1.0-public/clinical_data/cancer_level_dataset_index.csv,ca_clin_t3_det,1110,1097,0.988288,1,string
data/raw/AACR GENIE Biopharma Collaborative Public/Data Releases/PANC/1.0-public/clinical_data/cancer_level_dataset_index.csv,ca_clin_t4_det,1110,1097,0.988288,1,string
data/raw/AACR GENIE Biopharma Collaborative Public/Data Releases/PANC/1.0-public/clinical_data/cancer_level_dataset_index.csv,naaccr_clin_n_cd,1110,424,0.381982,23,mixed_string
data/raw/AACR GENIE Biopharma Collaborative Public/Data Releases/PANC/1.0-public/clinical_data/cancer_level_dataset_index.csv,ca_clin_n_stage,1110,882,0.794595,4,string
data/raw/AACR GENIE Biopharma Collaborative Public/Data Releases/PANC/1.0-public/clinical_data/cancer_level_dataset_index.csv,ca_clin_n1_det,1110,1097,0.988288,1,string
data/raw/AACR GENIE Biopharma Collaborative Public/Data Releases/PANC/1.0-public/clinical_data/cancer_level_dataset_index.csv,ca_clin_n2_det,1110,1110,1.0,0,empty_or_unknown
data/raw/AACR GENIE Biopharma Collaborative Public/Data Releases/PANC/1.0-public/clinical_data/cancer_level_dataset_index.csv,ca_clinical_n3_det,1110,1110,1.0,0,empty_or_unknown
data/raw/AACR GENIE Biopharma Collaborative Public/Data Releases/PANC/1.0-public/clinical_data/cancer_level_dataset_index.csv,naaccr_clin_m_cd,1110,419,0.377477,22,string
data/raw/AACR GENIE Biopharma Collaborative Public/Data Releases/PANC/1.0-public/clinical_data/cancer_level_dataset_index.csv,naaccr_clin_stage_cd,1110,439,0.395495,12,mixed_string
data/raw/AACR GENIE Biopharma Collaborative Public/Data Releases/PANC/1.0-public/clinical_data/cancer_level_dataset_index.csv,naaccr_seer_sum_stage,1110,448,0.403604,8,mixed_integer
data/raw/AACR GENIE Biopharma Collaborative Public/Data Releases/PANC/1.0-public/clinical_data/cancer_level_dataset_index.csv,ca_tx_pre_path_stage,1110,593,0.534234,3,mixed_string
data/raw/AACR GENIE Biopharma Collaborative Public/Data Releases/PANC/1.0-public/clinical_data/cancer_level_dataset_index.csv,summary_stage,1110,2,0.001802,8,string
data/raw/AACR GENIE Biopharma Collaborative Public/Data Releases/PANC/1.0-public/clinical_data/cancer_level_dataset_index.csv,naaccr_tnm_edition_num,1110,479,0.431532,9,mixed_string
data/raw/AACR GENIE Biopharma Collaborative Public/Data Releases/PANC/1.0-public/clinical_data/cancer_level_dataset_index.csv,ca_dmets_yn,1110,613,0.552252,1,boolean
data/raw/AACR GENIE Biopharma Collaborative Public/Data Releases/PANC/1.0-public/clinical_data/cancer_level_dataset_index.csv,ca_first_dmets1,1110,613,0.552252,32,string
data/raw/AACR GENIE Biopharma Collaborative Public/Data Releases/PANC/1.0-public/clinical_data/cancer_level_dataset_index.csv,ca_first_dmets2,1110,964,0.868468,31,string
data/raw/AACR GENIE Biopharma Collaborative Public/Data Releases/PANC/1.0-public/clinical_data/cancer_level_dataset_index.csv,ca_first_dmets3,1110,1058,0.953153,23,string
data/raw/AACR GENIE Biopharma Collaborative Public/Data Releases/PANC/1.0-public/clinical_data/cancer_level_dataset_index.csv,ca_first_dmets4,1110,1091,0.982883,12,string
data/raw/AACR GENIE Biopharma Collaborative Public/Data Releases/PANC/1.0-public/clinical_data/cancer_level_dataset_index.csv,ca_first_dmets5,1110,1106,0.996396,4,string
data/raw/AACR GENIE Biopharma Collaborative Public/Data Releases/PANC/1.0-public/clinical_data/cancer_level_dataset_index.csv,ca_first_dmets6,1110,1107,0.997297,2,string
data/raw/AACR GENIE Biopharma Collaborative Public/Data Releases/PANC/1.0-public/clinical_data/cancer_level_dataset_index.csv,ca_first_dmets7,1110,1108,0.998198,2,string
data/raw/AACR GENIE Biopharma Collaborative Public/Data Releases/PANC/1.0-public/clinical_data/cancer_level_dataset_index.csv,ca_first_dmets8,1110,1108,0.998198,2,string
data/raw/AACR GENIE Biopharma Collaborative Public/Data Releases/PANC/1.0-public/clinical_data/cancer_level_dataset_index.csv,ca_first_dmets9,1110,1109,0.999099,1,string
data/raw/AACR GENIE Biopharma Collaborative Public/Data Releases/PANC/1.0-public/clinical_data/cancer_level_dataset_index.csv,ca_first_dmets10,1110,1110,1.0,0,empty_or_unknown
data/raw/AACR GENIE Biopharma Collaborative Public/Data Releases/PANC/1.0-public/clinical_data/cancer_level_dataset_index.csv,ca_resect_status,1110,1,0.000901,4,string
data/raw/AACR GENIE Biopharma Collaborative Public/Data Releases/PANC/1.0-public/clinical_data/cancer_level_dataset_index.csv,ca_n_regimens,1110,0,0.0,13,mixed_integer
data/raw/AACR GENIE Biopharma Collaborative Public/Data Releases/PANC/1.0-public/clinical_data/cancer_level_dataset_index.csv,dmets_post_dx,1110,498,0.448649,2,boolean
data/raw/AACR GENIE Biopharma Collaborative Public/Data Releases/PANC/1.0-public/clinical_data/cancer_level_dataset_index.csv,dx_to_dmets_days,1110,586,0.527928,333,mixed_integer
data/raw/AACR GENIE Biopharma Collaborative Public/Data Releases/PANC/1.0-public/clinical_data/cancer_level_dataset_index.csv,dx_to_dmets_mos,1110,586,0.527928,333,float
data/raw/AACR GENIE Biopharma Collaborative Public/Data Releases/PANC/1.0-public/clinical_data/cancer_level_dataset_index.csv,dx_to_dmets_yrs,1110,586,0.527928,333,float
data/raw/AACR GENIE Biopharma Collaborative Public/Data Releases/PANC/1.0-public/clinical_data/cancer_level_dataset_index.csv,dist_mets_abdomen,1110,1,0.000901,2,boolean
data/raw/AACR GENIE Biopharma Collaborative Public/Data Releases/PANC/1.0-public/clinical_data/cancer_level_dataset_index.csv,dx_to_dist_mets_abdomen_days,1110,651,0.586486,255,mixed_integer
data/raw/AACR GENIE Biopharma Collaborative Public/Data Releases/PANC/1.0-public/clinical_data/cancer_level_dataset_index.csv,dx_to_dist_mets_abdomen_mos,1110,651,0.586486,255,mixed_float
data/raw/AACR GENIE Biopharma Collaborative Public/Data Releases/PANC/1.0-public/clinical_data/cancer_level_dataset_index.csv,dx_to_dist_mets_abdomen_yrs,1110,651,0.586486,255,mixed_float
data/raw/AACR GENIE Biopharma Collaborative Public/Data Releases/PANC/1.0-public/clinical_data/cancer_level_dataset_index.csv,dist_mets_adrenal,1110,1,0.000901,2,boolean
data/raw/AACR GENIE Biopharma Collaborative Public/Data Releases/PANC/1.0-public/clinical_data/cancer_level_dataset_index.csv,dx_to_dist_mets_adrenal_days,1110,1024,0.922523,73,mixed_integer
data/raw/AACR GENIE Biopharma Collaborative Public/Data Releases/PANC/1.0-public/clinical_data/cancer_level_dataset_index.csv,dx_to_dist_mets_adrenal_mos,1110,1024,0.922523,73,mixed_float
data/raw/AACR GENIE Biopharma Collaborative Public/Data Releases/PANC/1.0-public/clinical_data/cancer_level_dataset_index.csv,dx_to_dist_mets_adrenal_yrs,1110,1024,0.922523,73,mixed_float
data/raw/AACR GENIE Biopharma Collaborative Public/Data Releases/PANC/1.0-public/clinical_data/cancer_level_dataset_index.csv,dist_mets_bone,1110,1,0.000901,2,boolean
data/raw/AACR GENIE Biopharma Collaborative Public/Data Releases/PANC/1.0-public/clinical_data/cancer_level_dataset_index.csv,dx_to_dist_mets_bone_days,1110,937,0.844144,154,mixed_integer
data/raw/AACR GENIE Biopharma Collaborative Public/Data Releases/PANC/1.0-public/clinical_data/cancer_level_dataset_index.csv,dx_to_dist_mets_bone_mos,1110,937,0.844144,154,mixed_float
data/raw/AACR GENIE Biopharma Collaborative Public/Data Releases/PANC/1.0-public/clinical_data/cancer_level_dataset_index.csv,dx_to_dist_mets_bone_yrs,1110,937,0.844144,154,mixed_float
data/raw/AACR GENIE Biopharma Collaborative Public/Data Releases/PANC/1.0-public/clinical_data/cancer_level_dataset_index.csv,dist_mets_bone_marrow,1110,1,0.000901,2,boolean
data/raw/AACR GENIE Biopharma Collaborative Public/Data Releases/PANC/1.0-public/clinical_data/cancer_level_dataset_index.csv,dx_to_dist_mets_bone_marrow_days,1110,1108,0.998198,2,integer
data/raw/AACR GENIE Biopharma Collaborative Public/Data Releases/PANC/1.0-public/clinical_data/cancer_level_dataset_index.csv,dx_to_dist_mets_bone_marrow_mos,1110,1108,0.998198,2,float
data/raw/AACR GENIE Biopharma Collaborative Public/Data Releases/PANC/1.0-public/clinical_data/cancer_level_dataset_index.csv,dx_to_dist_mets_bone_marrow_yrs,1110,1108,0.998198,2,float
data/raw/AACR GENIE Biopharma Collaborative Public/Data Releases/PANC/1.0-public/clinical_data/cancer_level_dataset_index.csv,dist_mets_brain_cns,1110,1,0.000901,2,boolean
data/raw/AACR GENIE Biopharma Collaborative Public/Data Releases/PANC/1.0-public/clinical_data/cancer_level_dataset_index.csv,dx_to_dist_mets_brain_cns_days,1110,1068,0.962162,40,mixed_integer
data/raw/AACR GENIE Biopharma Collaborative Public/Data Releases/PANC/1.0-public/clinical_data/cancer_level_dataset_index.csv,dx_to_dist_mets_brain_cns_mos,1110,1068,0.962162,40,mixed_float
data/raw/AACR GENIE Biopharma Collaborative Public/Data Releases/PANC/1.0-public/clinical_data/cancer_level_dataset_index.csv,dx_to_dist_mets_brain_cns_yrs,1110,1068,0.962162,40,mixed_float
data/raw/AACR GENIE Biopharma Collaborative Public/Data Releases/PANC/1.0-public/clinical_data/cancer_level_dataset_index.csv,dist_mets_breast,1110,1,0.000901,2,boolean
data/raw/AACR GENIE Biopharma Collaborative Public/Data Releases/PANC/1.0-public/clinical_data/cancer_level_dataset_index.csv,dx_to_dist_mets_breast_days,1110,1102,0.992793,8,integer
data/raw/AACR GENIE Biopharma Collaborative Public/Data Releases/PANC/1.0-public/clinical_data/cancer_level_dataset_index.csv,dx_to_dist_mets_breast_mos,1110,1102,0.992793,8,float
data/raw/AACR GENIE Biopharma Collaborative Public/Data Releases/PANC/1.0-public/clinical_data/cancer_level_dataset_index.csv,dx_to_dist_mets_breast_yrs,1110,1102,0.992793,8,float
data/raw/AACR GENIE Biopharma Collaborative Public/Data Releases/PANC/1.0-public/clinical_data/cancer_level_dataset_index.csv,dist_mets_head_and_neck,1110,1,0.000901,2,boolean
data/raw/AACR GENIE Biopharma Collaborative Public/Data Releases/PANC/1.0-public/clinical_data/cancer_level_dataset_index.csv,dx_to_dist_mets_head_and_neck_days,1110,1065,0.959459,38,mixed_integer
data/raw/AACR GENIE Biopharma Collaborative Public/Data Releases/PANC/1.0-public/clinical_data/cancer_level_dataset_index.csv,dx_to_dist_mets_head_and_neck_mos,1110,1065,0.959459,38,mixed_float
data/raw/AACR GENIE Biopharma Collaborative Public/Data Releases/PANC/1.0-public/clinical_data/cancer_level_dataset_index.csv,dx_to_dist_mets_head_and_neck_yrs,1110,1065,0.959459,38,mixed_float
data/raw/AACR GENIE Biopharma Collaborative Public/Data Releases/PANC/1.0-public/clinical_data/cancer_level_dataset_index.csv,dist_mets_liver,1110,1,0.000901,2,boolean
data/raw/AACR GENIE Biopharma Collaborative Public/Data Releases/PANC/1.0-public/clinical_data/cancer_level_dataset_index.csv,dx_to_dist_mets_liver_days,1110,354,0.318919,309,mixed_integer
data/raw/AACR GENIE Biopharma Collaborative Public/Data Releases/PANC/1.0-public/clinical_data/cancer_level_dataset_index.csv,dx_to_dist_mets_liver_mos,1110,354,0.318919,309,mixed_float
data/raw/AACR GENIE Biopharma Collaborative Public/Data Releases/PANC/1.0-public/clinical_data/cancer_level_dataset_index.csv,dx_to_dist_mets_liver_yrs,1110,354,0.318919,309,mixed_float
data/raw/AACR GENIE Biopharma Collaborative Public/Data Releases/PANC/1.0-public/clinical_data/cancer_level_dataset_index.csv,dist_mets_lymph_nodes,1110,1,0.000901,2,boolean
data/raw/AACR GENIE Biopharma Collaborative Public/Data Releases/PANC/1.0-public/clinical_data/cancer_level_dataset_index.csv,dx_to_dist_mets_lymph_nodes_days,1110,957,0.862162,131,mixed_integer
data/raw/AACR GENIE Biopharma Collaborative Public/Data Releases/PANC/1.0-public/clinical_data/cancer_level_dataset_index.csv,dx_to_dist_mets_lymph_nodes_mos,1110,957,0.862162,131,mixed_float
data/raw/AACR GENIE Biopharma Collaborative Public/Data Releases/PANC/1.0-public/clinical_data/cancer_level_dataset_index.csv,dx_to_dist_mets_lymph_nodes_yrs,1110,957,0.862162,131,mixed_float
data/raw/AACR GENIE Biopharma Collaborative Public/Data Releases/PANC/1.0-public/clinical_data/cancer_level_dataset_index.csv,dist_mets_other,1110,1,0.000901,2,boolean
data/raw/AACR GENIE Biopharma Collaborative Public/Data Releases/PANC/1.0-public/clinical_data/cancer_level_dataset_index.csv,dx_to_dist_mets_other_days,1110,1080,0.972973,30,mixed_integer
data/raw/AACR GENIE Biopharma Collaborative Public/Data Releases/PANC/1.0-public/clinical_data/cancer_level_dataset_index.csv,dx_to_dist_mets_other_mos,1110,1080,0.972973,30,mixed_float
data/raw/AACR GENIE Biopharma Collaborative Public/Data Releases/PANC/1.0-public/clinical_data/cancer_level_dataset_index.csv,dx_to_dist_mets_other_yrs,1110,1080,0.972973,30,mixed_float
data/raw/AACR GENIE Biopharma Collaborative Public/Data Releases/PANC/1.0-public/clinical_data/cancer_level_dataset_index.csv,dist_mets_pelvis,1110,1,0.000901,2,boolean
data/raw/AACR GENIE Biopharma Collaborative Public/Data Releases/PANC/1.0-public/clinical_data/cancer_level_dataset_index.csv,dx_to_dist_mets_pelvis_days,1110,1007,0.907207,89,mixed_integer
data/raw/AACR GENIE Biopharma Collaborative Public/Data Releases/PANC/1.0-public/clinical_data/cancer_level_dataset_index.csv,dx_to_dist_mets_pelvis_mos,1110,1007,0.907207,89,mixed_float
data/raw/AACR GENIE Biopharma Collaborative Public/Data Releases/PANC/1.0-public/clinical_data/cancer_level_dataset_index.csv,dx_to_dist_mets_pelvis_yrs,1110,1007,0.907207,89,mixed_float
data/raw/AACR GENIE Biopharma Collaborative Public/Data Releases/PANC/1.0-public/clinical_data/cancer_level_dataset_index.csv,dist_mets_pericardial_and_malignant_pericardial_effusion,1110,1,0.000901,2,boolean
data/raw/AACR GENIE Biopharma Collaborative Public/Data Releases/PANC/1.0-public/clinical_data/cancer_level_dataset_index.csv,dx_to_dist_mets_pericardial_and_malignant_pericardial_effusion_days,1110,1108,0.998198,2,integer
data/raw/AACR GENIE Biopharma Collaborative Public/Data Releases/PANC/1.0-public/clinical_data/cancer_level_dataset_index.csv,dx_to_dist_mets_pericardial_and_malignant_pericardial_effusion_mos,1110,1108,0.998198,2,float
data/raw/AACR GENIE Biopharma Collaborative Public/Data Releases/PANC/1.0-public/clinical_data/cancer_level_dataset_index.csv,dx_to_dist_mets_pericardial_and_malignant_pericardial_effusion_yrs,1110,1108,0.998198,2,float
data/raw/AACR GENIE Biopharma Collaborative Public/Data Releases/PANC/1.0-public/clinical_data/cancer_level_dataset_index.csv,dist_mets_peritoneum_and_malignant_peritoneal_effusion,1110,1,0.000901,2,boolean
data/raw/AACR GENIE Biopharma Collaborative Public/Data Releases/PANC/1.0-public/clinical_data/cancer_level_dataset_index.csv,dx_to_dist_mets_peritoneum_and_malignant_peritoneal_effusion_days,1110,700,0.630631,273,mixed_integer
data/raw/AACR GENIE Biopharma Collaborative Public/Data Releases/PANC/1.0-public/clinical_data/cancer_level_dataset_index.csv,dx_to_dist_mets_peritoneum_and_malignant_peritoneal_effusion_mos,1110,700,0.630631,273,mixed_float
data/raw/AACR GENIE Biopharma Collaborative Public/Data Releases/PANC/1.0-public/clinical_data/cancer_level_dataset_index.csv,dx_to_dist_mets_peritoneum_and_malignant_peritoneal_effusion_yrs,1110,700,0.630631,273,mixed_float
data/raw/AACR GENIE Biopharma Collaborative Public/Data Releases/PANC/1.0-public/clinical_data/cancer_level_dataset_index.csv,dist_mets_pleura_and_malignant_pleural_effusion,1110,1,0.000901,2,boolean
data/raw/AACR GENIE Biopharma Collaborative Public/Data Releases/PANC/1.0-public/clinical_data/cancer_level_dataset_index.csv,dx_to_dist_mets_pleura_and_malignant_pleural_effusion_days,1110,1029,0.927027,79,mixed_integer
data/raw/AACR GENIE Biopharma Collaborative Public/Data Releases/PANC/1.0-public/clinical_data/cancer_level_dataset_index.csv,dx_to_dist_mets_pleura_and_malignant_pleural_effusion_mos,1110,1029,0.927027,79,mixed_float
data/raw/AACR GENIE Biopharma Collaborative Public/Data Releases/PANC/1.0-public/clinical_data/cancer_level_dataset_index.csv,dx_to_dist_mets_pleura_and_malignant_pleural_effusion_yrs,1110,1029,0.927027,79,mixed_float
data/raw/AACR GENIE Biopharma Collaborative Public/Data Releases/PANC/1.0-public/clinical_data/cancer_level_dataset_index.csv,dist_mets_pulmonary,1110,1,0.000901,2,boolean
data/raw/AACR GENIE Biopharma Collaborative Public/Data Releases/PANC/1.0-public/clinical_data/cancer_level_dataset_index.csv,dx_to_dist_mets_pulmonary_days,1110,723,0.651351,280,mixed_integer
data/raw/AACR GENIE Biopharma Collaborative Public/Data Releases/PANC/1.0-public/clinical_data/cancer_level_dataset_index.csv,dx_to_dist_mets_pulmonary_mos,1110,723,0.651351,280,mixed_float
data/raw/AACR GENIE Biopharma Collaborative Public/Data Releases/PANC/1.0-public/clinical_data/cancer_level_dataset_index.csv,dx_to_dist_mets_pulmonary_yrs,1110,723,0.651351,280,mixed_float
data/raw/AACR GENIE Biopharma Collaborative Public/Data Releases/PANC/1.0-public/clinical_data/cancer_level_dataset_index.csv,dist_mets_skin,1110,1,0.000901,2,boolean
data/raw/AACR GENIE Biopharma Collaborative Public/Data Releases/PANC/1.0-public/clinical_data/cancer_level_dataset_index.csv,dx_to_dist_mets_skin_days,1110,1104,0.994595,4,mixed_integer
data/raw/AACR GENIE Biopharma Collaborative Public/Data Releases/PANC/1.0-public/clinical_data/cancer_level_dataset_index.csv,dx_to_dist_mets_skin_mos,1110,1104,0.994595,4,mixed_float
data/raw/AACR GENIE Biopharma Collaborative Public/Data Releases/PANC/1.0-public/clinical_data/cancer_level_dataset_index.csv,dx_to_dist_mets_skin_yrs,1110,1104,0.994595,4,mixed_float
data/raw/AACR GENIE Biopharma Collaborative Public/Data Releases/PANC/1.0-public/clinical_data/cancer_level_dataset_index.csv,dist_mets_thorax,1110,1,0.000901,2,boolean
data/raw/AACR GENIE Biopharma Collaborative Public/Data Releases/PANC/1.0-public/clinical_data/cancer_level_dataset_index.csv,dx_to_dist_mets_thorax_days,1110,1045,0.941441,62,mixed_integer
data/raw/AACR GENIE Biopharma Collaborative Public/Data Releases/PANC/1.0-public/clinical_data/cancer_level_dataset_index.csv,dx_to_dist_mets_thorax_mos,1110,1045,0.941441,62,mixed_float
data/raw/AACR GENIE Biopharma Collaborative Public/Data Releases/PANC/1.0-public/clinical_data/cancer_level_dataset_index.csv,dx_to_dist_mets_thorax_yrs,1110,1045,0.941441,62,mixed_float
data/raw/AACR GENIE Biopharma Collaborative Public/Data Releases/PANC/1.0-public/clinical_data/cancer_level_dataset_index.csv,reg_rcvd_before_distant_mets,1110,586,0.527928,2,boolean
data/raw/AACR GENIE Biopharma Collaborative Public/Data Releases/PANC/1.0-public/clinical_data/cancer_level_dataset_index.csv,os_dx_status,1110,0,0.0,2,boolean
data/raw/AACR GENIE Biopharma Collaborative Public/Data Releases/PANC/1.0-public/clinical_data/cancer_level_dataset_index.csv,tt_os_dx_days,1110,0,0.0,811,integer
data/raw/AACR GENIE Biopharma Collaborative Public/Data Releases/PANC/1.0-public/clinical_data/cancer_level_dataset_index.csv,tt_os_dx_mos,1110,0,0.0,811,float
data/raw/AACR GENIE Biopharma Collaborative Public/Data Releases/PANC/1.0-public/clinical_data/cancer_level_dataset_index.csv,tt_os_dx_yrs,1110,0,0.0,811,float
data/raw/AACR GENIE Biopharma Collaborative Public/Data Releases/PANC/1.0-public/clinical_data/cancer_level_dataset_index.csv,os_adv_status,1110,89,0.08018,2,boolean
data/raw/AACR GENIE Biopharma Collaborative Public/Data Releases/PANC/1.0-public/clinical_data/cancer_level_dataset_index.csv,tt_os_adv_days,1110,89,0.08018,688,integer
data/raw/AACR GENIE Biopharma Collaborative Public/Data Releases/PANC/1.0-public/clinical_data/cancer_level_dataset_index.csv,tt_os_adv_mos,1110,89,0.08018,688,float
data/raw/AACR GENIE Biopharma Collaborative Public/Data Releases/PANC/1.0-public/clinical_data/cancer_level_dataset_index.csv,tt_os_adv_yrs,1110,89,0.08018,688,float
data/raw/AACR GENIE Biopharma Collaborative Public/Data Releases/PANC/1.0-public/clinical_data/cancer_level_dataset_index.csv,pfs_cohort,1110,89,0.08018,2,string
data/raw/AACR GENIE Biopharma Collaborative Public/Data Releases/PANC/1.0-public/clinical_data/cancer_level_dataset_index.csv,pfs_i_adv_status,1110,89,0.08018,2,boolean
data/raw/AACR GENIE Biopharma Collaborative Public/Data Releases/PANC/1.0-public/clinical_data/cancer_level_dataset_index.csv,tt_pfs_i_adv_days,1110,89,0.08018,502,mixed_integer
data/raw/AACR GENIE Biopharma Collaborative Public/Data Releases/PANC/1.0-public/clinical_data/cancer_level_dataset_index.csv,tt_pfs_i_adv_mos,1110,89,0.08018,502,float
data/raw/AACR GENIE Biopharma Collaborative Public/Data Releases/PANC/1.0-public/clinical_data/cancer_level_dataset_index.csv,tt_pfs_i_adv_yrs,1110,89,0.08018,502,float
data/raw/AACR GENIE Biopharma Collaborative Public/Data Releases/PANC/1.0-public/clinical_data/cancer_level_dataset_index.csv,pfs_m_adv_status,1110,89,0.08018,2,boolean
data/raw/AACR GENIE Biopharma Collaborative Public/Data Releases/PANC/1.0-public/clinical_data/cancer_level_dataset_index.csv,tt_pfs_m_adv_days,1110,89,0.08018,540,mixed_integer
data/raw/AACR GENIE Biopharma Collaborative Public/Data Releases/PANC/1.0-public/clinical_data/cancer_level_dataset_index.csv,tt_pfs_m_adv_mos,1110,89,0.08018,540,float
data/raw/AACR GENIE Biopharma Collaborative Public/Data Releases/PANC/1.0-public/clinical_data/cancer_level_dataset_index.csv,tt_pfs_m_adv_yrs,1110,89,0.08018,540,float
data/raw/AACR GENIE Biopharma Collaborative Public/Data Releases/PANC/1.0-public/clinical_data/cancer_level_dataset_index.csv,pfs_i_or_m_adv_status,1110,89,0.08018,2,boolean
data/raw/AACR GENIE Biopharma Collaborative Public/Data Releases/PANC/1.0-public/clinical_data/cancer_level_dataset_index.csv,tt_pfs_i_or_m_adv_days,1110,89,0.08018,453,mixed_integer
data/raw/AACR GENIE Biopharma Collaborative Public/Data Releases/PANC/1.0-public/clinical_data/cancer_level_dataset_index.csv,tt_pfs_i_or_m_adv_mos,1110,89,0.08018,453,float
data/raw/AACR GENIE Biopharma Collaborative Public/Data Releases/PANC/1.0-public/clinical_data/cancer_level_dataset_index.csv,tt_pfs_i_or_m_adv_yrs,1110,89,0.08018,453,float
data/raw/AACR GENIE Biopharma Collaborative Public/Data Releases/PANC/1.0-public/clinical_data/cancer_level_dataset_index.csv,pfs_i_and_m_adv_status,1110,89,0.08018,2,boolean
data/raw/AACR GENIE Biopharma Collaborative Public/Data Releases/PANC/1.0-public/clinical_data/cancer_level_dataset_index.csv,tt_pfs_i_and_m_adv_days,1110,89,0.08018,576,integer
data/raw/AACR GENIE Biopharma Collaborative Public/Data Releases/PANC/1.0-public/clinical_data/cancer_level_dataset_index.csv,tt_pfs_i_and_m_adv_mos,1110,89,0.08018,576,float
data/raw/AACR GENIE Biopharma Collaborative Public/Data Releases/PANC/1.0-public/clinical_data/cancer_level_dataset_index.csv,tt_pfs_i_and_m_adv_yrs,1110,89,0.08018,576,float
data/raw/AACR GENIE Biopharma Collaborative Public/Data Releases/PANC/1.0-public/clinical_data/cancer_level_dataset_non_index.csv,cohort,279,0,0.0,1,string
data/raw/AACR GENIE Biopharma Collaborative Public/Data Releases/PANC/1.0-public/clinical_data/cancer_level_dataset_non_index.csv,record_id,279,0,0.0,215,string
data/raw/AACR GENIE Biopharma Collaborative Public/Data Releases/PANC/1.0-public/clinical_data/cancer_level_dataset_non_index.csv,institution,279,0,0.0,4,string
data/raw/AACR GENIE Biopharma Collaborative Public/Data Releases/PANC/1.0-public/clinical_data/cancer_level_dataset_non_index.csv,release_version,279,0,0.0,1,string
data/raw/AACR GENIE Biopharma Collaborative Public/Data Releases/PANC/1.0-public/clinical_data/cancer_level_dataset_non_index.csv,tr_eligible,279,0,0.0,1,boolean
data/raw/AACR GENIE Biopharma Collaborative Public/Data Releases/PANC/1.0-public/clinical_data/cancer_level_dataset_non_index.csv,ca_seq,279,0,0.0,6,mixed_integer
data/raw/AACR GENIE Biopharma Collaborative Public/Data Releases/PANC/1.0-public/clinical_data/cancer_level_dataset_non_index.csv,redcap_ca_index,279,0,0.0,1,boolean
data/raw/AACR GENIE Biopharma Collaborative Public/Data Releases/PANC/1.0-public/clinical_data/cancer_level_dataset_non_index.csv,dob_ca_dx_days,279,0,0.0,275,integer
data/raw/AACR GENIE Biopharma Collaborative Public/Data Releases/PANC/1.0-public/clinical_data/cancer_level_dataset_non_index.csv,dob_ca_dx_mos,279,0,0.0,275,float
data/raw/AACR GENIE Biopharma Collaborative Public/Data Releases/PANC/1.0-public/clinical_data/cancer_level_dataset_non_index.csv,dob_ca_dx_yrs,279,0,0.0,275,float
data/raw/AACR GENIE Biopharma Collaborative Public/Data Releases/PANC/1.0-public/clinical_data/cancer_level_dataset_non_index.csv,ca_dx_how,279,1,0.003584,4,string
data/raw/AACR GENIE Biopharma Collaborative Public/Data Releases/PANC/1.0-public/clinical_data/cancer_level_dataset_non_index.csv,dob_next_ca_days,279,38,0.136201,235,integer
data/raw/AACR GENIE Biopharma Collaborative Public/Data Releases/PANC/1.0-public/clinical_data/cancer_level_dataset_non_index.csv,dob_next_ca_mos,279,38,0.136201,235,float
data/raw/AACR GENIE Biopharma Collaborative Public/Data Releases/PANC/1.0-public/clinical_data/cancer_level_dataset_non_index.csv,dob_next_ca_yrs,279,38,0.136201,235,float
data/raw/AACR GENIE Biopharma Collaborative Public/Data Releases/PANC/1.0-public/clinical_data/cancer_level_dataset_non_index.csv,first_index_ca_days,279,0,0.0,261,mixed_integer
data/raw/AACR GENIE Biopharma Collaborative Public/Data Releases/PANC/1.0-public/clinical_data/cancer_level_dataset_non_index.csv,first_index_ca_mos,279,0,0.0,261,mixed_float
data/raw/AACR GENIE Biopharma Collaborative Public/Data Releases/PANC/1.0-public/clinical_data/cancer_level_dataset_non_index.csv,first_index_ca_yrs,279,0,0.0,261,mixed_float
data/raw/AACR GENIE Biopharma Collaborative Public/Data Releases/PANC/1.0-public/clinical_data/cancer_level_dataset_non_index.csv,naaccr_first_contact_int,279,146,0.523297,132,integer
data/raw/AACR GENIE Biopharma Collaborative Public/Data Releases/PANC/1.0-public/clinical_data/cancer_level_dataset_non_index.csv,age_dx,279,0,0.0,53,integer
data/raw/AACR GENIE Biopharma Collaborative Public/Data Releases/PANC/1.0-public/clinical_data/cancer_level_dataset_non_index.csv,ca_d_site,279,9,0.032258,61,string
data/raw/AACR GENIE Biopharma Collaborative Public/Data Releases/PANC/1.0-public/clinical_data/cancer_level_dataset_non_index.csv,ca_type,279,9,0.032258,33,string
data/raw/AACR GENIE Biopharma Collaborative Public/Data Releases/PANC/1.0-public/clinical_data/cancer_level_dataset_non_index.csv,ca_type_brain,279,278,0.996416,1,string
data/raw/AACR GENIE Biopharma Collaborative Public/Data Releases/PANC/1.0-public/clinical_data/cancer_level_dataset_non_index.csv,ca_type_oth,279,258,0.924731,19,string
data/raw/AACR GENIE Biopharma Collaborative Public/Data Releases/PANC/1.0-public/clinical_data/cancer_level_dataset_non_index.csv,ca_heme_malig,279,160,0.573477,2,boolean
data/raw/AACR GENIE Biopharma Collaborative Public/Data Releases/PANC/1.0-public/clinical_data/cancer_level_dataset_non_index.csv,ca_heme_type,279,270,0.967742,3,string
data/raw/AACR GENIE Biopharma Collaborative Public/Data Releases/PANC/1.0-public/clinical_data/cancer_level_dataset_non_index.csv,naaccr_histology_cd,279,121,0.433692,54,integer
data/raw/AACR GENIE Biopharma Collaborative Public/Data Releases/PANC/1.0-public/clinical_data/cancer_level_dataset_non_index.csv,ca_histology,279,121,0.433692,49,string
data/raw/AACR GENIE Biopharma Collaborative Public/Data Releases/PANC/1.0-public/clinical_data/cancer_level_dataset_non_index.csv,naaccr_behavior_cd,279,121,0.433692,2,integer
data/raw/AACR GENIE Biopharma Collaborative Public/Data Releases/PANC/1.0-public/clinical_data/cancer_level_dataset_non_index.csv,naaccr_laterality_cd,279,119,0.426523,5,mixed_integer
data/raw/AACR GENIE Biopharma Collaborative Public/Data Releases/PANC/1.0-public/clinical_data/cancer_level_dataset_non_index.csv,ca_grade,279,182,0.65233,5,string
data/raw/AACR GENIE Biopharma Collaborative Public/Data Releases/PANC/1.0-public/clinical_data/cancer_level_dataset_non_index.csv,ca_stage_iv,279,97,0.34767,3,mixed_string
data/raw/AACR GENIE Biopharma Collaborative Public/Data Releases/PANC/1.0-public/clinical_data/cancer_level_dataset_non_index.csv,ca_stage,279,209,0.749104,11,mixed_string
data/raw/AACR GENIE Biopharma Collaborative Public/Data Releases/PANC/1.0-public/clinical_data/cancer_level_dataset_non_index.csv,naaccr_tnm_path_desc,279,157,0.562724,5,mixed_integer
data/raw/AACR GENIE Biopharma Collaborative Public/Data Releases/PANC/1.0-public/clinical_data/cancer_level_dataset_non_index.csv,naaccr_path_t_cd,279,125,0.448029,35,mixed_string
data/raw/AACR GENIE Biopharma Collaborative Public/Data Releases/PANC/1.0-public/clinical_data/cancer_level_dataset_non_index.csv,ca_path_t_stage,279,141,0.505376,8,string
data/raw/AACR GENIE Biopharma Collaborative Public/Data Releases/PANC/1.0-public/clinical_data/cancer_level_dataset_non_index.csv,ca_path_t1_det,279,252,0.903226,4,string
data/raw/AACR GENIE Biopharma Collaborative Public/Data Releases/PANC/1.0-public/clinical_data/cancer_level_dataset_non_index.csv,ca_path_t2_det,279,270,0.967742,3,string
data/raw/AACR GENIE Biopharma Collaborative Public/Data Releases/PANC/1.0-public/clinical_data/cancer_level_dataset_non_index.csv,ca_path_t3_det,279,271,0.971326,2,string
data/raw/AACR GENIE Biopharma Collaborative Public/Data Releases/PANC/1.0-public/clinical_data/cancer_level_dataset_non_index.csv,ca_path_t4_det,279,279,1.0,0,empty_or_unknown
data/raw/AACR GENIE Biopharma Collaborative Public/Data Releases/PANC/1.0-public/clinical_data/cancer_level_dataset_non_index.csv,naaccr_path_n_cd,279,125,0.448029,21,mixed_string
data/raw/AACR GENIE Biopharma Collaborative Public/Data Releases/PANC/1.0-public/clinical_data/cancer_level_dataset_non_index.csv,ca_path_n_stage,279,145,0.519713,5,string
data/raw/AACR GENIE Biopharma Collaborative Public/Data Releases/PANC/1.0-public/clinical_data/cancer_level_dataset_non_index.csv,ca_path_n1_det,279,271,0.971326,2,string
data/raw/AACR GENIE Biopharma Collaborative Public/Data Releases/PANC/1.0-public/clinical_data/cancer_level_dataset_non_index.csv,ca_path_n2_det,279,278,0.996416,1,string
data/raw/AACR GENIE Biopharma Collaborative Public/Data Releases/PANC/1.0-public/clinical_data/cancer_level_dataset_non_index.csv,ca_path_n3_det,279,279,1.0,0,empty_or_unknown
data/raw/AACR GENIE Biopharma Collaborative Public/Data Releases/PANC/1.0-public/clinical_data/cancer_level_dataset_non_index.csv,naaccr_path_m_cd,279,130,0.46595,14,mixed_string
data/raw/AACR GENIE Biopharma Collaborative Public/Data Releases/PANC/1.0-public/clinical_data/cancer_level_dataset_non_index.csv,naaccr_path_stage_cd,279,163,0.584229,17,mixed_string
data/raw/AACR GENIE Biopharma Collaborative Public/Data Releases/PANC/1.0-public/clinical_data/cancer_level_dataset_non_index.csv,ca_path_group_stage,279,141,0.505376,14,mixed_string
data/raw/AACR GENIE Biopharma Collaborative Public/Data Releases/PANC/1.0-public/clinical_data/cancer_level_dataset_non_index.csv,naaccr_clin_t_cd,279,124,0.444444,36,mixed_string
data/raw/AACR GENIE Biopharma Collaborative Public/Data Releases/PANC/1.0-public/clinical_data/cancer_level_dataset_non_index.csv,ca_clin_t_stage,279,204,0.731183,7,string
data/raw/AACR GENIE Biopharma Collaborative Public/Data Releases/PANC/1.0-public/clinical_data/cancer_level_dataset_non_index.csv,ca_clin_t1_det,279,268,0.960573,3,string
data/raw/AACR GENIE Biopharma Collaborative Public/Data Releases/PANC/1.0-public/clinical_data/cancer_level_dataset_non_index.csv,ca_clin_t2_det,279,275,0.985663,2,string
data/raw/AACR GENIE Biopharma Collaborative Public/Data Releases/PANC/1.0-public/clinical_data/cancer_level_dataset_non_index.csv,ca_clin_t3_det,279,278,0.996416,1,string
data/raw/AACR GENIE Biopharma Collaborative Public/Data Releases/PANC/1.0-public/clinical_data/cancer_level_dataset_non_index.csv,ca_clin_t4_det,279,278,0.996416,1,string
data/raw/AACR GENIE Biopharma Collaborative Public/Data Releases/PANC/1.0-public/clinical_data/cancer_level_dataset_non_index.csv,naaccr_clin_n_cd,279,124,0.444444,16,mixed_string
data/raw/AACR GENIE Biopharma Collaborative Public/Data Releases/PANC/1.0-public/clinical_data/cancer_level_dataset_non_index.csv,ca_clin_n_stage,279,201,0.72043,4,string
data/raw/AACR GENIE Biopharma Collaborative Public/Data Releases/PANC/1.0-public/clinical_data/cancer_level_dataset_non_index.csv,ca_clin_n1_det,279,279,1.0,0,empty_or_unknown
data/raw/AACR GENIE Biopharma Collaborative Public/Data Releases/PANC/1.0-public/clinical_data/cancer_level_dataset_non_index.csv,ca_clin_n2_det,279,279,1.0,0,empty_or_unknown
data/raw/AACR GENIE Biopharma Collaborative Public/Data Releases/PANC/1.0-public/clinical_data/cancer_level_dataset_non_index.csv,ca_clinical_n3_det,279,279,1.0,0,empty_or_unknown
data/raw/AACR GENIE Biopharma Collaborative Public/Data Releases/PANC/1.0-public/clinical_data/cancer_level_dataset_non_index.csv,naaccr_clin_m_cd,279,124,0.444444,13,mixed_string
data/raw/AACR GENIE Biopharma Collaborative Public/Data Releases/PANC/1.0-public/clinical_data/cancer_level_dataset_non_index.csv,naaccr_clin_stage_cd,279,157,0.562724,16,mixed_string
data/raw/AACR GENIE Biopharma Collaborative Public/Data Releases/PANC/1.0-public/clinical_data/cancer_level_dataset_non_index.csv,naaccr_seer_sum_stage,279,160,0.573477,8,mixed_integer
data/raw/AACR GENIE Biopharma Collaborative Public/Data Releases/PANC/1.0-public/clinical_data/cancer_level_dataset_non_index.csv,ca_tx_pre_path_stage,279,55,0.197133,3,mixed_string
data/raw/AACR GENIE Biopharma Collaborative Public/Data Releases/PANC/1.0-public/clinical_data/cancer_level_dataset_non_index.csv,ca_gen_sum_stage_2,279,279,1.0,0,empty_or_unknown
data/raw/AACR GENIE Biopharma Collaborative Public/Data Releases/PANC/1.0-public/clinical_data/cancer_level_dataset_non_index.csv,summary_stage,279,276,0.989247,3,string
data/raw/AACR GENIE Biopharma Collaborative Public/Data Releases/PANC/1.0-public/clinical_data/cancer_level_dataset_non_index.csv,naaccr_tnm_edition_num,279,151,0.541219,11,mixed_string
data/raw/AACR GENIE Biopharma Collaborative Public/Data Releases/PANC/1.0-public/clinical_data/cancer_level_dataset_non_index.csv,ca_dmets_yn,279,266,0.953405,3,mixed_string
data/raw/AACR GENIE Biopharma Collaborative Public/Data Releases/PANC/1.0-public/clinical_data/cancer_level_dataset_non_index.csv,ca_first_dmets1,279,275,0.985663,4,string
data/raw/AACR GENIE Biopharma Collaborative Public/Data Releases/PANC/1.0-public/clinical_data/cancer_level_dataset_non_index.csv,ca_first_dmets2,279,277,0.992832,2,string
data/raw/AACR GENIE Biopharma Collaborative Public/Data Releases/PANC/1.0-public/clinical_data/cancer_level_dataset_non_index.csv,ca_first_dmets3,279,278,0.996416,1,string
data/raw/AACR GENIE Biopharma Collaborative Public/Data Releases/PANC/1.0-public/clinical_data/cancer_level_dataset_non_index.csv,ca_first_dmets4,279,279,1.0,0,empty_or_unknown
data/raw/AACR GENIE Biopharma Collaborative Public/Data Releases/PANC/1.0-public/clinical_data/cancer_level_dataset_non_index.csv,ca_first_dmets5,279,279,1.0,0,empty_or_unknown
data/raw/AACR GENIE Biopharma Collaborative Public/Data Releases/PANC/1.0-public/clinical_data/cancer_level_dataset_non_index.csv,ca_first_dmets6,279,279,1.0,0,empty_or_unknown
data/raw/AACR GENIE Biopharma Collaborative Public/Data Releases/PANC/1.0-public/clinical_data/cancer_level_dataset_non_index.csv,ca_first_dmets7,279,279,1.0,0,empty_or_unknown
data/raw/AACR GENIE Biopharma Collaborative Public/Data Releases/PANC/1.0-public/clinical_data/cancer_level_dataset_non_index.csv,ca_first_dmets8,279,279,1.0,0,empty_or_unknown
data/raw/AACR GENIE Biopharma Collaborative Public/Data Releases/PANC/1.0-public/clinical_data/cancer_level_dataset_non_index.csv,ca_first_dmets9,279,279,1.0,0,empty_or_unknown
data/raw/AACR GENIE Biopharma Collaborative Public/Data Releases/PANC/1.0-public/clinical_data/cancer_level_dataset_non_index.csv,ca_first_dmets10,279,279,1.0,0,empty_or_unknown
data/raw/AACR GENIE Biopharma Collaborative Public/Data Releases/PANC/1.0-public/clinical_data/cancer_level_dataset_non_index.csv,ca_bca_er,279,227,0.81362,3,string
data/raw/AACR GENIE Biopharma Collaborative Public/Data Releases/PANC/1.0-public/clinical_data/cancer_level_dataset_non_index.csv,ca_bca_pr,279,227,0.81362,3,string
data/raw/AACR GENIE Biopharma Collaborative Public/Data Releases/PANC/1.0-public/clinical_data/cancer_level_dataset_non_index.csv,ca_bca_her2ihc_val,279,227,0.81362,4,string
data/raw/AACR GENIE Biopharma Collaborative Public/Data Releases/PANC/1.0-public/clinical_data/cancer_level_dataset_non_index.csv,ca_bca_her2ihc_intp,279,227,0.81362,4,string
data/raw/AACR GENIE Biopharma Collaborative Public/Data Releases/PANC/1.0-public/clinical_data/cancer_level_dataset_non_index.csv,ca_bca_her_summ,279,228,0.817204,4,string
data/raw/AACR GENIE Biopharma Collaborative Public/Data Releases/PANC/1.0-public/clinical_data/cancer_level_dataset_non_index.csv,ca_bca_oncotypedx,279,222,0.795699,5,mixed_string
data/raw/AACR GENIE Biopharma Collaborative Public/Data Releases/PANC/1.0-public/clinical_data/cancer_level_dataset_non_index.csv,ca_bca_mgene,279,279,1.0,0,empty_or_unknown
data/raw/AACR GENIE Biopharma Collaborative Public/Data Releases/PANC/1.0-public/clinical_data/cancer_level_dataset_non_index.csv,ca_bca_mgeneresult,279,229,0.820789,1,string
data/raw/AACR GENIE Biopharma Collaborative Public/Data Releases/PANC/1.0-public/clinical_data/cancer_level_dataset_non_index.csv,ca_bca_herish,279,221,0.792115,3,string
data/raw/AACR GENIE Biopharma Collaborative Public/Data Releases/PANC/1.0-public/clinical_data/cancer_level_dataset_non_index.csv,bca_subtype,279,254,0.910394,4,string
data/raw/AACR GENIE Biopharma Collaborative Public/Data Releases/PANC/1.0-public/clinical_data/cancer_level_dataset_non_index.csv,ca_crc_td,279,267,0.956989,4,mixed_string
data/raw/AACR GENIE Biopharma Collaborative Public/Data Releases/PANC/1.0-public/clinical_data/cancer_level_dataset_non_index.csv,crc_td,279,267,0.956989,4,mixed_string
data/raw/AACR GENIE Biopharma Collaborative Public/Data Releases/PANC/1.0-public/clinical_data/cancer_level_dataset_non_index.csv,ca_crc_crm,279,268,0.960573,4,mixed_string
data/raw/AACR GENIE Biopharma Collaborative Public/Data Releases/PANC/1.0-public/clinical_data/cancer_level_dataset_non_index.csv,ca_crc_peri_inv,279,272,0.97491,1,string
data/raw/AACR GENIE Biopharma Collaborative Public/Data Releases/PANC/1.0-public/clinical_data/cancer_level_dataset_non_index.csv,ca_pros_clin_gpattern2,279,235,0.842294,8,string
data/raw/AACR GENIE Biopharma Collaborative Public/Data Releases/PANC/1.0-public/clinical_data/cancer_level_dataset_non_index.csv,ca_pros_clin_gscore,279,237,0.849462,6,string
data/raw/AACR GENIE Biopharma Collaborative Public/Data Releases/PANC/1.0-public/clinical_data/cancer_level_dataset_non_index.csv,ca_pros_path_gpattern2,279,235,0.842294,7,string
data/raw/AACR GENIE Biopharma Collaborative Public/Data Releases/PANC/1.0-public/clinical_data/cancer_level_dataset_non_index.csv,ca_pros_path_gscore,279,237,0.849462,5,string
data/raw/AACR GENIE Biopharma Collaborative Public/Data Releases/PANC/1.0-public/clinical_data/cancer_level_dataset_non_index.csv,ca_pros_path_gtert,279,238,0.853047,2,string
data/raw/AACR GENIE Biopharma Collaborative Public/Data Releases/PANC/1.0-public/clinical_data/cancer_level_dataset_non_index.csv,ca_pros_num_corespos,279,235,0.842294,10,mixed_string
data/raw/AACR GENIE Biopharma Collaborative Public/Data Releases/PANC/1.0-public/clinical_data/cancer_level_dataset_non_index.csv,ca_pros_num_cores,279,235,0.842294,14,mixed_string
data/raw/AACR GENIE Biopharma Collaborative Public/Data Releases/PANC/1.0-public/clinical_data/cancer_level_dataset_non_index.csv,ca_cigarette,279,263,0.942652,5,string
data/raw/AACR GENIE Biopharma Collaborative Public/Data Releases/PANC/1.0-public/clinical_data/cancer_level_dataset_non_index.csv,ca_lung_sep_tumor,279,263,0.942652,2,string
data/raw/AACR GENIE Biopharma Collaborative Public/Data Releases/PANC/1.0-public/clinical_data/cancer_level_dataset_non_index.csv,ca_lung_pl_el_inv,279,263,0.942652,4,string
data/raw/AACR GENIE Biopharma Collaborative Public/Data Releases/PANC/1.0-public/clinical_data/cancer_level_dataset_non_index.csv,ca_n_regimens,279,0,0.0,9,mixed_integer
data/raw/AACR GENIE Biopharma Collaborative Public/Data Releases/PANC/1.0-public/clinical_data/cancer_level_dataset_non_index.csv,os_dx_status,279,0,0.0,2,boolean
data/raw/AACR GENIE Biopharma Collaborative Public/Data Releases/PANC/1.0-public/clinical_data/cancer_level_dataset_non_index.csv,tt_os_dx_days,279,0,0.0,271,integer
data/raw/AACR GENIE Biopharma Collaborative Public/Data Releases/PANC/1.0-public/clinical_data/cancer_level_dataset_non_index.csv,tt_os_dx_mos,279,0,0.0,271,float
data/raw/AACR GENIE Biopharma Collaborative Public/Data Releases/PANC/1.0-public/clinical_data/cancer_level_dataset_non_index.csv,tt_os_dx_yrs,279,0,0.0,271,float
data/raw/AACR GENIE Biopharma Collaborative Public/Data Releases/PANC/1.0-public/clinical_data/cancer_level_dataset_non_index.csv,os_adv_status,279,279,1.0,0,empty_or_unknown
data/raw/AACR GENIE Biopharma Collaborative Public/Data Releases/PANC/1.0-public/clinical_data/cancer_level_dataset_non_index.csv,tt_os_adv_days,279,279,1.0,0,empty_or_unknown
data/raw/AACR GENIE Biopharma Collaborative Public/Data Releases/PANC/1.0-public/clinical_data/cancer_level_dataset_non_index.csv,tt_os_adv_mos,279,279,1.0,0,empty_or_unknown
data/raw/AACR GENIE Biopharma Collaborative Public/Data Releases/PANC/1.0-public/clinical_data/cancer_level_dataset_non_index.csv,tt_os_adv_yrs,279,279,1.0,0,empty_or_unknown
data/raw/AACR GENIE Biopharma Collaborative Public/Data Releases/PANC/1.0-public/clinical_data/cancer_panel_test_level_dataset.csv,cohort,1130,0,0.0,1,string
data/raw/AACR GENIE Biopharma Collaborative Public/Data Releases/PANC/1.0-public/clinical_data/cancer_panel_test_level_dataset.csv,record_id,1130,0,0.0,1109,string
data/raw/AACR GENIE Biopharma Collaborative Public/Data Releases/PANC/1.0-public/clinical_data/cancer_panel_test_level_dataset.csv,institution,1130,0,0.0,4,string
data/raw/AACR GENIE Biopharma Collaborative Public/Data Releases/PANC/1.0-public/clinical_data/cancer_panel_test_level_dataset.csv,cpt_number,1130,0,0.0,3,mixed_integer
data/raw/AACR GENIE Biopharma Collaborative Public/Data Releases/PANC/1.0-public/clinical_data/cancer_panel_test_level_dataset.csv,ca_seq,1130,0,0.0,5,mixed_integer
data/raw/AACR GENIE Biopharma Collaborative Public/Data Releases/PANC/1.0-public/clinical_data/cancer_panel_test_level_dataset.csv,cpt_n_ca_seq,1130,0,0.0,1,boolean
data/raw/AACR GENIE Biopharma Collaborative Public/Data Releases/PANC/1.0-public/clinical_data/cancer_panel_test_level_dataset.csv,cpt_order_int,1130,72,0.063717,1021,integer
data/raw/AACR GENIE Biopharma Collaborative Public/Data Releases/PANC/1.0-public/clinical_data/cancer_panel_test_level_dataset.csv,cpt_seq_date,1130,2,0.00177,6,integer
data/raw/AACR GENIE Biopharma Collaborative Public/Data Releases/PANC/1.0-public/clinical_data/cancer_panel_test_level_dataset.csv,dob_cpt_report_days,1130,0,0.0,1072,integer
data/raw/AACR GENIE Biopharma Collaborative Public/Data Releases/PANC/1.0-public/clinical_data/cancer_panel_test_level_dataset.csv,dob_cpt_report_mos,1130,0,0.0,1072,float
data/raw/AACR GENIE Biopharma Collaborative Public/Data Releases/PANC/1.0-public/clinical_data/cancer_panel_test_level_dataset.csv,dob_cpt_report_yrs,1130,0,0.0,1072,float
data/raw/AACR GENIE Biopharma Collaborative Public/Data Releases/PANC/1.0-public/clinical_data/cancer_panel_test_level_dataset.csv,cpt_report_post_death,1130,0,0.0,2,boolean
data/raw/AACR GENIE Biopharma Collaborative Public/Data Releases/PANC/1.0-public/clinical_data/cancer_panel_test_level_dataset.csv,cpt_report_post_last_alive,1130,893,0.790265,2,boolean
data/raw/AACR GENIE Biopharma Collaborative Public/Data Releases/PANC/1.0-public/clinical_data/cancer_panel_test_level_dataset.csv,dx_cpt_rep_days,1130,0,0.0,526,integer
data/raw/AACR GENIE Biopharma Collaborative Public/Data Releases/PANC/1.0-public/clinical_data/cancer_panel_test_level_dataset.csv,dx_cpt_rep_mos,1130,0,0.0,526,float
data/raw/AACR GENIE Biopharma Collaborative Public/Data Releases/PANC/1.0-public/clinical_data/cancer_panel_test_level_dataset.csv,dx_cpt_rep_yrs,1130,0,0.0,526,float
data/raw/AACR GENIE Biopharma Collaborative Public/Data Releases/PANC/1.0-public/clinical_data/cancer_panel_test_level_dataset.csv,dx_path_proc_cpt_days,1130,0,0.0,250,mixed_integer
data/raw/AACR GENIE Biopharma Collaborative Public/Data Releases/PANC/1.0-public/clinical_data/cancer_panel_test_level_dataset.csv,dx_path_proc_cpt_mos,1130,0,0.0,250,mixed_float
data/raw/AACR GENIE Biopharma Collaborative Public/Data Releases/PANC/1.0-public/clinical_data/cancer_panel_test_level_dataset.csv,dx_path_proc_cpt_yrs,1130,0,0.0,250,mixed_float
data/raw/AACR GENIE Biopharma Collaborative Public/Data Releases/PANC/1.0-public/clinical_data/cancer_panel_test_level_dataset.csv,path_proc_cpt_rep_days,1130,0,0.0,434,integer
data/raw/AACR GENIE Biopharma Collaborative Public/Data Releases/PANC/1.0-public/clinical_data/cancer_panel_test_level_dataset.csv,path_proc_cpt_rep_mos,1130,0,0.0,434,float
data/raw/AACR GENIE Biopharma Collaborative Public/Data Releases/PANC/1.0-public/clinical_data/cancer_panel_test_level_dataset.csv,path_proc_cpt_rep_yrs,1130,0,0.0,434,float
data/raw/AACR GENIE Biopharma Collaborative Public/Data Releases/PANC/1.0-public/clinical_data/cancer_panel_test_level_dataset.csv,path_proc_number,1130,0,0.0,8,mixed_integer
data/raw/AACR GENIE Biopharma Collaborative Public/Data Releases/PANC/1.0-public/clinical_data/cancer_panel_test_level_dataset.csv,path_rep_number,1130,0,0.0,5,mixed_integer
data/raw/AACR GENIE Biopharma Collaborative Public/Data Releases/PANC/1.0-public/clinical_data/cancer_panel_test_level_dataset.csv,cpt_genie_sample_id,1130,0,0.0,1130,string
data/raw/AACR GENIE Biopharma Collaborative Public/Data Releases/PANC/1.0-public/clinical_data/cancer_panel_test_level_dataset.csv,cpt_oncotree_code,1130,0,0.0,4,string
data/raw/AACR GENIE Biopharma Collaborative Public/Data Releases/PANC/1.0-public/clinical_data/cancer_panel_test_level_dataset.csv,sample_type,1130,4,0.00354,4,string
data/raw/AACR GENIE Biopharma Collaborative Public/Data Releases/PANC/1.0-public/clinical_data/cancer_panel_test_level_dataset.csv,cpt_seq_assay_id,1130,0,0.0,15,string
data/raw/AACR GENIE Biopharma Collaborative Public/Data Releases/PANC/1.0-public/clinical_data/cancer_panel_test_level_dataset.csv,release_version,1130,0,0.0,1,string
data/raw/AACR GENIE Biopharma Collaborative Public/Data Releases/PANC/1.0-public/clinical_data/imaging_level_dataset.csv,cohort,14520,0,0.0,1,string
data/raw/AACR GENIE Biopharma Collaborative Public/Data Releases/PANC/1.0-public/clinical_data/imaging_level_dataset.csv,record_id,14520,0,0.0,1094,string
data/raw/AACR GENIE Biopharma Collaborative Public/Data Releases/PANC/1.0-public/clinical_data/imaging_level_dataset.csv,institution,14520,0,0.0,4,string
data/raw/AACR GENIE Biopharma Collaborative Public/Data Releases/PANC/1.0-public/clinical_data/imaging_level_dataset.csv,scan_number,14520,0,0.0,105,mixed_integer
data/raw/AACR GENIE Biopharma Collaborative Public/Data Releases/PANC/1.0-public/clinical_data/imaging_level_dataset.csv,image_scan_int,14520,0,0.0,8082,integer
data/raw/AACR GENIE Biopharma Collaborative Public/Data Releases/PANC/1.0-public/clinical_data/imaging_level_dataset.csv,dx_scan_days,14520,0,0.0,2302,mixed_integer
data/raw/AACR GENIE Biopharma Collaborative Public/Data Releases/PANC/1.0-public/clinical_data/imaging_level_dataset.csv,dx_scan_mos,14520,0,0.0,2302,mixed_float
data/raw/AACR GENIE Biopharma Collaborative Public/Data Releases/PANC/1.0-public/clinical_data/imaging_level_dataset.csv,dx_scan_yrs,14520,0,0.0,2302,mixed_float
data/raw/AACR GENIE Biopharma Collaborative Public/Data Releases/PANC/1.0-public/clinical_data/imaging_level_dataset.csv,image_ref_scan_int,14520,6301,0.433953,5496,integer
data/raw/AACR GENIE Biopharma Collaborative Public/Data Releases/PANC/1.0-public/clinical_data/imaging_level_dataset.csv,dx_ref_scan_days,14520,6301,0.433953,2037,mixed_integer
data/raw/AACR GENIE Biopharma Collaborative Public/Data Releases/PANC/1.0-public/clinical_data/imaging_level_dataset.csv,dx_ref_scan_mos,14520,6301,0.433953,2037,mixed_float
data/raw/AACR GENIE Biopharma Collaborative Public/Data Releases/PANC/1.0-public/clinical_data/imaging_level_dataset.csv,dx_ref_scan_yrs,14520,6301,0.433953,2037,mixed_float
data/raw/AACR GENIE Biopharma Collaborative Public/Data Releases/PANC/1.0-public/clinical_data/imaging_level_dataset.csv,image_inst_perf,14520,0,0.0,2,string
data/raw/AACR GENIE Biopharma Collaborative Public/Data Releases/PANC/1.0-public/clinical_data/imaging_level_dataset.csv,image_inst_inter,14520,10812,0.744628,2,string
data/raw/AACR GENIE Biopharma Collaborative Public/Data Releases/PANC/1.0-public/clinical_data/imaging_level_dataset.csv,image_scan_type,14520,0,0.0,6,string
data/raw/AACR GENIE Biopharma Collaborative Public/Data Releases/PANC/1.0-public/clinical_data/imaging_level_dataset.csv,image_scansite___1,14520,13742,0.946419,1,string
data/raw/AACR GENIE Biopharma Collaborative Public/Data Releases/PANC/1.0-public/clinical_data/imaging_level_dataset.csv,image_scansite___2,14520,14249,0.981336,1,string
data/raw/AACR GENIE Biopharma Collaborative Public/Data Releases/PANC/1.0-public/clinical_data/imaging_level_dataset.csv,image_scansite___3,14520,14417,0.992906,1,string
data/raw/AACR GENIE Biopharma Collaborative Public/Data Releases/PANC/1.0-public/clinical_data/imaging_level_dataset.csv,image_scansite___4,14520,6592,0.453994,1,string
data/raw/AACR GENIE Biopharma Collaborative Public/Data Releases/PANC/1.0-public/clinical_data/imaging_level_dataset.csv,image_scansite___5,14520,4332,0.298347,1,string
data/raw/AACR GENIE Biopharma Collaborative Public/Data Releases/PANC/1.0-public/clinical_data/imaging_level_dataset.csv,image_scansite___6,14520,5518,0.380028,1,string
data/raw/AACR GENIE Biopharma Collaborative Public/Data Releases/PANC/1.0-public/clinical_data/imaging_level_dataset.csv,image_scansite___7,14520,14449,0.99511,1,string
data/raw/AACR GENIE Biopharma Collaborative Public/Data Releases/PANC/1.0-public/clinical_data/imaging_level_dataset.csv,image_scansite___8,14520,13892,0.956749,1,string
data/raw/AACR GENIE Biopharma Collaborative Public/Data Releases/PANC/1.0-public/clinical_data/imaging_level_dataset.csv,scan_sites,14520,0,0.0,27,string
data/raw/AACR GENIE Biopharma Collaborative Public/Data Releases/PANC/1.0-public/clinical_data/imaging_level_dataset.csv,image_ca,14520,0,0.0,4,string
data/raw/AACR GENIE Biopharma Collaborative Public/Data Releases/PANC/1.0-public/clinical_data/imaging_level_dataset.csv,image_overall,14520,5502,0.378926,5,string
data/raw/AACR GENIE Biopharma Collaborative Public/Data Releases/PANC/1.0-public/clinical_data/imaging_level_dataset.csv,image_casite1,14520,5745,0.395661,93,string
data/raw/AACR GENIE Biopharma Collaborative Public/Data Releases/PANC/1.0-public/clinical_data/imaging_level_dataset.csv,image_casite2,14520,9442,0.650275,99,string
data/raw/AACR GENIE Biopharma Collaborative Public/Data Releases/PANC/1.0-public/clinical_data/imaging_level_dataset.csv,image_casite3,14520,12224,0.841873,89,string
data/raw/AACR GENIE Biopharma Collaborative Public/Data Releases/PANC/1.0-public/clinical_data/imaging_level_dataset.csv,image_casite4,14520,13549,0.933127,75,string
data/raw/AACR GENIE Biopharma Collaborative Public/Data Releases/PANC/1.0-public/clinical_data/imaging_level_dataset.csv,image_casite5,14520,14167,0.975689,57,string
data/raw/AACR GENIE Biopharma Collaborative Public/Data Releases/PANC/1.0-public/clinical_data/imaging_level_dataset.csv,image_casite6,14520,14389,0.990978,38,string
data/raw/AACR GENIE Biopharma Collaborative Public/Data Releases/PANC/1.0-public/clinical_data/imaging_level_dataset.csv,image_casite7,14520,14476,0.99697,25,string
data/raw/AACR GENIE Biopharma Collaborative Public/Data Releases/PANC/1.0-public/clinical_data/imaging_level_dataset.csv,image_casite8,14520,14502,0.99876,13,string
data/raw/AACR GENIE Biopharma Collaborative Public/Data Releases/PANC/1.0-public/clinical_data/imaging_level_dataset.csv,image_casite9,14520,14512,0.999449,7,string
data/raw/AACR GENIE Biopharma Collaborative Public/Data Releases/PANC/1.0-public/clinical_data/imaging_level_dataset.csv,image_casite10,14520,14518,0.999862,2,string
data/raw/AACR GENIE Biopharma Collaborative Public/Data Releases/PANC/1.0-public/clinical_data/imaging_level_dataset.csv,image_casite11,14520,14520,1.0,0,empty_or_unknown
data/raw/AACR GENIE Biopharma Collaborative Public/Data Releases/PANC/1.0-public/clinical_data/imaging_level_dataset.csv,image_casite12,14520,14520,1.0,0,empty_or_unknown
data/raw/AACR GENIE Biopharma Collaborative Public/Data Releases/PANC/1.0-public/clinical_data/imaging_level_dataset.csv,image_casite13,14520,14520,1.0,0,empty_or_unknown
data/raw/AACR GENIE Biopharma Collaborative Public/Data Releases/PANC/1.0-public/clinical_data/imaging_level_dataset.csv,image_casite14,14520,14520,1.0,0,empty_or_unknown
data/raw/AACR GENIE Biopharma Collaborative Public/Data Releases/PANC/1.0-public/clinical_data/imaging_level_dataset.csv,image_casite15,14520,14520,1.0,0,empty_or_unknown
data/raw/AACR GENIE Biopharma Collaborative Public/Data Releases/PANC/1.0-public/clinical_data/imaging_level_dataset.csv,release_version,14520,0,0.0,1,string
data/raw/AACR GENIE Biopharma Collaborative Public/Data Releases/PANC/1.0-public/clinical_data/manifest.csv,ID,10,0,0.0,10,string
data/raw/AACR GENIE Biopharma Collaborative Public/Data Releases/PANC/1.0-public/clinical_data/manifest.csv,name,10,0,0.0,10,string
data/raw/AACR GENIE Biopharma Collaborative Public/Data Releases/PANC/1.0-public/clinical_data/manifest.csv,versionNumber,10,0,0.0,1,boolean
data/raw/AACR GENIE Biopharma Collaborative Public/Data Releases/PANC/1.0-public/clinical_data/manifest.csv,contentType,10,0,0.0,1,string
data/raw/AACR GENIE Biopharma Collaborative Public/Data Releases/PANC/1.0-public/clinical_data/manifest.csv,dataFileSizeBytes,10,0,0.0,10,integer
data/raw/AACR GENIE Biopharma Collaborative Public/Data Releases/PANC/1.0-public/clinical_data/manifest.csv,createdBy,10,0,0.0,1,integer
data/raw/AACR GENIE Biopharma Collaborative Public/Data Releases/PANC/1.0-public/clinical_data/manifest.csv,createdOn,10,0,0.0,10,integer
data/raw/AACR GENIE Biopharma Collaborative Public/Data Releases/PANC/1.0-public/clinical_data/manifest.csv,modifiedBy,10,0,0.0,1,integer
data/raw/AACR GENIE Biopharma Collaborative Public/Data Releases/PANC/1.0-public/clinical_data/manifest.csv,modifiedOn,10,0,0.0,10,integer
data/raw/AACR GENIE Biopharma Collaborative Public/Data Releases/PANC/1.0-public/clinical_data/manifest.csv,parentId,10,0,0.0,1,string
data/raw/AACR GENIE Biopharma Collaborative Public/Data Releases/PANC/1.0-public/clinical_data/manifest.csv,synapseURL,10,0,0.0,10,string
data/raw/AACR GENIE Biopharma Collaborative Public/Data Releases/PANC/1.0-public/clinical_data/manifest.csv,dataFileMD5Hex,10,0,0.0,10,string
data/raw/AACR GENIE Biopharma Collaborative Public/Data Releases/PANC/1.0-public/clinical_data/manifest.csv,cohort,10,0,0.0,1,string
data/raw/AACR GENIE Biopharma Collaborative Public/Data Releases/PANC/1.0-public/clinical_data/manifest.csv,consortium,10,0,0.0,1,string
data/raw/AACR GENIE Biopharma Collaborative Public/Data Releases/PANC/1.0-public/clinical_data/manifest.csv,dataType,10,0,0.0,10,string
data/raw/AACR GENIE Biopharma Collaborative Public/Data Releases/PANC/1.0-public/clinical_data/manifest.csv,project,10,0,0.0,1,string
data/raw/AACR GENIE Biopharma Collaborative Public/Data Releases/PANC/1.0-public/clinical_data/manifest.csv,species,10,0,0.0,1,string
data/raw/AACR GENIE Biopharma Collaborative Public/Data Releases/PANC/1.0-public/clinical_data/manifest.csv,version,10,0,0.0,1,string
data/raw/AACR GENIE Biopharma Collaborative Public/Data Releases/PANC/1.0-public/clinical_data/med_onc_note_level_dataset.csv,cohort,15870,0,0.0,1,string
data/raw/AACR GENIE Biopharma Collaborative Public/Data Releases/PANC/1.0-public/clinical_data/med_onc_note_level_dataset.csv,record_id,15870,0,0.0,1100,string
data/raw/AACR GENIE Biopharma Collaborative Public/Data Releases/PANC/1.0-public/clinical_data/med_onc_note_level_dataset.csv,institution,15870,0,0.0,4,string
data/raw/AACR GENIE Biopharma Collaborative Public/Data Releases/PANC/1.0-public/clinical_data/med_onc_note_level_dataset.csv,md_visit_number,15870,0,0.0,87,mixed_integer
data/raw/AACR GENIE Biopharma Collaborative Public/Data Releases/PANC/1.0-public/clinical_data/med_onc_note_level_dataset.csv,md_onc_visit_int,15870,0,0.0,9288,integer
data/raw/AACR GENIE Biopharma Collaborative Public/Data Releases/PANC/1.0-public/clinical_data/med_onc_note_level_dataset.csv,dx_md_visit_days,15870,0,0.0,2440,mixed_integer
data/raw/AACR GENIE Biopharma Collaborative Public/Data Releases/PANC/1.0-public/clinical_data/med_onc_note_level_dataset.csv,dx_md_visit_mos,15870,0,0.0,2440,mixed_float
data/raw/AACR GENIE Biopharma Collaborative Public/Data Releases/PANC/1.0-public/clinical_data/med_onc_note_level_dataset.csv,dx_md_visit_yrs,15870,0,0.0,2440,mixed_float
data/raw/AACR GENIE Biopharma Collaborative Public/Data Releases/PANC/1.0-public/clinical_data/med_onc_note_level_dataset.csv,md_inst,15870,0,0.0,2,string
data/raw/AACR GENIE Biopharma Collaborative Public/Data Releases/PANC/1.0-public/clinical_data/med_onc_note_level_dataset.csv,md_type_ca_cur,15870,0,0.0,1,string
data/raw/AACR GENIE Biopharma Collaborative Public/Data Releases/PANC/1.0-public/clinical_data/med_onc_note_level_dataset.csv,md_ca,15870,0,0.0,4,string
data/raw/AACR GENIE Biopharma Collaborative Public/Data Releases/PANC/1.0-public/clinical_data/med_onc_note_level_dataset.csv,md_ca_status,15870,3529,0.222369,5,string
data/raw/AACR GENIE Biopharma Collaborative Public/Data Releases/PANC/1.0-public/clinical_data/med_onc_note_level_dataset.csv,release_version,15870,0,0.0,1,string
data/raw/AACR GENIE Biopharma Collaborative Public/Data Releases/PANC/1.0-public/clinical_data/pathology_report_level_dataset.csv,cohort,3532,0,0.0,1,string
data/raw/AACR GENIE Biopharma Collaborative Public/Data Releases/PANC/1.0-public/clinical_data/pathology_report_level_dataset.csv,record_id,3532,0,0.0,1109,string
data/raw/AACR GENIE Biopharma Collaborative Public/Data Releases/PANC/1.0-public/clinical_data/pathology_report_level_dataset.csv,institution,3532,0,0.0,4,string
data/raw/AACR GENIE Biopharma Collaborative Public/Data Releases/PANC/1.0-public/clinical_data/pathology_report_level_dataset.csv,path_proc_number,3532,0,0.0,54,mixed_integer
data/raw/AACR GENIE Biopharma Collaborative Public/Data Releases/PANC/1.0-public/clinical_data/pathology_report_level_dataset.csv,path_rep_number,3532,0,0.0,5,mixed_integer
data/raw/AACR GENIE Biopharma Collaborative Public/Data Releases/PANC/1.0-public/clinical_data/pathology_report_level_dataset.csv,path_proc_inst,3532,0,0.0,2,string
data/raw/AACR GENIE Biopharma Collaborative Public/Data Releases/PANC/1.0-public/clinical_data/pathology_report_level_dataset.csv,path_rep_inst,3532,0,0.0,2,string
data/raw/AACR GENIE Biopharma Collaborative Public/Data Releases/PANC/1.0-public/clinical_data/pathology_report_level_dataset.csv,path_proc_int,3532,0,0.0,2578,integer
data/raw/AACR GENIE Biopharma Collaborative Public/Data Releases/PANC/1.0-public/clinical_data/pathology_report_level_dataset.csv,dx_path_proc_days,3532,0,0.0,915,mixed_integer
data/raw/AACR GENIE Biopharma Collaborative Public/Data Releases/PANC/1.0-public/clinical_data/pathology_report_level_dataset.csv,dx_path_proc_mos,3532,0,0.0,915,mixed_float
data/raw/AACR GENIE Biopharma Collaborative Public/Data Releases/PANC/1.0-public/clinical_data/pathology_report_level_dataset.csv,dx_path_proc_yrs,3532,0,0.0,915,mixed_float
data/raw/AACR GENIE Biopharma Collaborative Public/Data Releases/PANC/1.0-public/clinical_data/pathology_report_level_dataset.csv,path_proc_type,3532,0,0.0,3,string
data/raw/AACR GENIE Biopharma Collaborative Public/Data Releases/PANC/1.0-public/clinical_data/pathology_report_level_dataset.csv,path_proc,3532,1503,0.425538,4,string
data/raw/AACR GENIE Biopharma Collaborative Public/Data Releases/PANC/1.0-public/clinical_data/pathology_report_level_dataset.csv,path_num_spec,3532,0,0.0,18,mixed_integer
data/raw/AACR GENIE Biopharma Collaborative Public/Data Releases/PANC/1.0-public/clinical_data/pathology_report_level_dataset.csv,path_insitu_any,3532,0,0.0,2,boolean
data/raw/AACR GENIE Biopharma Collaborative Public/Data Releases/PANC/1.0-public/clinical_data/pathology_report_level_dataset.csv,n_specimen_insitu,3532,0,0.0,5,mixed_integer
data/raw/AACR GENIE Biopharma Collaborative Public/Data Releases/PANC/1.0-public/clinical_data/pathology_report_level_dataset.csv,path_ca_inv_any,3532,0,0.0,2,boolean
data/raw/AACR GENIE Biopharma Collaborative Public/Data Releases/PANC/1.0-public/clinical_data/pathology_report_level_dataset.csv,n_specimen_inv,3532,0,0.0,12,mixed_integer
data/raw/AACR GENIE Biopharma Collaborative Public/Data Releases/PANC/1.0-public/clinical_data/pathology_report_level_dataset.csv,msi_testing,3532,0,0.0,2,boolean
data/raw/AACR GENIE Biopharma Collaborative Public/Data Releases/PANC/1.0-public/clinical_data/pathology_report_level_dataset.csv,msi_yn,3532,896,0.253681,2,boolean
data/raw/AACR GENIE Biopharma Collaborative Public/Data Releases/PANC/1.0-public/clinical_data/pathology_report_level_dataset.csv,msi_prepaint,3532,3512,0.994337,20,integer
data/raw/AACR GENIE Biopharma Collaborative Public/Data Releases/PANC/1.0-public/clinical_data/pathology_report_level_dataset.csv,msi_result,3532,3510,0.993771,4,string
data/raw/AACR GENIE Biopharma Collaborative Public/Data Releases/PANC/1.0-public/clinical_data/pathology_report_level_dataset.csv,msi_high_any,3532,3510,0.993771,2,boolean
data/raw/AACR GENIE Biopharma Collaborative Public/Data Releases/PANC/1.0-public/clinical_data/pathology_report_level_dataset.csv,msi_high,3532,3531,0.999717,1,string
data/raw/AACR GENIE Biopharma Collaborative Public/Data Releases/PANC/1.0-public/clinical_data/pathology_report_level_dataset.csv,msi_low,3532,3531,0.999717,1,string
data/raw/AACR GENIE Biopharma Collaborative Public/Data Releases/PANC/1.0-public/clinical_data/pathology_report_level_dataset.csv,mmr_testing,3532,0,0.0,2,boolean
data/raw/AACR GENIE Biopharma Collaborative Public/Data Releases/PANC/1.0-public/clinical_data/pathology_report_level_dataset.csv,mmr_yn,3532,895,0.253398,2,boolean
data/raw/AACR GENIE Biopharma Collaborative Public/Data Releases/PANC/1.0-public/clinical_data/pathology_report_level_dataset.csv,mmr_prepaint,3532,3468,0.98188,63,integer
data/raw/AACR GENIE Biopharma Collaborative Public/Data Releases/PANC/1.0-public/clinical_data/pathology_report_level_dataset.csv,mmr_result,3532,3451,0.977067,3,string
data/raw/AACR GENIE Biopharma Collaborative Public/Data Releases/PANC/1.0-public/clinical_data/pathology_report_level_dataset.csv,mmrp_det,3532,3465,0.981031,2,string
data/raw/AACR GENIE Biopharma Collaborative Public/Data Releases/PANC/1.0-public/clinical_data/pathology_report_level_dataset.csv,mmrd_det,3532,3525,0.998018,1,string
data/raw/AACR GENIE Biopharma Collaborative Public/Data Releases/PANC/1.0-public/clinical_data/pathology_report_level_dataset.csv,release_version,3532,0,0.0,1,string
data/raw/AACR GENIE Biopharma Collaborative Public/Data Releases/PANC/1.0-public/clinical_data/pathology_report_level_dataset.csv,<redacted_dynamic_sample_columns:295>,3532,0,0.0,,empty_or_unknown
data/raw/AACR GENIE Biopharma Collaborative Public/Data Releases/PANC/1.0-public/clinical_data/patient_level_dataset.csv,cohort,1109,0,0.0,1,string
data/raw/AACR GENIE Biopharma Collaborative Public/Data Releases/PANC/1.0-public/clinical_data/patient_level_dataset.csv,record_id,1109,0,0.0,1109,string
data/raw/AACR GENIE Biopharma Collaborative Public/Data Releases/PANC/1.0-public/clinical_data/patient_level_dataset.csv,institution,1109,0,0.0,4,string
data/raw/AACR GENIE Biopharma Collaborative Public/Data Releases/PANC/1.0-public/clinical_data/patient_level_dataset.csv,redacted,1109,0,0.0,1,boolean
data/raw/AACR GENIE Biopharma Collaborative Public/Data Releases/PANC/1.0-public/clinical_data/patient_level_dataset.csv,birth_year,1109,0,0.0,60,integer
data/raw/AACR GENIE Biopharma Collaborative Public/Data Releases/PANC/1.0-public/clinical_data/patient_level_dataset.csv,naaccr_ethnicity_code,1109,0,0.0,4,string
data/raw/AACR GENIE Biopharma Collaborative Public/Data Releases/PANC/1.0-public/clinical_data/patient_level_dataset.csv,naaccr_race_code_primary,1109,0,0.0,6,string
data/raw/AACR GENIE Biopharma Collaborative Public/Data Releases/PANC/1.0-public/clinical_data/patient_level_dataset.csv,naaccr_race_code_secondary,1109,1045,0.94229,1,string
data/raw/AACR GENIE Biopharma Collaborative Public/Data Releases/PANC/1.0-public/clinical_data/patient_level_dataset.csv,naaccr_race_code_tertiary,1109,1045,0.94229,1,string
data/raw/AACR GENIE Biopharma Collaborative Public/Data Releases/PANC/1.0-public/clinical_data/patient_level_dataset.csv,naaccr_sex_code,1109,0,0.0,2,string
data/raw/AACR GENIE Biopharma Collaborative Public/Data Releases/PANC/1.0-public/clinical_data/patient_level_dataset.csv,last_oncvisit_int,1109,35,0.03156,1033,integer
data/raw/AACR GENIE Biopharma Collaborative Public/Data Releases/PANC/1.0-public/clinical_data/patient_level_dataset.csv,last_alive_int,1109,0,0.0,1065,integer
data/raw/AACR GENIE Biopharma Collaborative Public/Data Releases/PANC/1.0-public/clinical_data/patient_level_dataset.csv,last_anyvisit_int,1109,122,0.110009,955,integer
data/raw/AACR GENIE Biopharma Collaborative Public/Data Releases/PANC/1.0-public/clinical_data/patient_level_dataset.csv,enroll_hospice_int,1109,853,0.769161,252,integer
data/raw/AACR GENIE Biopharma Collaborative Public/Data Releases/PANC/1.0-public/clinical_data/patient_level_dataset.csv,dob_lastalive_int,1109,0,0.0,1065,integer
data/raw/AACR GENIE Biopharma Collaborative Public/Data Releases/PANC/1.0-public/clinical_data/patient_level_dataset.csv,dob_lastalive_int_mos,1109,0,0.0,1065,float
data/raw/AACR GENIE Biopharma Collaborative Public/Data Releases/PANC/1.0-public/clinical_data/patient_level_dataset.csv,dob_lastalive_int_yrs,1109,0,0.0,1065,float
data/raw/AACR GENIE Biopharma Collaborative Public/Data Releases/PANC/1.0-public/clinical_data/patient_level_dataset.csv,age_last_fu_yrs,1109,0,0.0,57,integer
data/raw/AACR GENIE Biopharma Collaborative Public/Data Releases/PANC/1.0-public/clinical_data/patient_level_dataset.csv,hybrid_death_int,1109,230,0.207394,847,integer
data/raw/AACR GENIE Biopharma Collaborative Public/Data Releases/PANC/1.0-public/clinical_data/patient_level_dataset.csv,age_death_yrs,1109,230,0.207394,55,integer
data/raw/AACR GENIE Biopharma Collaborative Public/Data Releases/PANC/1.0-public/clinical_data/patient_level_dataset.csv,hybrid_death_source,1109,232,0.209197,4,string
data/raw/AACR GENIE Biopharma Collaborative Public/Data Releases/PANC/1.0-public/clinical_data/patient_level_dataset.csv,n_cancers,1109,0,0.0,5,mixed_integer
data/raw/AACR GENIE Biopharma Collaborative Public/Data Releases/PANC/1.0-public/clinical_data/patient_level_dataset.csv,n_cancers_index,1109,0,0.0,2,mixed_integer
data/raw/AACR GENIE Biopharma Collaborative Public/Data Releases/PANC/1.0-public/clinical_data/patient_level_dataset.csv,n_regimens_pt,1109,0,0.0,14,mixed_integer
data/raw/AACR GENIE Biopharma Collaborative Public/Data Releases/PANC/1.0-public/clinical_data/patient_level_dataset.csv,n_imaging_reports_pt,1109,0,0.0,63,mixed_integer
data/raw/AACR GENIE Biopharma Collaborative Public/Data Releases/PANC/1.0-public/clinical_data/patient_level_dataset.csv,n_scans_ct_pt,1109,0,0.0,53,mixed_integer
data/raw/AACR GENIE Biopharma Collaborative Public/Data Releases/PANC/1.0-public/clinical_data/patient_level_dataset.csv,n_scans_mri_pt,1109,0,0.0,23,mixed_integer
data/raw/AACR GENIE Biopharma Collaborative Public/Data Releases/PANC/1.0-public/clinical_data/patient_level_dataset.csv,n_scans_pet_ct_pt,1109,0,0.0,12,mixed_integer
data/raw/AACR GENIE Biopharma Collaborative Public/Data Releases/PANC/1.0-public/clinical_data/patient_level_dataset.csv,n_scans_mammog_pt,1109,0,0.0,5,mixed_integer
data/raw/AACR GENIE Biopharma Collaborative Public/Data Releases/PANC/1.0-public/clinical_data/patient_level_dataset.csv,n_scans_bone_pt,1109,0,0.0,4,mixed_integer
data/raw/AACR GENIE Biopharma Collaborative Public/Data Releases/PANC/1.0-public/clinical_data/patient_level_dataset.csv,n_scans_other_pt,1109,0,0.0,4,mixed_integer
data/raw/AACR GENIE Biopharma Collaborative Public/Data Releases/PANC/1.0-public/clinical_data/patient_level_dataset.csv,n_path_reports_pt,1109,0,0.0,18,mixed_integer
data/raw/AACR GENIE Biopharma Collaborative Public/Data Releases/PANC/1.0-public/clinical_data/patient_level_dataset.csv,n_md_notes_pt,1109,0,0.0,66,mixed_integer
data/raw/AACR GENIE Biopharma Collaborative Public/Data Releases/PANC/1.0-public/clinical_data/patient_level_dataset.csv,n_tm_pt,1109,0,0.0,91,mixed_integer
data/raw/AACR GENIE Biopharma Collaborative Public/Data Releases/PANC/1.0-public/clinical_data/patient_level_dataset.csv,n_tm_afp_pt,1109,0,0.0,1,boolean
data/raw/AACR GENIE Biopharma Collaborative Public/Data Releases/PANC/1.0-public/clinical_data/patient_level_dataset.csv,n_tm_bh_cg_pt,1109,0,0.0,1,boolean
data/raw/AACR GENIE Biopharma Collaborative Public/Data Releases/PANC/1.0-public/clinical_data/patient_level_dataset.csv,n_tm_ca125_pt,1109,0,0.0,1,boolean
data/raw/AACR GENIE Biopharma Collaborative Public/Data Releases/PANC/1.0-public/clinical_data/patient_level_dataset.csv,n_tm_ca15_3_pt,1109,0,0.0,1,boolean
data/raw/AACR GENIE Biopharma Collaborative Public/Data Releases/PANC/1.0-public/clinical_data/patient_level_dataset.csv,n_tm_ca19_9_pt,1109,0,0.0,72,mixed_integer
data/raw/AACR GENIE Biopharma Collaborative Public/Data Releases/PANC/1.0-public/clinical_data/patient_level_dataset.csv,n_tm_ca2729_pt,1109,0,0.0,1,boolean
data/raw/AACR GENIE Biopharma Collaborative Public/Data Releases/PANC/1.0-public/clinical_data/patient_level_dataset.csv,n_tm_calcitonin_pt,1109,0,0.0,1,boolean
data/raw/AACR GENIE Biopharma Collaborative Public/Data Releases/PANC/1.0-public/clinical_data/patient_level_dataset.csv,n_tm_cea_pt,1109,0,0.0,51,mixed_integer
data/raw/AACR GENIE Biopharma Collaborative Public/Data Releases/PANC/1.0-public/clinical_data/patient_level_dataset.csv,n_tm_chromogranin_a_pt,1109,0,0.0,1,boolean
data/raw/AACR GENIE Biopharma Collaborative Public/Data Releases/PANC/1.0-public/clinical_data/patient_level_dataset.csv,n_tm_ldh_pt,1109,0,0.0,1,boolean
data/raw/AACR GENIE Biopharma Collaborative Public/Data Releases/PANC/1.0-public/clinical_data/patient_level_dataset.csv,n_tm_psa_pt,1109,0,0.0,1,boolean
data/raw/AACR GENIE Biopharma Collaborative Public/Data Releases/PANC/1.0-public/clinical_data/patient_level_dataset.csv,n_tm_nse_pt,1109,0,0.0,1,boolean
data/raw/AACR GENIE Biopharma Collaborative Public/Data Releases/PANC/1.0-public/clinical_data/patient_level_dataset.csv,n_tm_testosterone_pt,1109,0,0.0,1,boolean
data/raw/AACR GENIE Biopharma Collaborative Public/Data Releases/PANC/1.0-public/clinical_data/patient_level_dataset.csv,n_tm_thyroglobulin_pt,1109,0,0.0,1,boolean
data/raw/AACR GENIE Biopharma Collaborative Public/Data Releases/PANC/1.0-public/clinical_data/patient_level_dataset.csv,n_cpt_pt,1109,0,0.0,3,mixed_integer
data/raw/AACR GENIE Biopharma Collaborative Public/Data Releases/PANC/1.0-public/clinical_data/patient_level_dataset.csv,n_rt_pt,1109,0,0.0,8,mixed_integer
data/raw/AACR GENIE Biopharma Collaborative Public/Data Releases/PANC/1.0-public/clinical_data/patient_level_dataset.csv,release_version,1109,0,0.0,1,string
data/raw/AACR GENIE Biopharma Collaborative Public/Data Releases/PANC/1.0-public/clinical_data/regimen_cancer_level_dataset.csv,cohort,3153,0,0.0,1,string
data/raw/AACR GENIE Biopharma Collaborative Public/Data Releases/PANC/1.0-public/clinical_data/regimen_cancer_level_dataset.csv,record_id,3153,0,0.0,1037,string
data/raw/AACR GENIE Biopharma Collaborative Public/Data Releases/PANC/1.0-public/clinical_data/regimen_cancer_level_dataset.csv,institution,3153,0,0.0,4,string
data/raw/AACR GENIE Biopharma Collaborative Public/Data Releases/PANC/1.0-public/clinical_data/regimen_cancer_level_dataset.csv,ca_seq,3153,0,0.0,5,mixed_integer
data/raw/AACR GENIE Biopharma Collaborative Public/Data Releases/PANC/1.0-public/clinical_data/regimen_cancer_level_dataset.csv,regimen_number,3153,0,0.0,15,mixed_integer
data/raw/AACR GENIE Biopharma Collaborative Public/Data Releases/PANC/1.0-public/clinical_data/regimen_cancer_level_dataset.csv,regimen_number_within_cancer,3153,0,0.0,15,mixed_integer
data/raw/AACR GENIE Biopharma Collaborative Public/Data Releases/PANC/1.0-public/clinical_data/regimen_cancer_level_dataset.csv,redcap_ca_index,3153,0,0.0,2,boolean
data/raw/AACR GENIE Biopharma Collaborative Public/Data Releases/PANC/1.0-public/clinical_data/regimen_cancer_level_dataset.csv,drugs_num,3153,0,0.0,5,mixed_integer
data/raw/AACR GENIE Biopharma Collaborative Public/Data Releases/PANC/1.0-public/clinical_data/regimen_cancer_level_dataset.csv,drugs_inst,3153,0,0.0,3,string
data/raw/AACR GENIE Biopharma Collaborative Public/Data Releases/PANC/1.0-public/clinical_data/regimen_cancer_level_dataset.csv,drugs_firstinst,3153,3083,0.977799,2,string
data/raw/AACR GENIE Biopharma Collaborative Public/Data Releases/PANC/1.0-public/clinical_data/regimen_cancer_level_dataset.csv,drugs_ct_yn,3153,0,0.0,2,boolean
data/raw/AACR GENIE Biopharma Collaborative Public/Data Releases/PANC/1.0-public/clinical_data/regimen_cancer_level_dataset.csv,drugs_dc_ynu,3153,0,0.0,3,mixed_string
data/raw/AACR GENIE Biopharma Collaborative Public/Data Releases/PANC/1.0-public/clinical_data/regimen_cancer_level_dataset.csv,regimen_drugs,3153,0,0.0,188,string
data/raw/AACR GENIE Biopharma Collaborative Public/Data Releases/PANC/1.0-public/clinical_data/regimen_cancer_level_dataset.csv,drugs_drug_1,3153,0,0.0,70,string
data/raw/AACR GENIE Biopharma Collaborative Public/Data Releases/PANC/1.0-public/clinical_data/regimen_cancer_level_dataset.csv,drugs_drug_2,3153,781,0.247701,50,string
data/raw/AACR GENIE Biopharma Collaborative Public/Data Releases/PANC/1.0-public/clinical_data/regimen_cancer_level_dataset.csv,drugs_drug_3,3153,1862,0.590549,23,string
data/raw/AACR GENIE Biopharma Collaborative Public/Data Releases/PANC/1.0-public/clinical_data/regimen_cancer_level_dataset.csv,drugs_drug_4,3153,2389,0.757691,17,string
data/raw/AACR GENIE Biopharma Collaborative Public/Data Releases/PANC/1.0-public/clinical_data/regimen_cancer_level_dataset.csv,drugs_drug_5,3153,3147,0.998097,5,string
data/raw/AACR GENIE Biopharma Collaborative Public/Data Releases/PANC/1.0-public/clinical_data/regimen_cancer_level_dataset.csv,drugs_startdt_int_1,3153,0,0.0,2808,integer
data/raw/AACR GENIE Biopharma Collaborative Public/Data Releases/PANC/1.0-public/clinical_data/regimen_cancer_level_dataset.csv,drugs_startdt_int_2,3153,781,0.247701,2158,integer
data/raw/AACR GENIE Biopharma Collaborative Public/Data Releases/PANC/1.0-public/clinical_data/regimen_cancer_level_dataset.csv,drugs_startdt_int_3,3153,1862,0.590549,1220,integer
data/raw/AACR GENIE Biopharma Collaborative Public/Data Releases/PANC/1.0-public/clinical_data/regimen_cancer_level_dataset.csv,drugs_startdt_int_4,3153,2389,0.757691,735,integer
data/raw/AACR GENIE Biopharma Collaborative Public/Data Releases/PANC/1.0-public/clinical_data/regimen_cancer_level_dataset.csv,drugs_startdt_int_5,3153,3147,0.998097,6,integer
data/raw/AACR GENIE Biopharma Collaborative Public/Data Releases/PANC/1.0-public/clinical_data/regimen_cancer_level_dataset.csv,dx_drug_start_int_1,3153,0,0.0,1149,mixed_integer
data/raw/AACR GENIE Biopharma Collaborative Public/Data Releases/PANC/1.0-public/clinical_data/regimen_cancer_level_dataset.csv,dx_drug_start_int_2,3153,781,0.247701,968,mixed_integer
data/raw/AACR GENIE Biopharma Collaborative Public/Data Releases/PANC/1.0-public/clinical_data/regimen_cancer_level_dataset.csv,dx_drug_start_int_3,3153,1862,0.590549,615,mixed_integer
data/raw/AACR GENIE Biopharma Collaborative Public/Data Releases/PANC/1.0-public/clinical_data/regimen_cancer_level_dataset.csv,dx_drug_start_int_4,3153,2389,0.757691,329,mixed_integer
data/raw/AACR GENIE Biopharma Collaborative Public/Data Releases/PANC/1.0-public/clinical_data/regimen_cancer_level_dataset.csv,dx_drug_start_int_5,3153,3147,0.998097,6,integer
data/raw/AACR GENIE Biopharma Collaborative Public/Data Releases/PANC/1.0-public/clinical_data/regimen_cancer_level_dataset.csv,dx_drug_start_int_mos_1,3153,0,0.0,1149,mixed_float
data/raw/AACR GENIE Biopharma Collaborative Public/Data Releases/PANC/1.0-public/clinical_data/regimen_cancer_level_dataset.csv,dx_drug_start_int_mos_2,3153,781,0.247701,968,mixed_float
data/raw/AACR GENIE Biopharma Collaborative Public/Data Releases/PANC/1.0-public/clinical_data/regimen_cancer_level_dataset.csv,dx_drug_start_int_mos_3,3153,1862,0.590549,615,mixed_float
data/raw/AACR GENIE Biopharma Collaborative Public/Data Releases/PANC/1.0-public/clinical_data/regimen_cancer_level_dataset.csv,dx_drug_start_int_mos_4,3153,2389,0.757691,329,mixed_float
data/raw/AACR GENIE Biopharma Collaborative Public/Data Releases/PANC/1.0-public/clinical_data/regimen_cancer_level_dataset.csv,dx_drug_start_int_mos_5,3153,3147,0.998097,6,float
data/raw/AACR GENIE Biopharma Collaborative Public/Data Releases/PANC/1.0-public/clinical_data/regimen_cancer_level_dataset.csv,dx_drug_end_int_1,3153,281,0.089121,1177,integer
data/raw/AACR GENIE Biopharma Collaborative Public/Data Releases/PANC/1.0-public/clinical_data/regimen_cancer_level_dataset.csv,dx_drug_end_int_2,3153,975,0.309229,1017,integer
data/raw/AACR GENIE Biopharma Collaborative Public/Data Releases/PANC/1.0-public/clinical_data/regimen_cancer_level_dataset.csv,dx_drug_end_int_3,3153,1974,0.62607,691,integer
data/raw/AACR GENIE Biopharma Collaborative Public/Data Releases/PANC/1.0-public/clinical_data/regimen_cancer_level_dataset.csv,dx_drug_end_int_4,3153,2427,0.769743,436,integer
data/raw/AACR GENIE Biopharma Collaborative Public/Data Releases/PANC/1.0-public/clinical_data/regimen_cancer_level_dataset.csv,dx_drug_end_int_5,3153,3151,0.999366,2,integer
data/raw/AACR GENIE Biopharma Collaborative Public/Data Releases/PANC/1.0-public/clinical_data/regimen_cancer_level_dataset.csv,dx_drug_end_int_mos_1,3153,281,0.089121,1177,float
data/raw/AACR GENIE Biopharma Collaborative Public/Data Releases/PANC/1.0-public/clinical_data/regimen_cancer_level_dataset.csv,dx_drug_end_int_mos_2,3153,975,0.309229,1017,float
data/raw/AACR GENIE Biopharma Collaborative Public/Data Releases/PANC/1.0-public/clinical_data/regimen_cancer_level_dataset.csv,dx_drug_end_int_mos_3,3153,1974,0.62607,691,float
data/raw/AACR GENIE Biopharma Collaborative Public/Data Releases/PANC/1.0-public/clinical_data/regimen_cancer_level_dataset.csv,dx_drug_end_int_mos_4,3153,2427,0.769743,436,float
data/raw/AACR GENIE Biopharma Collaborative Public/Data Releases/PANC/1.0-public/clinical_data/regimen_cancer_level_dataset.csv,dx_drug_end_int_mos_5,3153,3151,0.999366,2,float
data/raw/AACR GENIE Biopharma Collaborative Public/Data Releases/PANC/1.0-public/clinical_data/regimen_cancer_level_dataset.csv,dx_drug_end_or_lastadm_int_1,3153,172,0.054551,1221,integer
data/raw/AACR GENIE Biopharma Collaborative Public/Data Releases/PANC/1.0-public/clinical_data/regimen_cancer_level_dataset.csv,dx_drug_end_or_lastadm_int_2,3153,889,0.281954,1051,integer
data/raw/AACR GENIE Biopharma Collaborative Public/Data Releases/PANC/1.0-public/clinical_data/regimen_cancer_level_dataset.csv,dx_drug_end_or_lastadm_int_3,3153,1926,0.610847,711,integer
data/raw/AACR GENIE Biopharma Collaborative Public/Data Releases/PANC/1.0-public/clinical_data/regimen_cancer_level_dataset.csv,dx_drug_end_or_lastadm_int_4,3153,2400,0.76118,450,integer
data/raw/AACR GENIE Biopharma Collaborative Public/Data Releases/PANC/1.0-public/clinical_data/regimen_cancer_level_dataset.csv,dx_drug_end_or_lastadm_int_5,3153,3149,0.998731,4,integer
data/raw/AACR GENIE Biopharma Collaborative Public/Data Releases/PANC/1.0-public/clinical_data/regimen_cancer_level_dataset.csv,dx_reg_start_int,3153,0,0.0,1145,mixed_integer
data/raw/AACR GENIE Biopharma Collaborative Public/Data Releases/PANC/1.0-public/clinical_data/regimen_cancer_level_dataset.csv,dx_reg_start_int_mos,3153,0,0.0,1145,mixed_float
data/raw/AACR GENIE Biopharma Collaborative Public/Data Releases/PANC/1.0-public/clinical_data/regimen_cancer_level_dataset.csv,dx_reg_start_int_yrs,3153,0,0.0,1145,mixed_float
data/raw/AACR GENIE Biopharma Collaborative Public/Data Releases/PANC/1.0-public/clinical_data/regimen_cancer_level_dataset.csv,dx_reg_end_any_int,3153,361,0.114494,1157,integer
data/raw/AACR GENIE Biopharma Collaborative Public/Data Releases/PANC/1.0-public/clinical_data/regimen_cancer_level_dataset.csv,dx_reg_end_any_int_mos,3153,361,0.114494,1157,float
data/raw/AACR GENIE Biopharma Collaborative Public/Data Releases/PANC/1.0-public/clinical_data/regimen_cancer_level_dataset.csv,dx_reg_end_any_int_yrs,3153,361,0.114494,1157,float
data/raw/AACR GENIE Biopharma Collaborative Public/Data Releases/PANC/1.0-public/clinical_data/regimen_cancer_level_dataset.csv,dx_reg_end_all_int,3153,361,0.114494,1170,integer
data/raw/AACR GENIE Biopharma Collaborative Public/Data Releases/PANC/1.0-public/clinical_data/regimen_cancer_level_dataset.csv,dx_reg_end_all_int_mos,3153,361,0.114494,1170,float
data/raw/AACR GENIE Biopharma Collaborative Public/Data Releases/PANC/1.0-public/clinical_data/regimen_cancer_level_dataset.csv,dx_reg_end_all_int_yrs,3153,361,0.114494,1170,float
data/raw/AACR GENIE Biopharma Collaborative Public/Data Releases/PANC/1.0-public/clinical_data/regimen_cancer_level_dataset.csv,os_d_status,3153,0,0.0,2,boolean
data/raw/AACR GENIE Biopharma Collaborative Public/Data Releases/PANC/1.0-public/clinical_data/regimen_cancer_level_dataset.csv,tt_os_d1_days,3153,0,0.0,1397,integer
data/raw/AACR GENIE Biopharma Collaborative Public/Data Releases/PANC/1.0-public/clinical_data/regimen_cancer_level_dataset.csv,tt_os_d2_days,3153,781,0.247701,1092,integer
data/raw/AACR GENIE Biopharma Collaborative Public/Data Releases/PANC/1.0-public/clinical_data/regimen_cancer_level_dataset.csv,tt_os_d3_days,3153,1862,0.590549,807,integer
data/raw/AACR GENIE Biopharma Collaborative Public/Data Releases/PANC/1.0-public/clinical_data/regimen_cancer_level_dataset.csv,tt_os_d4_days,3153,2389,0.757691,582,integer
data/raw/AACR GENIE Biopharma Collaborative Public/Data Releases/PANC/1.0-public/clinical_data/regimen_cancer_level_dataset.csv,tt_os_d5_days,3153,3147,0.998097,6,integer
data/raw/AACR GENIE Biopharma Collaborative Public/Data Releases/PANC/1.0-public/clinical_data/regimen_cancer_level_dataset.csv,tt_os_d1_mos,3153,0,0.0,1397,float
data/raw/AACR GENIE Biopharma Collaborative Public/Data Releases/PANC/1.0-public/clinical_data/regimen_cancer_level_dataset.csv,tt_os_d2_mos,3153,781,0.247701,1092,float
data/raw/AACR GENIE Biopharma Collaborative Public/Data Releases/PANC/1.0-public/clinical_data/regimen_cancer_level_dataset.csv,tt_os_d3_mos,3153,1862,0.590549,807,float
data/raw/AACR GENIE Biopharma Collaborative Public/Data Releases/PANC/1.0-public/clinical_data/regimen_cancer_level_dataset.csv,tt_os_d4_mos,3153,2389,0.757691,582,float
data/raw/AACR GENIE Biopharma Collaborative Public/Data Releases/PANC/1.0-public/clinical_data/regimen_cancer_level_dataset.csv,tt_os_d5_mos,3153,3147,0.998097,6,float
data/raw/AACR GENIE Biopharma Collaborative Public/Data Releases/PANC/1.0-public/clinical_data/regimen_cancer_level_dataset.csv,tt_os_d1_yrs,3153,0,0.0,1397,float
data/raw/AACR GENIE Biopharma Collaborative Public/Data Releases/PANC/1.0-public/clinical_data/regimen_cancer_level_dataset.csv,tt_os_d2_yrs,3153,781,0.247701,1092,float
data/raw/AACR GENIE Biopharma Collaborative Public/Data Releases/PANC/1.0-public/clinical_data/regimen_cancer_level_dataset.csv,tt_os_d3_yrs,3153,1862,0.590549,807,float
data/raw/AACR GENIE Biopharma Collaborative Public/Data Releases/PANC/1.0-public/clinical_data/regimen_cancer_level_dataset.csv,tt_os_d4_yrs,3153,2389,0.757691,582,float
data/raw/AACR GENIE Biopharma Collaborative Public/Data Releases/PANC/1.0-public/clinical_data/regimen_cancer_level_dataset.csv,tt_os_d5_yrs,3153,3147,0.998097,6,float
data/raw/AACR GENIE Biopharma Collaborative Public/Data Releases/PANC/1.0-public/clinical_data/regimen_cancer_level_dataset.csv,os_g_status,3153,0,0.0,2,boolean
data/raw/AACR GENIE Biopharma Collaborative Public/Data Releases/PANC/1.0-public/clinical_data/regimen_cancer_level_dataset.csv,tt_os_g_days,3153,0,0.0,1393,integer
data/raw/AACR GENIE Biopharma Collaborative Public/Data Releases/PANC/1.0-public/clinical_data/regimen_cancer_level_dataset.csv,tt_os_g_mos,3153,0,0.0,1393,float
data/raw/AACR GENIE Biopharma Collaborative Public/Data Releases/PANC/1.0-public/clinical_data/regimen_cancer_level_dataset.csv,tt_os_g_yrs,3153,0,0.0,1393,float
data/raw/AACR GENIE Biopharma Collaborative Public/Data Releases/PANC/1.0-public/clinical_data/regimen_cancer_level_dataset.csv,pfs_i_g_status,3153,859,0.272439,2,boolean
data/raw/AACR GENIE Biopharma Collaborative Public/Data Releases/PANC/1.0-public/clinical_data/regimen_cancer_level_dataset.csv,tt_pfs_i_g_days,3153,859,0.272439,518,mixed_integer
data/raw/AACR GENIE Biopharma Collaborative Public/Data Releases/PANC/1.0-public/clinical_data/regimen_cancer_level_dataset.csv,tt_pfs_i_g_mos,3153,859,0.272439,518,mixed_float
data/raw/AACR GENIE Biopharma Collaborative Public/Data Releases/PANC/1.0-public/clinical_data/regimen_cancer_level_dataset.csv,tt_pfs_i_g_yrs,3153,859,0.272439,518,mixed_float
data/raw/AACR GENIE Biopharma Collaborative Public/Data Releases/PANC/1.0-public/clinical_data/regimen_cancer_level_dataset.csv,pfs_m_g_status,3153,859,0.272439,2,boolean
data/raw/AACR GENIE Biopharma Collaborative Public/Data Releases/PANC/1.0-public/clinical_data/regimen_cancer_level_dataset.csv,tt_pfs_m_g_days,3153,859,0.272439,546,mixed_integer
data/raw/AACR GENIE Biopharma Collaborative Public/Data Releases/PANC/1.0-public/clinical_data/regimen_cancer_level_dataset.csv,tt_pfs_m_g_mos,3153,859,0.272439,546,mixed_float
data/raw/AACR GENIE Biopharma Collaborative Public/Data Releases/PANC/1.0-public/clinical_data/regimen_cancer_level_dataset.csv,tt_pfs_m_g_yrs,3153,859,0.272439,546,mixed_float
data/raw/AACR GENIE Biopharma Collaborative Public/Data Releases/PANC/1.0-public/clinical_data/regimen_cancer_level_dataset.csv,pfs_i_or_m_g_status,3153,859,0.272439,2,boolean
data/raw/AACR GENIE Biopharma Collaborative Public/Data Releases/PANC/1.0-public/clinical_data/regimen_cancer_level_dataset.csv,tt_pfs_i_or_m_g_days,3153,859,0.272439,497,mixed_integer
data/raw/AACR GENIE Biopharma Collaborative Public/Data Releases/PANC/1.0-public/clinical_data/regimen_cancer_level_dataset.csv,tt_pfs_i_or_m_g_mos,3153,859,0.272439,497,mixed_float
data/raw/AACR GENIE Biopharma Collaborative Public/Data Releases/PANC/1.0-public/clinical_data/regimen_cancer_level_dataset.csv,tt_pfs_i_or_m_g_yrs,3153,859,0.272439,497,mixed_float
data/raw/AACR GENIE Biopharma Collaborative Public/Data Releases/PANC/1.0-public/clinical_data/regimen_cancer_level_dataset.csv,pfs_i_and_m_g_status,3153,859,0.272439,2,boolean
data/raw/AACR GENIE Biopharma Collaborative Public/Data Releases/PANC/1.0-public/clinical_data/regimen_cancer_level_dataset.csv,tt_pfs_i_and_m_g_days,3153,859,0.272439,560,mixed_integer
data/raw/AACR GENIE Biopharma Collaborative Public/Data Releases/PANC/1.0-public/clinical_data/regimen_cancer_level_dataset.csv,tt_pfs_i_and_m_g_mos,3153,859,0.272439,560,mixed_float
data/raw/AACR GENIE Biopharma Collaborative Public/Data Releases/PANC/1.0-public/clinical_data/regimen_cancer_level_dataset.csv,tt_pfs_i_and_m_g_yrs,3153,859,0.272439,560,mixed_float
data/raw/AACR GENIE Biopharma Collaborative Public/Data Releases/PANC/1.0-public/clinical_data/regimen_cancer_level_dataset.csv,ttnt_any_ca_status,3153,0,0.0,2,boolean
data/raw/AACR GENIE Biopharma Collaborative Public/Data Releases/PANC/1.0-public/clinical_data/regimen_cancer_level_dataset.csv,ttnt_any_ca_days,3153,0,0.0,842,mixed_integer
data/raw/AACR GENIE Biopharma Collaborative Public/Data Releases/PANC/1.0-public/clinical_data/regimen_cancer_level_dataset.csv,ttnt_any_ca_mos,3153,0,0.0,842,mixed_float
data/raw/AACR GENIE Biopharma Collaborative Public/Data Releases/PANC/1.0-public/clinical_data/regimen_cancer_level_dataset.csv,ttnt_any_ca_yrs,3153,0,0.0,842,mixed_float
data/raw/AACR GENIE Biopharma Collaborative Public/Data Releases/PANC/1.0-public/clinical_data/regimen_cancer_level_dataset.csv,ttnt_ca_seq_status,3153,0,0.0,2,boolean
data/raw/AACR GENIE Biopharma Collaborative Public/Data Releases/PANC/1.0-public/clinical_data/regimen_cancer_level_dataset.csv,ttnt_ca_seq_days,3153,0,0.0,868,mixed_integer
data/raw/AACR GENIE Biopharma Collaborative Public/Data Releases/PANC/1.0-public/clinical_data/regimen_cancer_level_dataset.csv,ttnt_ca_seq_mos,3153,0,0.0,868,mixed_float
data/raw/AACR GENIE Biopharma Collaborative Public/Data Releases/PANC/1.0-public/clinical_data/regimen_cancer_level_dataset.csv,ttnt_ca_seq_yrs,3153,0,0.0,868,mixed_float
data/raw/AACR GENIE Biopharma Collaborative Public/Data Releases/PANC/1.0-public/clinical_data/regimen_cancer_level_dataset.csv,release_version,3153,0,0.0,1,string
data/raw/AACR GENIE Biopharma Collaborative Public/Data Releases/PANC/1.0-public/clinical_data/tm_level_dataset.csv,cohort,17718,0,0.0,1,string
data/raw/AACR GENIE Biopharma Collaborative Public/Data Releases/PANC/1.0-public/clinical_data/tm_level_dataset.csv,record_id,17718,0,0.0,937,string
data/raw/AACR GENIE Biopharma Collaborative Public/Data Releases/PANC/1.0-public/clinical_data/tm_level_dataset.csv,institution,17718,0,0.0,4,string
data/raw/AACR GENIE Biopharma Collaborative Public/Data Releases/PANC/1.0-public/clinical_data/tm_level_dataset.csv,tm_number,17718,0,0.0,143,mixed_integer
data/raw/AACR GENIE Biopharma Collaborative Public/Data Releases/PANC/1.0-public/clinical_data/tm_level_dataset.csv,tm_spec_collect_int,17718,0,0.0,8556,integer
data/raw/AACR GENIE Biopharma Collaborative Public/Data Releases/PANC/1.0-public/clinical_data/tm_level_dataset.csv,dx_tm_days,17718,0,0.0,2394,mixed_integer
data/raw/AACR GENIE Biopharma Collaborative Public/Data Releases/PANC/1.0-public/clinical_data/tm_level_dataset.csv,dx_tm_mos,17718,0,0.0,2394,mixed_float
data/raw/AACR GENIE Biopharma Collaborative Public/Data Releases/PANC/1.0-public/clinical_data/tm_level_dataset.csv,dx_tm_yrs,17718,0,0.0,2394,mixed_float
data/raw/AACR GENIE Biopharma Collaborative Public/Data Releases/PANC/1.0-public/clinical_data/tm_level_dataset.csv,tm_type,17718,0,0.0,2,string
data/raw/AACR GENIE Biopharma Collaborative Public/Data Releases/PANC/1.0-public/clinical_data/tm_level_dataset.csv,tm_num_result,17718,0,0.0,4577,mixed_float
data/raw/AACR GENIE Biopharma Collaborative Public/Data Releases/PANC/1.0-public/clinical_data/tm_level_dataset.csv,tm_result_units,17718,2,0.000113,3,string
data/raw/AACR GENIE Biopharma Collaborative Public/Data Releases/PANC/1.0-public/clinical_data/tm_level_dataset.csv,tm_normal_range_lower,17718,1018,0.057456,4,mixed_float
data/raw/AACR GENIE Biopharma Collaborative Public/Data Releases/PANC/1.0-public/clinical_data/tm_level_dataset.csv,tm_normal_range_upper,17718,982,0.055424,16,float
data/raw/AACR GENIE Biopharma Collaborative Public/Data Releases/PANC/1.0-public/clinical_data/tm_level_dataset.csv,release_version,17718,0,0.0,1,string
data/raw/AACR GENIE Biopharma Collaborative Public/Data Releases/PANC/1.0-public/Documentation/GENIE BPC PANC v1.0-public Variable Synopsis.xlsx::Overview,"This spreadsheet provides an overview and synopsis of the GENIE BPC data. The data structure is complex and multi-level (e.g. some datasets are 1 record per patient, 1 record per diagnosis, 1 record per scan, etc.). Please see the detailed Analytic Data Guide PDF for a full and complete explanation of each variable, its definition and coding levels. The Analytic Data Guide will be provided in conjunction with full release of the data files. 

This spreadsheet is provided as a reference guide only and must be used in conjunction with the fully annotated Analytic Data Guide to ensure proper interpretation of variables for analysis.",15,14,0.933333,1,string
data/raw/AACR GENIE Biopharma Collaborative Public/Data Releases/PANC/1.0-public/Documentation/GENIE BPC PANC v1.0-public Variable Synopsis.xlsx::Variable Synopsis,Dataset,865,0,0.0,9,string
data/raw/AACR GENIE Biopharma Collaborative Public/Data Releases/PANC/1.0-public/Documentation/GENIE BPC PANC v1.0-public Variable Synopsis.xlsx::Variable Synopsis,Variable Name,865,0,0.0,827,string
data/raw/AACR GENIE Biopharma Collaborative Public/Data Releases/PANC/1.0-public/Documentation/GENIE BPC PANC v1.0-public Variable Synopsis.xlsx::Variable Synopsis,Field Label,865,51,0.05896,766,string
data/raw/AACR GENIE Biopharma Collaborative Public/Data Releases/PANC/1.0-public/Documentation/GENIE BPC PANC v1.0-public Variable Synopsis.xlsx::Variable Synopsis,Data Type,865,0,0.0,2,string
data/raw/AACR GENIE Biopharma Collaborative Public/Data Releases/PANC/1.0-public/Documentation/GENIE BPC PANC v1.0-public Variable Synopsis.xlsx::Variable Synopsis,Values,865,272,0.314451,218,string
data/raw/AACR GENIE Biopharma Collaborative Public/Data Releases/PANC/1.0-public/【变量描述表格】GENIE-BPC-PANC-v1.0-public-Variable-Synopsis.xlsx::Overview,"This spreadsheet provides an overview and synopsis of the GENIE BPC data. The data structure is complex and multi-level (e.g. some datasets are 1 record per patient, 1 record per diagnosis, 1 record per scan, etc.). Please see the detailed Analytic Data Guide PDF for a full and complete explanation of each variable, its definition and coding levels. The Analytic Data Guide will be provided in conjunction with full release of the data files. 

This spreadsheet is provided as a reference guide only and must be used in conjunction with the fully annotated Analytic Data Guide to ensure proper interpretation of variables for analysis.",15,14,0.933333,1,string
data/raw/AACR GENIE Biopharma Collaborative Public/Data Releases/PANC/1.0-public/【变量描述表格】GENIE-BPC-PANC-v1.0-public-Variable-Synopsis.xlsx::Variable Synopsis,Dataset,865,0,0.0,9,string
data/raw/AACR GENIE Biopharma Collaborative Public/Data Releases/PANC/1.0-public/【变量描述表格】GENIE-BPC-PANC-v1.0-public-Variable-Synopsis.xlsx::Variable Synopsis,Variable Name,865,0,0.0,827,string
data/raw/AACR GENIE Biopharma Collaborative Public/Data Releases/PANC/1.0-public/【变量描述表格】GENIE-BPC-PANC-v1.0-public-Variable-Synopsis.xlsx::Variable Synopsis,Field Label,865,51,0.05896,766,string
data/raw/AACR GENIE Biopharma Collaborative Public/Data Releases/PANC/1.0-public/【变量描述表格】GENIE-BPC-PANC-v1.0-public-Variable-Synopsis.xlsx::Variable Synopsis,Data Type,865,0,0.0,2,string
data/raw/AACR GENIE Biopharma Collaborative Public/Data Releases/PANC/1.0-public/【变量描述表格】GENIE-BPC-PANC-v1.0-public-Variable-Synopsis.xlsx::Variable Synopsis,Values,865,272,0.314451,218,string
data/raw/AACR GENIE Biopharma Collaborative Public/Data Releases/PANC/1.0-public/数据集内容概述_PANC.txt,key,22,0,0.0,22,string
data/raw/AACR GENIE Biopharma Collaborative Public/Data Releases/PANC/1.0-public/数据集内容概述_PANC.txt,value,22,11,0.5,11,string
